Q1,Q2,Q3,Q4,Q5,Q6,Q7,Q8,Q9,Q10,Q11,Q12,Q13,Q14,Q15,Q16,Q17,Q18,Q19,Q20,Q21,dep_sum,anx_sum,str_sum,Depression_Class,Anxiety_Class,Stress_Class
1,1,1,1,1,1,1,2,2,1,1,2,2,1,1,2,2,2,2,1,2,22,18,20,Severe,Severe,Moderate
3,2,3,1,3,3,3,3,3,3,3,3,3,3,1,3,3,2,1,2,3,42,26,40,Extremely Severe,Extremely Severe,Extremely Severe
3,2,2,1,2,3,2,1,3,3,3,1,3,3,0,2,3,2,2,3,3,36,26,32,Extremely Severe,Extremely Severe,Severe
2,0,2,2,2,2,0,1,2,1,2,2,1,3,1,2,2,0,1,2,1,22,16,24,Severe,Severe,Moderate
3,0,1,0,0,1,0,1,3,0,1,0,0,0,0,1,1,1,0,0,0,6,6,14,Normal,Normal,Normal
2,2,1,1,1,1,1,0,2,1,1,1,2,0,0,2,3,0,1,2,1,22,18,10,Severe,Severe,Normal
0,0,0,0,0,0,0,0,0,0,0,0,0,1,0,0,0,0,0,0,0,0,0,2,Normal,Normal,Normal
3,3,3,3,3,3,1,3,2,3,3,2,3,3,1,3,3,3,3,3,3,42,32,40,Extremely Severe,Extremely Severe,Extremely Severe
0,2,0,3,0,0,2,2,2,1,1,1,1,1,0,0,0,3,3,1,1,6,26,16,Normal,Extremely Severe,Mild
2,2,1,1,2,3,0,1,3,1,1,1,2,3,0,3,3,3,0,0,1,26,12,28,Severe,Moderate,Severe
1,0,0,0,1,0,0,1,2,0,1,1,1,1,0,1,1,1,0,0,0,8,4,12,Normal,Normal,Normal
1,2,0,0,3,3,0,3,3,1,2,2,2,3,0,1,0,2,0,1,0,14,12,32,Moderate,Moderate,Severe
2,1,0,2,0,0,1,2,1,0,0,0,0,3,1,0,0,2,3,0,1,2,18,18,Normal,Severe,Mild
3,0,2,3,2,1,2,1,2,2,2,1,2,3,1,3,3,1,3,1,3,34,24,24,Extremely Severe,Extremely Severe,Moderate
2,2,2,2,2,2,2,2,2,2,2,2,2,3,2,3,3,2,3,2,2,32,30,30,Extremely Severe,Extremely Severe,Severe
1,0,1,0,1,1,1,2,1,0,1,1,1,1,1,0,1,1,0,1,0,8,8,16,Normal,Mild,Mild
1,1,0,0,0,0,1,0,0,1,0,1,0,1,0,0,0,1,0,0,0,2,4,8,Normal,Normal,Normal
0,0,0,0,0,0,0,0,0,0,0,0,0,0,0,0,0,0,0,0,0,0,0,0,Normal,Normal,Normal
0,1,1,1,1,2,1,0,2,2,3,3,2,1,1,1,1,3,1,2,1,18,18,24,Moderate,Severe,Moderate
0,3,0,1,0,1,1,2,3,0,0,2,0,1,0,0,0,0,3,2,0,0,26,12,Normal,Extremely Severe,Normal
1,0,0,0,0,0,0,0,0,0,1,1,0,1,1,0,0,0,0,1,0,0,4,8,Normal,Normal,Normal
2,0,3,1,3,3,1,1,3,3,2,2,3,3,2,3,3,0,0,2,3,42,18,26,Extremely Severe,Severe,Severe
0,0,0,0,0,0,0,0,1,0,1,0,0,1,0,0,0,1,0,0,0,0,2,6,Normal,Normal,Normal
2,0,2,2,2,2,0,3,2,2,2,2,2,2,0,2,2,2,3,2,3,30,18,30,Extremely Severe,Severe,Severe
3,0,3,2,1,3,1,2,3,1,3,2,3,1,0,3,3,3,0,1,3,34,14,34,Extremely Severe,Moderate,Extremely Severe
3,3,3,3,3,3,3,3,3,3,3,3,3,0,3,3,3,2,3,3,3,42,42,34,Extremely Severe,Extremely Severe,Extremely Severe
3,2,0,1,3,2,2,2,1,1,2,2,3,2,0,1,2,1,1,1,1,22,16,28,Severe,Severe,Severe
1,0,1,1,1,1,0,1,2,2,1,2,2,2,0,2,2,2,0,2,2,24,10,20,Severe,Moderate,Moderate
3,2,2,2,3,2,3,3,2,3,3,2,2,3,2,3,3,2,2,2,2,36,30,36,Extremely Severe,Extremely Severe,Extremely Severe
1,0,2,2,1,0,3,1,3,1,3,1,2,3,1,1,0,1,1,1,1,16,22,20,Moderate,Extremely Severe,Moderate
3,3,2,3,3,3,3,3,3,2,3,3,3,2,3,3,3,3,2,3,3,38,40,40,Extremely Severe,Extremely Severe,Extremely Severe
0,1,0,1,0,0,0,1,0,0,1,0,0,2,1,0,0,0,1,0,0,0,8,8,Normal,Mild,Normal
2,1,2,3,1,1,1,1,3,2,2,2,2,3,2,2,1,3,3,2,2,24,30,28,Severe,Extremely Severe,Severe
3,0,0,3,3,3,1,1,3,1,3,0,3,3,0,0,3,1,3,0,0,20,20,28,Moderate,Extremely Severe,Severe
2,2,2,2,2,2,1,2,2,2,3,2,3,2,1,3,1,2,0,2,3,32,20,30,Extremely Severe,Extremely Severe,Severe
3,1,3,2,3,3,3,3,2,3,3,3,3,1,2,3,3,3,2,3,3,42,30,38,Extremely Severe,Extremely Severe,Extremely Severe
1,0,3,1,2,1,3,3,1,2,3,1,3,2,0,2,3,1,1,2,1,32,16,24,Extremely Severe,Severe,Moderate
1,0,1,1,2,3,2,1,3,2,3,2,2,2,2,2,0,2,1,0,1,20,18,28,Moderate,Severe,Severe
1,2,1,3,0,2,0,2,3,0,2,2,1,1,0,0,0,2,1,2,0,4,22,24,Normal,Extremely Severe,Moderate
3,1,2,2,3,3,2,3,3,2,3,2,3,3,1,3,3,2,1,2,3,38,24,38,Extremely Severe,Extremely Severe,Extremely Severe
1,1,0,0,0,0,0,0,0,0,0,0,1,1,0,0,0,0,0,0,0,2,2,4,Normal,Normal,Normal
2,0,3,2,3,2,1,2,2,3,2,3,3,2,0,2,3,2,0,3,3,40,16,30,Extremely Severe,Severe,Severe
3,2,3,2,3,3,1,3,2,3,3,1,3,0,1,3,3,3,1,3,3,42,24,32,Extremely Severe,Extremely Severe,Severe
1,0,0,0,1,3,0,1,1,0,1,2,0,2,0,0,0,2,0,1,0,2,4,24,Normal,Normal,Moderate
1,1,1,0,1,1,1,1,3,2,1,1,1,2,1,2,1,1,1,2,1,18,18,16,Moderate,Severe,Mild
3,0,3,2,3,2,3,2,3,3,3,3,3,3,1,3,3,1,0,2,3,42,22,34,Extremely Severe,Extremely Severe,Extremely Severe
1,0,1,1,0,2,1,0,0,1,1,1,0,2,0,1,1,1,0,0,1,10,4,16,Mild,Normal,Mild
2,1,2,0,2,3,1,3,3,1,3,3,3,3,2,2,1,2,0,2,2,26,18,38,Severe,Severe,Extremely Severe
0,0,3,1,3,2,0,3,3,2,3,2,3,3,3,3,0,2,0,3,3,34,20,30,Extremely Severe,Extremely Severe,Severe
1,2,0,0,0,1,0,1,1,0,0,1,1,2,0,0,0,2,0,1,0,2,8,16,Normal,Mild,Mild
1,2,0,0,0,1,0,1,2,1,1,1,2,3,0,1,1,1,0,1,0,10,10,18,Mild,Moderate,Mild
1,1,1,0,1,1,0,1,1,1,1,1,1,1,1,1,1,1,0,1,1,14,8,14,Moderate,Mild,Normal
3,0,1,0,1,3,0,1,3,1,3,2,3,1,0,1,3,0,0,2,1,22,10,26,Severe,Moderate,Severe
1,0,0,2,1,1,1,1,0,1,1,0,1,2,1,0,1,2,1,0,0,8,10,16,Normal,Moderate,Mild
2,2,0,1,2,2,1,2,2,1,3,1,2,1,1,1,1,2,2,1,1,16,20,26,Moderate,Extremely Severe,Severe
2,1,0,0,0,1,0,0,1,0,1,1,2,3,1,0,0,2,1,0,0,4,8,20,Normal,Mild,Moderate
1,0,0,0,1,1,0,0,0,0,1,1,1,1,0,0,1,2,0,0,0,6,0,14,Normal,Normal,Normal
1,2,1,2,2,2,0,1,1,0,2,1,2,1,0,1,0,1,0,0,0,12,10,18,Mild,Moderate,Mild
3,2,3,0,3,2,0,3,2,3,3,3,3,1,0,3,3,3,0,2,3,42,12,36,Extremely Severe,Moderate,Extremely Severe
2,3,3,3,3,3,3,3,3,3,2,3,3,3,3,3,3,3,3,2,3,42,40,38,Extremely Severe,Extremely Severe,Extremely Severe
1,0,1,0,1,2,0,2,1,2,2,2,1,1,1,1,2,2,0,0,2,20,4,24,Moderate,Normal,Moderate
1,2,0,0,0,0,0,0,1,0,0,0,0,1,0,0,0,2,0,0,0,0,6,8,Normal,Normal,Normal
2,0,1,0,1,1,0,1,1,1,2,1,2,1,0,2,2,0,0,1,1,20,4,16,Moderate,Normal,Mild
2,0,1,0,1,2,0,1,2,1,3,0,2,3,0,1,0,1,1,1,0,12,8,24,Mild,Mild,Moderate
2,2,1,2,1,2,2,2,1,0,2,2,2,2,2,2,1,0,2,2,1,16,26,24,Moderate,Extremely Severe,Moderate
1,3,0,2,0,2,1,0,2,0,1,0,0,3,0,0,1,2,0,0,0,2,16,18,Normal,Severe,Mild
0,1,0,0,0,1,0,0,1,0,1,0,0,0,0,0,0,0,0,0,0,0,4,4,Normal,Normal,Normal
0,0,0,1,0,0,0,0,1,0,0,0,0,0,0,0,0,0,0,0,0,0,4,0,Normal,Normal,Normal
1,2,1,1,1,1,0,1,2,1,1,1,1,3,1,1,2,3,0,1,1,16,14,22,Moderate,Moderate,Moderate
2,0,1,0,3,0,0,2,2,0,3,1,3,2,0,3,3,3,0,2,1,28,8,26,Extremely Severe,Mild,Severe
1,1,3,2,1,2,0,2,2,3,2,2,3,1,2,1,3,3,2,3,3,34,24,26,Extremely Severe,Extremely Severe,Severe
1,1,1,2,1,1,0,1,0,1,1,1,2,1,2,0,2,1,0,1,1,16,12,14,Moderate,Moderate,Normal
0,0,0,1,0,1,0,1,0,0,0,0,0,0,0,0,0,1,1,1,0,0,6,6,Normal,Normal,Normal
3,1,3,3,3,3,2,3,3,2,3,3,1,3,0,3,0,3,3,3,1,26,30,42,Severe,Extremely Severe,Extremely Severe
3,2,0,2,3,3,1,3,3,3,3,3,3,2,3,3,3,3,3,3,3,36,34,40,Extremely Severe,Extremely Severe,Extremely Severe
3,1,2,1,3,2,1,3,2,3,3,3,3,3,2,2,3,3,1,3,3,38,22,40,Extremely Severe,Extremely Severe,Extremely Severe
0,2,1,1,0,0,0,3,2,2,1,0,2,1,0,2,2,1,2,1,2,22,16,12,Severe,Severe,Normal
1,1,1,1,1,1,1,1,1,1,1,1,1,1,1,1,1,0,0,0,1,14,10,12,Moderate,Moderate,Normal
3,0,2,0,1,3,0,1,1,2,3,1,2,1,0,2,1,3,1,0,1,22,4,30,Severe,Normal,Severe
3,1,3,1,2,3,0,3,0,2,3,0,3,3,1,3,3,3,1,0,2,36,8,36,Extremely Severe,Mild,Extremely Severe
3,1,3,2,1,3,0,3,2,1,1,1,3,3,1,3,1,0,1,0,1,26,14,28,Severe,Moderate,Severe
1,1,2,1,1,1,1,1,3,1,1,2,2,1,3,1,1,0,3,1,2,20,26,14,Moderate,Extremely Severe,Normal
2,3,3,1,3,3,2,3,1,2,3,1,3,3,2,3,3,2,1,3,2,38,26,34,Extremely Severe,Extremely Severe,Extremely Severe
2,3,0,0,1,2,2,1,3,1,3,3,2,2,3,2,1,2,2,1,1,16,28,30,Moderate,Extremely Severe,Severe
0,1,0,1,1,1,0,1,1,0,1,1,0,1,0,1,0,1,0,0,0,4,6,12,Normal,Normal,Normal
3,1,2,1,2,2,1,3,2,2,2,3,3,3,1,2,2,1,2,1,2,30,18,34,Extremely Severe,Severe,Extremely Severe
0,0,0,0,0,1,0,1,1,0,0,2,0,1,0,0,0,1,0,0,0,0,2,12,Normal,Normal,Normal
1,0,0,0,1,0,0,1,1,0,1,1,0,0,2,0,1,0,1,0,0,4,8,8,Normal,Mild,Normal
1,0,1,2,1,1,1,1,1,1,1,1,1,1,0,1,1,0,1,1,1,14,12,12,Moderate,Moderate,Normal
2,0,1,0,1,2,0,1,2,2,3,1,3,2,1,1,2,1,0,1,1,22,8,24,Severe,Mild,Moderate
1,1,1,0,2,0,1,1,2,1,1,0,2,2,0,1,1,1,0,2,2,20,12,12,Moderate,Moderate,Normal
2,3,1,1,1,1,0,2,1,1,1,2,1,1,1,1,0,1,1,0,1,12,14,20,Mild,Moderate,Moderate
2,3,1,2,1,2,1,1,3,1,3,2,1,3,1,2,1,1,3,1,1,16,28,28,Moderate,Extremely Severe,Severe
3,1,3,2,2,2,1,2,3,3,3,3,3,1,3,2,3,2,0,2,3,38,24,32,Extremely Severe,Extremely Severe,Severe
1,0,0,0,1,1,0,0,1,0,0,0,0,1,0,1,0,0,1,0,0,4,4,6,Normal,Normal,Normal
0,0,0,0,0,0,0,0,0,0,0,1,0,0,0,0,0,0,0,0,0,0,0,2,Normal,Normal,Normal
3,3,2,1,1,2,3,2,2,2,3,2,3,3,3,3,3,3,2,3,2,32,34,36,Extremely Severe,Extremely Severe,Extremely Severe
1,1,2,0,2,1,1,2,1,1,1,2,1,1,1,1,0,2,1,1,2,18,12,20,Moderate,Moderate,Moderate
2,1,0,1,1,3,2,2,2,1,2,2,3,2,2,2,3,2,3,2,2,24,26,30,Severe,Extremely Severe,Severe
2,1,1,1,1,1,1,2,3,3,1,2,2,3,2,2,3,1,1,1,2,28,20,24,Extremely Severe,Extremely Severe,Moderate
2,2,2,2,2,3,1,1,3,2,2,2,2,2,1,2,2,2,1,3,3,30,26,28,Extremely Severe,Extremely Severe,Severe
2,3,1,2,2,3,3,1,3,2,3,2,2,3,1,2,1,3,1,2,0,20,30,34,Moderate,Extremely Severe,Extremely Severe
1,0,0,1,0,1,0,1,1,0,1,1,0,1,0,0,0,1,0,0,0,0,4,14,Normal,Normal,Normal
2,2,2,3,3,3,2,2,2,3,3,3,3,3,3,3,3,2,2,1,3,40,30,36,Extremely Severe,Extremely Severe,Extremely Severe
0,0,0,3,1,0,3,1,3,1,1,3,1,2,3,1,2,0,3,1,2,16,32,14,Moderate,Extremely Severe,Normal
1,0,2,0,2,2,1,2,2,2,3,1,2,2,1,2,1,2,2,1,1,24,14,26,Severe,Moderate,Severe
1,3,0,2,3,3,3,3,3,3,2,3,3,3,3,0,2,2,3,3,0,22,40,34,Severe,Extremely Severe,Extremely Severe
3,3,1,2,2,3,1,1,2,2,3,1,2,1,1,2,3,3,0,2,1,26,22,30,Severe,Extremely Severe,Severe
0,0,0,0,1,1,0,0,1,1,0,0,1,0,0,0,1,1,0,2,0,8,6,4,Normal,Normal,Normal
2,3,2,2,3,2,2,2,3,3,3,3,3,3,2,3,2,3,1,3,2,36,32,36,Extremely Severe,Extremely Severe,Extremely Severe
2,0,3,2,1,3,3,3,3,1,2,3,3,1,3,3,1,1,0,3,2,28,28,30,Extremely Severe,Extremely Severe,Severe
3,1,3,0,3,3,0,2,2,3,3,2,3,3,0,3,3,3,2,3,3,42,16,38,Extremely Severe,Severe,Extremely Severe
2,0,0,0,2,0,0,0,0,0,0,0,0,0,0,0,0,0,0,0,0,4,0,4,Normal,Normal,Normal
2,1,2,3,2,3,2,3,2,1,1,2,2,3,0,2,2,1,0,3,0,22,22,30,Severe,Extremely Severe,Severe
2,1,2,1,1,2,2,2,2,3,2,2,2,2,0,2,3,2,1,2,2,30,18,28,Extremely Severe,Severe,Severe
2,0,1,0,1,2,0,2,0,1,1,0,1,1,0,1,2,2,0,1,1,16,2,20,Moderate,Normal,Moderate
1,2,2,0,0,2,0,1,1,1,1,0,1,3,0,2,2,1,0,2,1,18,10,18,Moderate,Moderate,Mild
3,2,3,2,3,3,2,3,3,3,3,3,3,3,2,3,3,3,1,3,3,42,30,42,Extremely Severe,Extremely Severe,Extremely Severe
2,0,0,0,1,2,0,1,2,2,2,1,1,3,1,1,1,2,0,1,1,14,8,26,Moderate,Mild,Severe
1,3,1,0,1,1,1,1,3,1,1,0,2,3,0,1,0,1,0,0,0,12,14,16,Mild,Moderate,Mild
2,0,1,1,2,3,2,2,3,3,3,1,3,3,2,2,3,1,1,1,3,34,20,30,Extremely Severe,Extremely Severe,Severe
2,0,0,0,0,1,0,0,0,0,1,1,1,1,0,1,1,0,0,0,0,6,0,12,Normal,Normal,Normal
3,0,1,0,3,3,1,3,3,0,3,2,3,3,0,0,0,0,1,3,0,14,16,34,Moderate,Severe,Extremely Severe
3,1,2,3,3,3,3,3,3,3,2,1,3,1,1,1,1,3,3,2,1,28,32,32,Extremely Severe,Extremely Severe,Severe
3,2,2,2,3,3,2,3,3,3,3,3,3,2,3,2,2,3,3,3,3,36,36,40,Extremely Severe,Extremely Severe,Extremely Severe
3,0,3,3,3,3,1,3,2,3,3,2,3,3,2,3,3,3,0,1,3,42,18,40,Extremely Severe,Severe,Extremely Severe
1,0,0,0,0,1,0,0,2,0,2,0,0,3,0,0,0,0,2,1,0,0,10,14,Normal,Moderate,Normal
1,2,1,0,1,1,0,1,3,2,2,2,0,3,1,1,3,1,2,3,2,20,22,22,Moderate,Extremely Severe,Moderate
3,1,1,1,1,1,3,2,3,0,3,1,1,1,2,1,3,3,1,1,1,16,24,28,Moderate,Extremely Severe,Severe
2,2,1,1,2,1,1,1,2,3,2,1,2,1,1,2,3,2,1,1,1,28,18,20,Extremely Severe,Severe,Moderate
3,1,3,1,3,3,2,1,3,3,3,1,1,2,1,3,3,3,0,3,3,38,22,32,Extremely Severe,Extremely Severe,Severe
3,3,3,3,3,0,2,3,2,3,3,3,3,1,3,3,3,3,3,1,3,42,34,32,Extremely Severe,Extremely Severe,Severe
0,1,2,0,2,2,0,1,3,2,2,0,1,2,1,1,2,1,1,3,1,22,18,16,Severe,Severe,Mild
1,0,1,2,0,1,1,1,0,0,1,0,0,1,0,0,0,1,0,0,0,2,6,12,Normal,Normal,Normal
3,1,3,3,3,3,0,3,1,3,3,0,3,1,1,3,3,3,1,2,1,38,18,32,Extremely Severe,Severe,Severe
3,3,2,1,3,3,3,3,3,3,3,3,3,3,0,3,3,2,3,3,3,40,32,40,Extremely Severe,Extremely Severe,Extremely Severe
1,0,0,0,0,1,0,0,0,0,0,0,0,0,0,0,0,0,0,0,0,0,0,4,Normal,Normal,Normal
0,0,3,0,1,0,0,0,0,3,0,0,2,0,0,3,0,0,0,0,0,24,0,0,Severe,Normal,Normal
0,0,0,0,1,0,0,0,1,0,1,0,0,1,0,0,0,1,0,0,0,2,2,6,Normal,Normal,Normal
3,1,1,2,2,2,3,3,1,3,2,2,1,3,3,3,2,1,3,2,1,26,30,32,Severe,Extremely Severe,Severe
1,0,1,0,2,1,0,3,0,1,2,1,1,1,0,1,1,1,0,0,1,16,0,20,Moderate,Normal,Moderate
0,1,2,0,2,1,0,0,2,3,1,1,2,1,0,2,3,1,0,1,3,34,8,10,Extremely Severe,Mild,Normal
1,2,0,2,1,1,1,2,3,1,1,2,1,2,1,1,1,2,2,0,1,12,22,22,Mild,Extremely Severe,Moderate
3,0,0,0,2,2,1,2,2,0,2,1,1,2,1,1,2,2,0,0,1,14,8,28,Moderate,Mild,Severe
2,3,1,2,3,2,2,2,3,2,3,3,3,2,2,3,3,2,2,3,3,36,34,32,Extremely Severe,Extremely Severe,Severe
0,0,0,0,0,1,0,2,1,0,0,2,1,0,1,0,0,0,0,0,0,2,4,10,Normal,Normal,Normal
1,0,1,3,0,0,1,3,3,0,1,2,1,0,2,0,1,1,0,2,0,6,22,16,Normal,Extremely Severe,Mild
0,0,0,0,0,0,0,0,0,0,0,0,0,1,0,0,0,0,0,0,0,0,0,2,Normal,Normal,Normal
2,0,1,0,1,1,0,2,2,2,2,0,1,2,0,1,1,2,0,0,0,14,4,22,Moderate,Normal,Moderate
1,1,2,1,2,2,1,1,2,1,2,3,2,3,0,3,2,2,1,1,1,26,14,28,Severe,Moderate,Severe
1,1,1,1,1,2,1,1,1,1,1,1,1,1,1,1,1,1,1,1,1,14,14,16,Moderate,Moderate,Mild
1,0,0,1,0,1,1,0,1,0,0,1,1,3,0,0,1,3,1,0,0,4,8,18,Normal,Mild,Mild
2,2,1,1,3,3,1,0,2,2,2,1,3,2,0,2,3,0,1,2,2,32,18,20,Extremely Severe,Severe,Moderate
0,0,0,0,0,0,0,0,1,0,0,0,1,1,0,0,0,1,0,0,0,2,2,4,Normal,Normal,Normal
3,1,3,2,3,3,2,3,3,3,3,3,3,2,3,3,3,2,2,2,3,42,30,38,Extremely Severe,Extremely Severe,Extremely Severe
3,0,0,0,1,2,0,2,2,2,3,2,3,0,0,2,2,0,0,1,2,24,6,24,Severe,Normal,Moderate
0,0,0,0,0,0,0,0,0,1,0,0,0,1,0,0,0,0,0,0,0,2,0,2,Normal,Normal,Normal
2,1,1,1,1,1,0,1,2,1,1,1,2,3,0,1,1,2,0,2,1,16,12,22,Moderate,Moderate,Moderate
2,0,1,1,1,2,1,2,3,1,2,3,3,1,0,1,3,3,1,3,1,22,18,30,Severe,Severe,Severe
1,1,2,0,2,1,1,2,2,1,1,0,1,2,0,1,2,1,0,1,1,20,10,16,Moderate,Moderate,Mild
1,0,0,0,1,0,0,1,1,0,1,1,0,1,1,1,0,0,1,1,0,4,8,10,Normal,Mild,Normal
2,1,1,3,3,1,1,2,3,2,2,2,3,1,1,1,3,3,2,3,3,32,28,26,Extremely Severe,Extremely Severe,Severe
2,2,1,2,1,2,2,2,2,2,3,2,2,1,1,2,2,2,3,1,1,22,26,28,Severe,Extremely Severe,Severe
1,0,1,3,0,2,3,3,2,1,1,3,1,0,1,0,0,1,0,3,0,6,24,22,Normal,Extremely Severe,Moderate
2,1,0,0,1,0,0,0,1,1,2,0,1,2,0,0,1,1,0,1,1,10,6,14,Mild,Normal,Normal
1,1,1,0,1,0,0,0,1,2,0,1,1,2,0,3,1,1,2,0,1,20,8,10,Moderate,Mild,Normal
2,2,2,1,3,1,1,2,2,1,2,2,1,3,1,1,1,2,2,1,1,20,20,28,Moderate,Extremely Severe,Severe
3,2,3,1,3,2,0,3,2,2,3,2,2,3,0,3,2,3,0,1,2,34,12,38,Extremely Severe,Moderate,Extremely Severe
1,3,0,0,0,1,1,0,1,0,1,0,1,1,0,0,0,0,1,0,0,2,12,8,Normal,Moderate,Normal
1,1,0,0,2,0,0,0,0,2,2,0,1,3,0,3,2,1,0,1,1,22,4,14,Severe,Normal,Normal
2,1,0,2,3,2,1,1,1,1,1,2,2,1,0,1,3,0,2,2,2,24,18,18,Severe,Severe,Mild
3,3,3,3,3,3,3,3,3,3,3,3,3,3,3,3,3,3,3,3,3,42,42,42,Extremely Severe,Extremely Severe,Extremely Severe
2,0,1,3,3,3,2,3,2,0,2,3,2,1,1,1,1,1,1,1,0,16,20,30,Moderate,Extremely Severe,Severe
1,1,0,1,1,2,1,1,1,1,2,1,1,1,1,1,1,2,0,2,1,12,14,20,Mild,Moderate,Moderate
1,1,1,1,0,1,1,1,1,1,1,0,1,1,1,1,0,0,0,0,1,10,10,10,Mild,Moderate,Normal
2,2,1,2,1,1,1,2,1,2,2,2,1,2,1,2,2,2,2,1,1,20,20,26,Moderate,Extremely Severe,Severe
0,1,0,0,0,1,0,2,1,2,1,2,1,1,0,2,2,1,1,1,1,16,8,16,Moderate,Mild,Mild
1,3,3,3,2,1,0,1,3,3,2,0,3,1,1,2,3,0,3,1,3,38,28,12,Extremely Severe,Extremely Severe,Normal
1,0,1,1,1,1,1,1,1,2,2,1,1,2,0,1,3,0,0,1,2,22,8,16,Severe,Mild,Mild
0,0,1,0,3,0,0,0,2,1,0,0,2,0,0,3,1,2,0,1,0,22,6,4,Severe,Normal,Normal
3,1,3,1,3,3,2,3,3,3,3,0,2,3,1,3,2,3,0,3,2,36,22,36,Extremely Severe,Extremely Severe,Extremely Severe
0,3,0,1,0,2,1,1,1,0,2,1,0,1,1,0,0,1,0,0,0,0,14,16,Normal,Moderate,Mild
3,1,3,1,2,2,2,3,2,3,3,2,3,2,1,1,3,3,1,3,3,36,22,36,Extremely Severe,Extremely Severe,Extremely Severe
0,0,0,0,0,0,0,0,0,0,0,1,1,0,0,0,0,0,0,0,0,2,0,2,Normal,Normal,Normal
2,1,1,1,1,1,1,2,2,2,1,1,3,3,1,2,2,2,1,1,2,26,16,24,Severe,Severe,Moderate
1,1,2,0,0,3,0,3,1,0,2,3,2,2,2,0,2,2,0,3,0,12,14,32,Mild,Moderate,Severe
0,1,0,0,1,0,0,0,1,0,0,0,0,0,1,0,0,0,0,0,0,2,6,0,Normal,Normal,Normal
0,0,0,0,0,0,0,0,0,0,0,0,0,0,0,0,0,0,0,0,0,0,0,0,Normal,Normal,Normal
1,2,1,1,1,1,1,0,1,0,1,1,1,0,1,1,1,2,0,0,0,10,12,12,Mild,Moderate,Normal
1,1,0,2,1,1,1,1,1,0,2,1,1,3,0,0,1,2,0,0,0,6,10,22,Normal,Moderate,Moderate
0,0,1,2,0,1,0,1,1,0,2,2,1,1,1,0,0,1,2,0,0,4,12,16,Normal,Moderate,Mild
3,3,3,3,3,3,3,3,3,3,3,3,3,3,3,2,3,3,3,3,3,40,42,42,Extremely Severe,Extremely Severe,Extremely Severe
0,0,0,0,0,0,0,1,0,1,0,0,0,2,0,0,0,0,1,0,1,4,2,6,Normal,Normal,Normal
1,1,1,0,0,1,0,2,1,1,1,0,1,1,0,1,1,1,0,0,0,10,4,14,Mild,Normal,Normal
1,2,1,1,2,2,0,1,2,2,3,3,3,3,1,2,3,1,2,1,3,32,18,28,Extremely Severe,Severe,Severe
0,0,0,3,1,1,1,1,2,0,0,3,0,1,1,1,1,1,0,1,0,6,16,14,Normal,Severe,Normal
0,0,0,0,0,1,0,0,0,0,0,0,0,0,0,1,0,0,1,0,0,2,2,2,Normal,Normal,Normal
1,0,0,0,0,0,0,0,0,1,1,0,1,1,0,0,0,1,0,0,0,4,0,8,Normal,Normal,Normal
0,0,0,0,0,1,0,1,0,0,1,0,0,2,0,0,0,1,0,0,0,0,0,12,Normal,Normal,Normal
3,2,1,2,3,3,3,3,3,2,2,3,3,3,2,3,2,3,3,3,1,30,36,40,Extremely Severe,Extremely Severe,Extremely Severe
3,0,3,0,3,2,3,2,2,3,3,3,3,1,0,3,3,1,1,3,3,42,18,30,Extremely Severe,Severe,Severe
0,0,0,0,1,0,0,0,0,1,0,0,0,1,1,2,0,1,0,0,0,8,2,4,Normal,Normal,Normal
3,3,2,2,2,2,3,3,3,2,2,2,3,3,2,3,3,2,2,2,3,36,34,34,Extremely Severe,Extremely Severe,Extremely Severe
1,1,1,1,1,0,0,1,2,2,2,1,2,0,1,1,1,1,0,1,2,20,12,12,Moderate,Moderate,Normal
1,0,2,0,3,1,1,2,1,1,2,1,2,0,0,1,2,1,0,2,1,24,8,16,Severe,Mild,Mild
1,1,1,1,2,1,1,1,1,1,1,1,2,1,1,2,0,1,0,0,1,18,10,14,Moderate,Moderate,Normal
3,0,3,0,2,3,2,3,2,3,3,2,3,3,0,3,3,0,0,1,1,36,10,34,Extremely Severe,Moderate,Extremely Severe
0,1,0,0,0,1,1,1,0,0,0,0,0,2,0,0,0,0,0,0,0,0,4,8,Normal,Normal,Normal
3,2,3,3,2,3,3,2,3,3,3,3,3,3,1,3,3,3,3,3,3,40,36,40,Extremely Severe,Extremely Severe,Extremely Severe
2,3,3,3,3,3,3,2,3,3,3,3,3,3,3,3,3,3,3,3,3,42,42,38,Extremely Severe,Extremely Severe,Extremely Severe
1,0,1,0,2,1,0,3,1,2,1,1,1,0,0,2,3,1,0,2,2,26,6,16,Severe,Normal,Mild
3,3,3,2,2,2,3,2,2,1,2,2,2,3,3,3,2,2,0,2,3,32,30,32,Extremely Severe,Extremely Severe,Severe
0,0,0,0,1,0,0,1,0,0,0,0,1,0,0,1,1,0,0,0,1,10,0,2,Mild,Normal,Normal
1,2,2,2,1,2,3,1,1,2,2,3,1,2,3,2,2,3,1,2,1,22,28,28,Severe,Extremely Severe,Severe
1,1,1,2,1,1,1,1,0,1,2,2,2,0,0,1,1,1,0,1,2,18,10,16,Moderate,Moderate,Mild
0,3,3,2,3,0,0,1,1,3,0,1,3,1,0,3,3,1,2,2,0,36,20,8,Extremely Severe,Extremely Severe,Normal
1,2,0,0,0,0,0,0,0,0,0,0,0,1,0,0,0,0,0,1,0,0,6,4,Normal,Normal,Normal
3,2,0,3,1,2,0,0,3,1,3,2,3,1,0,3,3,3,0,1,1,24,18,28,Severe,Severe,Severe
1,0,0,0,2,1,0,1,0,1,1,0,1,1,1,1,0,0,0,0,1,12,2,10,Mild,Normal,Normal
3,1,3,1,3,2,1,3,2,3,3,2,3,3,3,3,3,1,1,1,3,42,20,34,Extremely Severe,Extremely Severe,Extremely Severe
0,0,1,1,2,1,3,2,3,0,2,1,3,1,2,3,2,2,1,2,1,24,24,18,Severe,Extremely Severe,Mild
3,3,3,3,3,3,3,3,3,3,3,3,3,1,1,3,3,3,3,3,3,42,38,38,Extremely Severe,Extremely Severe,Extremely Severe
0,0,0,0,2,0,0,0,0,0,0,0,3,0,0,0,3,0,0,0,0,16,0,0,Moderate,Normal,Normal
0,1,2,0,2,1,0,3,2,2,2,2,2,2,1,2,0,2,0,3,2,24,14,24,Severe,Moderate,Moderate
1,1,1,0,0,3,1,0,1,0,2,1,1,1,0,1,0,1,0,0,0,6,6,18,Normal,Normal,Mild
2,1,2,3,2,1,1,2,2,3,3,2,2,1,2,2,1,1,1,2,1,26,24,24,Severe,Extremely Severe,Moderate
3,0,1,0,1,3,0,1,1,2,3,1,3,3,0,2,3,1,0,2,2,28,6,30,Extremely Severe,Normal,Severe
1,0,0,0,0,0,0,1,1,0,0,0,0,1,0,0,0,1,0,0,0,0,2,8,Normal,Normal,Normal
1,1,2,1,1,2,1,2,2,3,2,2,2,1,1,1,3,1,1,2,2,28,18,22,Extremely Severe,Severe,Moderate
1,2,1,1,1,2,1,1,3,0,3,2,3,3,0,0,3,1,2,3,2,20,24,26,Moderate,Extremely Severe,Severe
2,0,1,1,0,1,0,3,2,2,1,3,1,2,0,2,2,2,0,1,0,16,8,28,Moderate,Mild,Severe
1,2,1,1,2,1,2,0,3,0,1,1,2,1,0,0,2,2,2,2,0,14,24,14,Moderate,Extremely Severe,Normal
0,0,0,0,2,0,0,1,0,3,0,0,1,0,0,1,0,0,0,0,0,14,0,2,Moderate,Normal,Normal
3,1,3,2,3,1,2,2,3,3,2,2,3,3,1,3,3,1,2,1,3,42,24,28,Extremely Severe,Extremely Severe,Severe
0,1,0,0,0,1,0,1,0,0,0,0,0,0,0,0,0,1,0,0,0,0,2,6,Normal,Normal,Normal
1,2,0,0,0,1,1,1,2,0,1,3,1,2,1,1,2,0,3,2,0,8,22,18,Normal,Extremely Severe,Mild
2,0,2,1,2,0,1,1,3,3,3,2,3,1,1,2,3,1,0,1,3,36,14,20,Extremely Severe,Moderate,Moderate
1,2,1,0,0,0,0,1,1,2,1,1,0,1,0,1,1,1,0,3,1,12,12,12,Mild,Moderate,Normal
1,0,1,3,0,2,2,1,2,3,2,1,2,0,0,1,1,1,0,3,1,18,20,16,Moderate,Extremely Severe,Mild
2,2,2,2,2,2,2,3,3,1,2,2,2,3,1,2,3,3,1,2,1,26,26,34,Severe,Extremely Severe,Extremely Severe
3,3,3,1,2,3,0,2,1,3,3,3,3,1,1,3,3,0,0,3,3,40,18,30,Extremely Severe,Severe,Severe
3,1,0,0,1,2,1,1,3,0,3,3,3,2,0,1,1,2,2,0,1,14,14,32,Moderate,Moderate,Severe
1,2,1,2,1,1,0,1,2,2,2,0,2,1,0,1,2,1,2,1,1,20,18,14,Moderate,Severe,Normal
3,3,3,3,3,3,3,3,3,3,3,3,2,3,2,3,3,3,1,3,3,40,36,42,Extremely Severe,Extremely Severe,Extremely Severe
2,2,0,1,1,2,2,2,2,1,1,2,2,0,1,1,3,0,0,2,1,18,20,18,Moderate,Extremely Severe,Mild
1,1,1,1,1,1,1,1,1,1,1,1,1,1,1,1,1,1,1,1,1,14,14,14,Moderate,Moderate,Normal
3,2,2,0,2,2,2,1,2,3,3,1,3,2,1,3,2,1,1,1,3,36,18,26,Extremely Severe,Severe,Severe
0,0,0,1,1,1,0,1,1,1,0,2,0,0,0,1,0,0,0,1,0,6,6,8,Normal,Normal,Normal
3,0,2,0,3,1,1,0,3,3,2,0,3,1,0,3,2,2,0,3,2,36,14,18,Extremely Severe,Moderate,Mild
1,2,3,0,3,1,0,2,0,3,1,0,3,0,0,3,2,2,0,1,1,36,6,14,Extremely Severe,Normal,Normal
1,1,0,0,2,1,0,0,1,0,1,2,1,1,1,1,0,0,1,1,0,8,10,12,Normal,Moderate,Normal
2,1,2,0,1,2,0,1,1,0,3,1,3,2,0,1,2,3,0,3,1,20,10,28,Moderate,Moderate,Severe
3,0,2,0,0,3,1,2,3,1,3,1,0,3,0,0,0,0,0,0,0,6,8,30,Normal,Mild,Severe
3,2,0,0,0,3,2,2,2,3,3,1,1,0,0,1,2,3,3,3,2,18,24,30,Moderate,Extremely Severe,Severe
3,0,2,1,3,3,2,3,3,2,3,3,3,3,0,3,3,1,0,3,3,38,18,38,Extremely Severe,Severe,Extremely Severe
0,1,0,0,0,0,0,0,1,0,0,0,1,0,2,1,0,0,1,0,0,4,10,0,Normal,Moderate,Normal
1,1,2,1,1,1,0,1,1,1,1,1,1,1,0,0,1,1,3,0,1,14,12,14,Moderate,Moderate,Normal
1,0,1,0,1,1,0,1,1,0,0,1,1,1,0,1,1,1,0,0,0,10,2,12,Mild,Normal,Normal
1,2,1,0,0,2,1,1,2,0,2,2,1,0,0,2,1,0,1,0,2,14,12,16,Moderate,Moderate,Mild
2,1,1,0,1,2,1,2,3,1,3,3,3,3,0,1,2,1,0,2,0,18,14,32,Moderate,Moderate,Severe
1,2,0,2,1,1,2,1,3,0,0,2,2,0,0,0,0,0,2,3,0,6,28,10,Normal,Extremely Severe,Normal
2,0,0,1,0,1,0,2,2,1,1,1,1,1,0,0,2,1,0,1,1,10,8,18,Mild,Mild,Mild
1,0,0,0,0,1,0,0,0,0,0,0,0,1,0,0,0,1,0,0,0,0,0,8,Normal,Normal,Normal
0,0,0,0,1,0,0,0,0,0,0,0,0,0,0,0,0,0,0,0,0,2,0,0,Normal,Normal,Normal
1,2,1,1,2,1,1,1,3,3,1,1,1,2,1,2,3,2,2,1,1,26,22,18,Severe,Extremely Severe,Mild
0,0,0,0,0,0,0,0,2,1,0,0,0,0,0,2,1,0,0,0,1,10,4,0,Mild,Normal,Normal
2,0,1,1,0,0,0,0,0,0,2,1,2,3,0,0,1,1,0,2,2,12,6,18,Mild,Normal,Mild
2,1,1,1,0,2,1,1,0,0,2,1,1,2,1,0,1,2,0,1,0,6,10,24,Normal,Moderate,Moderate
2,1,2,0,2,1,0,1,2,2,2,1,3,2,1,2,3,2,0,1,2,32,10,22,Extremely Severe,Moderate,Moderate
3,3,3,0,3,3,3,3,3,3,3,3,3,3,2,3,3,2,1,3,3,42,30,40,Extremely Severe,Extremely Severe,Extremely Severe
1,1,0,0,0,1,1,0,2,0,1,0,1,0,0,0,3,2,2,0,0,8,12,10,Normal,Moderate,Normal
0,0,1,0,1,0,0,1,3,1,0,0,1,0,0,1,1,0,0,2,2,16,10,2,Moderate,Moderate,Normal
1,2,1,1,1,1,0,1,2,1,1,1,2,0,0,1,1,1,0,2,1,16,14,12,Moderate,Moderate,Normal
1,0,0,0,0,1,0,0,1,0,1,0,1,1,0,0,0,1,0,0,0,2,2,10,Normal,Normal,Normal
0,0,1,0,0,1,0,1,1,0,1,1,1,1,0,1,0,0,0,0,0,6,2,10,Normal,Normal,Normal
2,0,1,2,1,3,1,1,1,0,3,2,2,3,0,1,1,1,1,2,1,14,14,30,Moderate,Moderate,Severe
2,1,0,0,0,1,0,0,0,0,1,0,0,0,0,0,1,2,0,0,0,2,2,12,Normal,Normal,Normal
0,1,0,0,0,0,0,0,0,0,0,0,0,0,1,0,0,0,0,0,0,0,4,0,Normal,Normal,Normal
1,2,0,1,1,0,1,0,1,0,1,1,1,0,1,1,2,1,1,2,2,14,18,8,Moderate,Severe,Normal
0,1,1,0,0,0,0,0,1,0,0,0,0,0,0,0,1,0,0,0,0,4,4,0,Normal,Normal,Normal
2,2,0,0,0,2,0,1,1,1,1,1,1,1,0,1,2,2,2,2,1,12,14,20,Mild,Moderate,Moderate
2,0,1,1,3,1,2,2,3,2,2,1,3,2,1,1,1,1,2,1,1,24,20,22,Severe,Extremely Severe,Moderate
3,3,3,1,3,2,1,3,3,3,3,3,2,3,3,3,3,1,2,3,3,40,32,36,Extremely Severe,Extremely Severe,Extremely Severe
0,3,0,3,1,3,3,1,0,0,3,1,3,3,0,3,2,3,3,3,0,18,30,28,Moderate,Extremely Severe,Severe
1,0,1,2,1,0,0,2,1,0,1,2,1,0,0,2,0,1,0,3,0,10,12,14,Mild,Moderate,Normal
2,0,1,0,1,3,0,3,3,1,2,1,1,3,1,3,1,1,0,1,1,18,10,30,Moderate,Moderate,Severe
0,0,0,0,0,1,0,0,1,0,0,0,1,0,0,0,1,0,0,0,0,4,2,2,Normal,Normal,Normal
2,1,2,2,2,1,3,2,3,3,3,3,3,2,0,2,2,3,1,2,3,34,24,32,Extremely Severe,Extremely Severe,Severe
1,1,1,0,1,1,0,0,0,1,1,1,1,1,0,0,1,0,0,0,0,10,2,10,Mild,Normal,Normal
1,0,1,0,1,1,0,1,0,0,0,2,1,1,1,1,0,0,1,1,2,12,6,12,Mild,Normal,Normal
1,0,0,0,3,1,0,0,0,3,2,0,0,0,0,3,0,1,0,0,2,22,0,10,Severe,Normal,Normal
1,3,1,0,0,0,0,0,0,0,0,0,3,3,1,1,1,0,2,2,1,14,16,8,Moderate,Severe,Normal
2,1,0,0,2,1,0,0,3,0,3,0,0,1,0,2,0,3,1,1,0,8,12,20,Normal,Moderate,Moderate
2,3,0,0,0,1,0,1,2,1,3,1,1,1,0,1,1,1,0,1,1,10,12,20,Mild,Moderate,Moderate
1,1,0,2,1,1,0,2,3,0,2,2,1,0,1,0,1,0,1,0,1,8,16,16,Normal,Severe,Mild
1,0,0,0,1,3,0,1,0,1,0,1,1,2,0,1,2,0,0,1,0,12,2,16,Mild,Normal,Mild
2,1,1,1,1,2,2,2,2,0,2,2,2,2,0,1,1,2,2,2,0,12,20,28,Mild,Extremely Severe,Severe
3,2,2,3,3,2,2,2,1,2,3,2,3,2,3,3,3,2,1,2,3,38,28,32,Extremely Severe,Extremely Severe,Severe
1,1,0,0,0,1,0,1,0,0,1,0,0,1,0,0,1,1,0,0,0,2,2,12,Normal,Normal,Normal
3,2,2,3,3,3,3,3,3,3,3,3,3,3,2,3,3,3,3,3,3,40,38,42,Extremely Severe,Extremely Severe,Extremely Severe
2,2,3,2,3,3,3,3,3,3,3,3,3,1,2,3,3,2,1,3,2,40,32,34,Extremely Severe,Extremely Severe,Extremely Severe
2,1,1,1,3,1,3,1,3,3,2,1,2,1,2,2,2,2,2,2,2,30,28,20,Extremely Severe,Extremely Severe,Moderate
3,2,0,3,3,3,3,3,3,3,3,2,3,2,3,3,2,1,3,3,0,28,40,34,Extremely Severe,Extremely Severe,Extremely Severe
2,0,1,3,2,1,1,2,2,1,3,1,3,2,2,2,3,3,1,2,3,30,22,28,Extremely Severe,Extremely Severe,Severe
3,3,2,1,2,3,0,3,3,3,3,3,2,3,1,3,1,3,2,0,1,28,20,42,Extremely Severe,Extremely Severe,Extremely Severe
2,2,2,3,1,0,3,3,3,3,2,3,3,3,2,1,3,3,0,2,3,32,30,32,Extremely Severe,Extremely Severe,Severe
0,1,1,0,1,3,0,1,3,3,3,2,3,3,1,0,3,1,3,1,0,22,18,26,Severe,Severe,Severe
2,1,1,2,1,2,2,2,1,2,2,2,2,1,1,2,2,2,1,1,2,24,18,26,Severe,Severe,Severe
1,0,1,2,2,2,2,1,3,0,1,2,3,0,1,1,3,2,2,2,1,22,24,18,Severe,Extremely Severe,Mild
0,1,0,0,2,2,1,0,3,0,1,0,1,0,0,0,2,1,3,0,0,10,16,8,Mild,Severe,Normal
1,0,2,0,3,1,0,3,1,2,2,0,3,1,0,3,3,1,1,1,3,38,6,18,Extremely Severe,Normal,Mild
0,0,3,2,3,0,3,3,3,3,1,0,3,0,2,3,3,0,0,3,3,42,26,8,Extremely Severe,Extremely Severe,Normal
3,3,1,2,2,3,3,2,1,2,3,2,2,3,1,2,3,2,0,3,3,30,26,36,Extremely Severe,Extremely Severe,Extremely Severe
2,2,2,0,0,0,2,1,2,0,3,2,3,0,1,1,1,1,2,1,0,14,20,18,Moderate,Extremely Severe,Mild
2,3,1,0,2,2,0,1,0,2,2,1,1,2,0,2,2,1,3,1,1,22,14,22,Severe,Moderate,Moderate
2,3,2,2,3,3,1,1,1,3,1,1,3,1,2,3,3,1,0,1,3,40,20,20,Extremely Severe,Extremely Severe,Moderate
0,0,0,1,0,1,0,0,0,0,0,0,0,1,0,0,0,0,0,0,0,0,2,4,Normal,Normal,Normal
2,2,1,1,2,2,1,2,1,0,2,2,1,2,1,1,1,2,1,1,0,12,16,28,Mild,Severe,Severe
1,1,1,0,2,1,1,1,2,1,1,1,2,1,0,1,1,1,1,2,0,16,14,14,Moderate,Moderate,Normal
1,0,0,1,0,0,1,0,0,0,1,1,0,1,0,0,0,1,1,0,0,0,6,10,Normal,Normal,Normal
0,0,0,0,2,0,0,2,1,0,0,0,1,1,0,1,0,1,0,0,0,8,2,8,Normal,Normal,Normal
2,3,3,2,3,3,1,1,3,3,2,3,2,1,1,3,3,3,0,2,2,38,24,30,Extremely Severe,Extremely Severe,Severe
3,3,2,3,3,3,3,3,3,2,3,1,3,2,3,3,1,3,3,3,1,30,42,36,Extremely Severe,Extremely Severe,Extremely Severe
1,0,0,1,1,0,0,1,3,0,1,1,3,0,1,0,0,2,0,0,0,8,10,12,Normal,Moderate,Normal
0,0,1,0,1,0,0,1,1,1,1,0,2,1,0,0,0,1,1,0,0,10,4,8,Mild,Normal,Normal
2,0,2,1,3,1,1,2,3,3,3,0,3,2,1,3,3,0,1,0,2,38,14,20,Extremely Severe,Moderate,Moderate
0,2,1,0,2,0,0,2,3,3,0,0,2,0,0,2,2,2,0,1,1,26,12,8,Severe,Moderate,Normal
3,3,1,1,3,2,2,2,3,2,3,3,3,2,3,2,3,1,1,3,1,30,32,32,Extremely Severe,Extremely Severe,Severe
3,2,1,1,3,1,0,3,3,3,3,2,3,2,3,3,3,2,1,3,3,38,26,32,Extremely Severe,Extremely Severe,Severe
0,0,0,0,0,1,0,1,0,0,0,0,0,2,0,0,0,2,0,0,0,0,0,12,Normal,Normal,Normal
2,1,2,1,3,2,0,3,1,2,2,3,3,1,0,1,1,3,1,2,1,26,12,32,Severe,Moderate,Severe
1,0,0,0,2,1,0,0,1,0,1,1,1,0,0,0,1,2,0,1,0,8,4,12,Normal,Normal,Normal
1,0,2,0,1,2,0,2,3,1,3,2,2,1,1,2,1,1,0,2,1,20,12,24,Moderate,Moderate,Moderate
3,1,3,2,1,3,1,2,1,1,2,1,2,1,1,3,3,1,2,2,2,30,20,26,Extremely Severe,Extremely Severe,Severe
3,3,3,0,3,0,3,0,3,0,3,0,3,3,3,3,3,0,3,3,3,36,36,18,Extremely Severe,Extremely Severe,Mild
3,2,2,2,3,3,1,2,3,3,3,1,2,1,0,3,2,0,2,0,2,34,20,26,Extremely Severe,Extremely Severe,Severe
2,1,2,2,2,2,1,2,2,2,2,2,2,1,1,2,2,1,1,3,2,28,22,24,Extremely Severe,Extremely Severe,Moderate
3,3,2,3,1,1,3,3,3,2,3,3,2,1,2,2,3,1,1,2,3,30,34,30,Extremely Severe,Extremely Severe,Severe
2,2,1,0,0,0,0,0,1,0,1,1,2,0,0,0,2,2,0,1,0,10,8,12,Mild,Mild,Normal
0,2,0,0,2,3,0,1,0,3,3,2,2,0,0,0,2,3,1,0,0,18,6,24,Moderate,Normal,Moderate
2,0,1,1,1,1,1,1,1,1,1,1,1,1,0,1,2,2,0,2,1,16,10,18,Moderate,Moderate,Mild
2,1,1,0,1,0,0,1,1,2,1,0,1,1,0,2,1,1,0,0,2,20,4,12,Moderate,Normal,Normal
1,3,1,1,1,1,3,1,2,3,2,3,3,1,1,3,1,2,3,3,1,26,32,22,Severe,Extremely Severe,Moderate
1,0,0,0,1,1,0,1,1,0,0,0,0,1,0,0,0,1,1,0,0,2,4,10,Normal,Normal,Normal
2,0,1,0,0,1,0,0,1,1,1,0,3,1,0,1,1,1,0,0,0,14,2,12,Moderate,Normal,Normal
2,2,2,1,3,3,2,1,2,2,2,2,2,2,2,3,3,2,2,1,2,34,24,28,Extremely Severe,Extremely Severe,Severe
2,1,2,1,1,3,0,1,0,2,3,0,0,0,2,3,2,1,0,1,0,20,10,20,Moderate,Moderate,Moderate
3,1,2,3,3,3,3,3,2,3,3,3,3,1,3,1,3,3,3,3,3,36,36,38,Extremely Severe,Extremely Severe,Extremely Severe
0,0,0,0,1,0,0,0,0,0,0,0,0,0,0,1,0,0,0,0,0,4,0,0,Normal,Normal,Normal
1,0,0,0,1,1,0,1,1,0,1,0,1,0,0,0,0,0,1,1,0,4,6,8,Normal,Normal,Normal
3,2,1,3,1,3,3,3,3,1,3,3,1,3,3,1,1,1,1,2,1,14,34,38,Moderate,Extremely Severe,Extremely Severe
3,2,1,2,0,0,2,3,2,0,3,2,1,0,1,0,0,0,2,2,0,4,26,22,Normal,Extremely Severe,Moderate
2,0,0,0,1,0,0,0,1,1,1,0,2,1,1,1,1,1,0,1,0,12,6,10,Mild,Normal,Normal
1,1,1,1,1,0,0,0,1,0,0,0,1,3,0,1,0,1,0,0,0,8,6,10,Normal,Normal,Normal
3,0,3,0,2,1,1,1,3,1,3,2,2,0,0,1,3,3,0,1,2,28,10,26,Extremely Severe,Moderate,Severe
3,0,1,0,3,3,1,3,1,1,3,3,2,3,3,1,3,3,3,0,1,24,16,42,Severe,Severe,Extremely Severe
1,2,1,1,1,1,1,3,2,2,2,2,2,1,1,2,2,1,2,1,3,26,20,22,Severe,Extremely Severe,Moderate
3,2,1,2,2,3,3,2,3,0,2,2,2,1,1,1,2,2,3,3,1,18,34,30,Moderate,Extremely Severe,Severe
1,0,1,0,0,0,1,0,3,0,0,0,1,0,0,0,0,0,0,0,0,4,8,2,Normal,Mild,Normal
0,0,1,0,1,0,0,1,1,1,1,0,1,1,0,0,1,1,0,0,1,12,2,8,Mild,Normal,Normal
1,1,1,0,2,1,0,3,0,2,1,0,2,1,0,1,2,2,0,1,3,26,4,18,Severe,Normal,Mild
3,2,1,2,1,1,1,2,3,2,1,2,2,2,1,1,2,2,3,3,2,22,30,26,Severe,Extremely Severe,Severe
1,0,0,0,1,0,0,0,1,1,0,0,2,0,0,2,1,1,0,0,1,16,2,4,Moderate,Normal,Normal
3,3,3,3,2,1,2,3,3,3,3,3,3,1,2,1,3,2,3,3,3,36,38,32,Extremely Severe,Extremely Severe,Severe
1,1,1,2,0,0,2,1,1,0,1,1,0,2,1,1,0,0,0,1,0,4,16,12,Normal,Severe,Normal
1,0,1,0,1,1,0,0,1,0,3,1,0,0,0,0,3,0,0,1,0,10,4,12,Mild,Normal,Normal
2,2,1,0,2,1,0,2,1,2,2,1,2,3,0,2,3,0,0,2,1,26,10,22,Severe,Moderate,Moderate
1,0,1,0,1,0,0,0,1,2,1,0,2,2,0,1,2,1,0,0,2,22,2,10,Severe,Normal,Normal
0,1,1,0,1,0,0,1,0,0,1,1,1,1,1,1,1,1,0,0,1,12,4,10,Mild,Normal,Normal
2,1,1,1,1,0,1,1,3,3,3,1,3,3,1,1,3,3,1,1,1,26,18,26,Severe,Severe,Severe
2,2,3,2,2,1,2,3,3,2,2,2,2,1,2,3,2,3,2,0,2,32,26,28,Extremely Severe,Extremely Severe,Severe
1,0,0,0,0,0,0,0,1,0,1,0,0,0,0,0,0,0,0,0,0,0,2,4,Normal,Normal,Normal
3,2,1,3,3,3,2,3,3,3,3,3,3,2,2,3,3,3,3,3,3,38,36,40,Extremely Severe,Extremely Severe,Extremely Severe
2,1,0,0,1,1,0,1,1,1,1,1,1,1,0,1,1,2,0,0,1,12,4,18,Mild,Normal,Mild
1,0,1,0,1,0,0,1,2,1,1,1,1,3,0,3,2,2,0,3,0,18,10,18,Moderate,Moderate,Mild
2,1,1,0,0,1,0,0,1,1,1,0,1,2,1,2,0,1,2,0,0,10,10,14,Mild,Moderate,Normal
2,0,1,3,0,3,3,3,3,3,2,3,1,1,3,0,2,1,0,3,1,16,30,30,Moderate,Extremely Severe,Severe
3,3,3,2,3,1,1,0,3,3,2,2,3,3,3,2,2,1,2,3,3,38,34,24,Extremely Severe,Extremely Severe,Moderate
0,0,0,1,1,1,0,0,1,1,1,0,2,0,0,0,1,1,1,2,3,16,10,6,Moderate,Moderate,Normal
0,2,0,1,0,1,2,1,1,2,1,2,2,1,2,1,2,1,0,1,1,16,18,14,Moderate,Severe,Normal
1,1,0,1,3,2,0,1,2,3,2,2,1,1,1,3,2,2,1,2,2,28,16,22,Extremely Severe,Severe,Moderate
1,0,1,0,2,0,0,1,2,2,1,1,2,0,0,2,2,0,0,0,2,26,4,8,Severe,Normal,Normal
3,2,1,1,2,3,2,2,1,3,3,3,3,2,1,3,3,3,2,1,3,36,20,38,Extremely Severe,Extremely Severe,Extremely Severe
3,0,1,0,0,0,1,1,0,0,2,1,1,0,0,1,1,2,1,1,0,8,6,18,Normal,Normal,Mild
1,1,1,0,1,0,0,0,1,0,1,0,1,1,0,0,1,2,0,0,0,8,4,10,Normal,Normal,Normal
1,1,2,1,1,1,0,2,3,2,2,3,1,1,0,1,1,1,2,1,2,20,16,22,Moderate,Severe,Moderate
3,3,2,1,3,1,2,1,3,2,2,1,3,1,0,1,3,1,2,3,3,34,28,20,Extremely Severe,Extremely Severe,Moderate
0,0,1,1,0,1,1,1,1,1,2,1,1,0,0,0,1,1,0,1,0,8,8,12,Normal,Mild,Normal
3,1,1,3,1,2,2,3,2,2,3,1,3,3,3,1,3,2,1,3,1,24,30,34,Severe,Extremely Severe,Extremely Severe
1,2,0,1,1,1,1,1,1,0,1,1,1,2,1,1,1,2,1,1,0,8,16,18,Normal,Severe,Mild
1,2,2,2,3,1,1,3,2,3,1,1,3,1,2,2,3,1,1,3,3,38,26,18,Extremely Severe,Extremely Severe,Mild
1,1,2,3,3,2,2,2,3,2,2,3,2,2,2,3,1,2,2,3,1,28,32,28,Extremely Severe,Extremely Severe,Severe
1,0,0,0,0,1,0,1,1,0,1,1,0,1,0,1,0,1,0,0,1,4,2,14,Normal,Normal,Normal
1,1,2,3,3,1,3,3,3,2,1,3,3,3,3,2,3,3,3,3,2,34,38,30,Extremely Severe,Extremely Severe,Severe
1,0,1,0,1,1,1,1,1,1,1,3,1,3,1,1,1,3,1,1,1,14,10,26,Moderate,Moderate,Severe
1,0,1,1,3,1,1,0,1,2,1,1,2,1,0,2,3,2,0,0,1,28,6,14,Extremely Severe,Normal,Normal
2,1,0,1,0,0,1,0,1,0,3,1,1,1,1,1,1,0,0,2,0,6,14,14,Normal,Moderate,Normal
0,0,0,0,1,1,0,0,0,0,0,0,0,0,0,0,0,1,0,0,0,2,0,4,Normal,Normal,Normal
1,1,1,2,1,1,1,1,2,1,1,1,0,3,0,2,2,2,1,0,1,16,14,20,Moderate,Moderate,Moderate
1,0,0,0,0,0,0,0,0,0,0,0,0,1,0,0,1,0,0,0,0,2,0,4,Normal,Normal,Normal
1,1,0,0,1,1,0,0,1,0,1,0,1,0,1,0,0,2,0,0,1,6,6,10,Normal,Normal,Normal
2,3,0,2,1,2,1,1,2,0,1,2,1,0,1,0,2,0,0,1,1,10,20,16,Mild,Extremely Severe,Mild
1,0,0,1,0,0,1,1,2,1,1,1,1,2,0,0,1,1,1,1,0,6,12,14,Normal,Moderate,Normal
3,2,3,1,3,2,1,3,2,2,3,2,3,3,0,3,3,3,1,2,3,40,18,38,Extremely Severe,Severe,Extremely Severe
3,1,3,1,0,0,2,2,2,3,3,2,3,3,3,3,3,2,3,0,3,36,24,30,Extremely Severe,Extremely Severe,Severe
3,3,1,0,1,1,0,1,1,1,3,1,1,0,1,3,0,3,0,1,0,14,12,24,Moderate,Moderate,Moderate
1,2,1,2,2,0,0,0,3,1,1,2,1,1,1,2,2,1,1,2,2,22,22,12,Severe,Extremely Severe,Normal
1,1,1,0,1,1,1,1,0,1,1,1,3,1,0,3,3,1,0,0,1,26,4,14,Severe,Normal,Normal
1,0,1,2,3,2,0,3,2,2,2,2,3,1,2,3,1,1,0,2,1,28,16,24,Extremely Severe,Severe,Moderate
0,1,1,1,0,1,1,1,1,1,1,1,1,1,1,1,1,1,1,1,1,12,14,12,Mild,Moderate,Normal
2,1,2,2,2,1,1,2,2,2,1,2,2,2,1,2,3,2,1,2,3,32,20,24,Extremely Severe,Extremely Severe,Moderate
3,2,0,0,3,3,1,1,3,0,3,1,1,3,0,0,0,3,0,1,0,8,14,34,Normal,Moderate,Extremely Severe
3,3,3,3,3,1,2,1,3,2,1,3,3,3,3,3,3,1,1,3,3,40,36,26,Extremely Severe,Extremely Severe,Severe
3,3,3,0,3,3,3,3,3,3,3,3,3,3,3,3,3,2,1,3,3,42,32,40,Extremely Severe,Extremely Severe,Extremely Severe
1,0,1,0,0,0,0,0,0,0,1,0,1,1,0,2,0,1,1,0,0,8,2,8,Normal,Normal,Normal
1,1,0,1,1,2,0,0,1,0,2,3,3,1,0,0,1,2,2,2,1,12,14,22,Mild,Moderate,Moderate
2,3,3,2,2,3,0,3,1,1,3,3,3,0,2,2,2,1,0,1,2,30,18,30,Extremely Severe,Severe,Severe
2,2,1,1,1,1,0,2,2,1,2,2,2,3,2,1,2,1,2,1,1,18,20,26,Moderate,Extremely Severe,Severe
3,3,3,2,3,3,2,3,3,3,3,3,3,2,1,3,1,3,0,1,3,38,24,40,Extremely Severe,Extremely Severe,Extremely Severe
1,0,1,1,1,0,0,0,2,2,1,0,2,0,1,0,1,1,0,2,0,14,12,6,Moderate,Moderate,Normal
1,0,1,0,2,2,1,1,3,1,1,2,2,1,0,0,2,2,0,1,1,18,10,20,Moderate,Moderate,Moderate
1,0,0,0,0,2,1,1,1,0,2,0,2,3,0,0,0,1,0,1,0,4,6,20,Normal,Normal,Moderate
1,0,1,2,2,2,0,3,1,1,2,2,2,1,0,1,0,2,0,0,0,14,6,26,Moderate,Normal,Severe
3,3,3,0,3,3,1,3,3,3,3,3,3,1,0,3,3,3,0,3,3,42,20,38,Extremely Severe,Extremely Severe,Extremely Severe
3,3,1,3,2,3,3,2,3,1,2,2,3,2,3,2,3,1,2,2,2,28,38,30,Extremely Severe,Extremely Severe,Severe
1,0,1,0,1,1,0,1,2,1,2,1,1,2,0,2,1,0,0,0,1,16,4,16,Moderate,Normal,Mild
1,1,3,1,3,1,2,3,1,1,1,3,3,1,0,2,3,3,3,3,2,34,22,26,Extremely Severe,Extremely Severe,Severe
2,2,1,2,1,0,2,2,2,2,1,3,2,1,1,3,2,1,2,3,2,26,28,20,Severe,Extremely Severe,Moderate
3,0,2,1,2,3,0,0,1,1,2,0,2,0,0,2,0,1,0,1,2,22,6,18,Severe,Normal,Mild
2,2,0,2,1,2,3,3,0,1,2,1,2,3,3,0,2,2,2,2,2,16,28,30,Moderate,Extremely Severe,Severe
3,1,1,1,2,3,3,3,3,3,3,3,3,3,3,3,3,2,0,3,3,36,28,40,Extremely Severe,Extremely Severe,Extremely Severe
1,1,2,1,0,0,2,2,0,2,1,1,1,1,0,1,1,1,0,0,1,16,8,14,Moderate,Mild,Normal
1,0,0,0,0,1,0,1,0,0,1,1,0,1,0,0,0,1,0,0,0,0,0,14,Normal,Normal,Normal
3,1,1,1,2,3,1,3,3,3,3,3,3,2,2,2,3,2,0,3,3,34,22,38,Extremely Severe,Extremely Severe,Extremely Severe
1,0,0,0,0,1,0,1,0,0,2,1,2,2,1,0,0,1,0,0,0,4,2,18,Normal,Normal,Mild
3,3,2,1,1,3,2,2,3,1,3,3,2,3,2,1,3,2,0,2,3,26,26,38,Severe,Extremely Severe,Extremely Severe
2,2,1,1,3,0,0,0,3,3,1,2,2,3,2,3,2,2,2,1,0,28,22,20,Extremely Severe,Extremely Severe,Moderate
1,2,2,1,3,1,0,1,3,1,2,3,1,0,2,2,0,1,0,2,1,20,20,18,Moderate,Extremely Severe,Mild
2,0,1,0,1,2,0,0,0,3,2,0,2,2,0,1,2,0,0,0,3,26,0,16,Severe,Normal,Mild
3,1,1,1,1,2,1,2,1,1,3,1,3,2,1,1,2,3,1,1,0,18,14,32,Moderate,Moderate,Severe
2,2,2,1,3,3,1,0,1,3,3,0,3,1,1,3,2,0,2,3,2,36,22,18,Extremely Severe,Extremely Severe,Mild
0,0,1,0,1,0,0,0,1,0,0,0,1,1,0,1,2,0,0,0,2,16,2,2,Moderate,Normal,Normal
1,1,0,0,1,1,0,0,1,0,1,1,1,0,0,0,1,1,0,0,0,6,4,10,Normal,Normal,Normal
2,2,1,1,1,1,2,2,2,1,1,1,1,1,1,1,1,1,1,1,1,14,20,18,Moderate,Extremely Severe,Mild
0,0,0,1,0,0,0,0,0,0,0,0,1,0,0,0,0,1,0,0,0,2,2,2,Normal,Normal,Normal
0,1,0,0,1,0,0,0,0,0,0,1,1,0,0,0,0,1,0,0,0,4,2,4,Normal,Normal,Normal
2,3,3,2,2,3,2,3,2,3,3,2,3,2,3,3,3,3,3,1,3,40,32,36,Extremely Severe,Extremely Severe,Extremely Severe
2,3,2,2,3,1,3,1,2,3,3,1,3,0,2,3,3,2,3,2,3,40,34,20,Extremely Severe,Extremely Severe,Moderate
2,3,2,1,1,3,2,2,1,2,3,1,1,3,1,1,2,3,1,2,3,24,22,34,Severe,Extremely Severe,Extremely Severe
0,2,0,2,0,1,2,3,3,0,1,3,0,0,3,1,0,0,2,3,0,2,34,16,Normal,Extremely Severe,Mild
1,2,0,0,1,1,0,1,1,0,1,0,0,1,0,1,1,0,0,1,0,6,8,10,Normal,Mild,Normal
1,2,2,1,1,2,1,1,1,3,2,1,3,2,0,1,2,2,0,3,1,26,16,22,Severe,Severe,Moderate
1,0,0,0,0,0,0,0,1,0,1,0,1,0,0,0,0,1,0,0,0,2,2,6,Normal,Normal,Normal
3,1,3,1,3,2,1,3,2,3,3,2,3,2,1,3,3,2,3,2,3,42,22,34,Extremely Severe,Extremely Severe,Extremely Severe
1,1,1,0,1,1,0,1,1,1,1,1,1,1,1,1,1,1,1,1,1,14,10,14,Moderate,Moderate,Normal
1,1,1,0,1,2,0,2,2,0,3,0,1,1,0,0,3,2,0,0,0,12,6,22,Mild,Normal,Moderate
1,1,1,1,1,1,0,1,1,1,1,1,1,1,0,0,0,1,0,0,0,8,6,14,Normal,Normal,Normal
0,0,0,0,0,0,0,0,0,0,0,0,0,0,0,0,0,0,0,0,0,0,0,0,Normal,Normal,Normal
3,0,3,2,3,3,1,3,1,3,2,2,3,3,3,2,3,2,0,3,2,38,20,36,Extremely Severe,Extremely Severe,Extremely Severe
1,3,0,0,0,1,1,1,1,0,0,1,0,0,0,1,0,1,2,0,0,2,14,10,Normal,Moderate,Normal
1,0,0,0,0,0,0,1,1,0,0,1,0,0,0,1,1,1,0,0,0,4,2,8,Normal,Normal,Normal
2,3,1,2,1,2,2,2,3,1,2,2,1,1,1,1,1,2,1,2,1,14,28,26,Moderate,Extremely Severe,Severe
2,0,1,0,1,1,0,2,1,0,2,1,1,1,0,1,0,2,0,0,0,8,2,22,Normal,Normal,Moderate
2,3,3,3,3,2,3,3,3,3,3,3,3,1,3,3,3,1,3,3,3,42,42,30,Extremely Severe,Extremely Severe,Severe
2,2,1,0,2,3,0,2,2,3,2,1,2,3,0,1,3,0,0,3,3,30,14,26,Extremely Severe,Moderate,Severe
1,0,1,2,1,2,2,3,1,2,2,1,1,1,1,2,2,3,2,2,3,24,20,26,Severe,Extremely Severe,Severe
0,0,3,0,3,1,0,0,0,3,0,0,2,0,0,3,1,0,0,0,3,36,0,2,Extremely Severe,Normal,Normal
3,0,3,0,3,2,0,0,1,3,3,0,3,0,0,3,3,3,0,0,3,42,2,22,Extremely Severe,Normal,Moderate
0,0,0,0,1,0,0,0,1,0,0,0,0,0,0,0,0,0,0,0,0,2,2,0,Normal,Normal,Normal
1,0,0,0,0,1,0,1,1,0,1,0,1,2,0,0,3,2,2,0,0,8,6,16,Normal,Normal,Mild
0,0,2,1,3,0,0,1,0,2,0,1,3,2,1,1,0,1,0,0,3,28,4,10,Extremely Severe,Normal,Normal
1,0,0,0,0,0,0,0,0,0,1,1,0,0,0,0,1,0,0,0,0,2,0,6,Normal,Normal,Normal
1,1,0,0,1,1,0,2,1,0,1,3,0,1,2,0,0,1,1,0,0,2,10,20,Normal,Moderate,Moderate
1,1,0,2,1,1,1,2,1,1,1,1,2,0,0,1,1,1,1,1,2,16,14,14,Moderate,Moderate,Normal
1,1,1,0,1,1,0,1,1,2,1,0,1,1,1,2,1,0,0,0,0,16,6,10,Moderate,Normal,Normal
2,3,1,2,1,2,2,1,3,3,2,2,2,2,1,2,2,2,3,3,2,26,34,26,Severe,Extremely Severe,Severe
2,2,2,1,2,2,1,2,1,3,3,1,2,3,1,2,2,2,0,2,2,30,16,30,Extremely Severe,Severe,Severe
2,0,1,0,0,3,0,2,1,1,2,3,1,0,0,1,0,0,0,2,0,8,6,24,Normal,Normal,Moderate
2,1,3,1,3,3,1,2,1,3,3,1,3,2,1,3,3,2,1,2,3,42,16,30,Extremely Severe,Severe,Severe
1,0,1,0,1,1,1,1,1,1,1,1,1,1,1,0,1,1,1,1,0,10,10,14,Mild,Moderate,Normal
1,1,0,1,0,0,1,1,1,1,1,0,0,2,0,0,1,2,1,1,1,6,12,14,Normal,Moderate,Normal
1,0,2,0,2,1,1,3,0,3,2,1,2,2,1,3,2,1,2,0,2,32,8,22,Extremely Severe,Mild,Moderate
0,0,1,0,1,1,1,1,1,1,1,0,1,0,1,0,1,1,1,0,0,10,8,8,Mild,Mild,Normal
2,3,1,3,3,2,3,2,3,1,2,2,2,1,2,1,1,1,2,3,1,20,38,24,Moderate,Extremely Severe,Moderate
0,0,1,0,3,1,0,2,0,1,0,0,3,0,0,2,3,0,0,2,0,26,4,6,Severe,Normal,Normal
0,1,0,0,1,0,0,0,0,0,1,0,0,0,0,1,1,0,0,0,0,6,2,2,Normal,Normal,Normal
3,3,3,3,3,3,3,3,3,3,3,3,3,3,3,3,3,3,2,3,3,42,40,42,Extremely Severe,Extremely Severe,Extremely Severe
1,0,0,0,1,1,1,0,0,0,1,0,0,1,1,0,1,1,0,1,0,4,6,10,Normal,Normal,Normal
3,2,3,1,1,3,2,2,3,2,3,3,3,3,1,1,3,3,2,3,3,32,28,40,Extremely Severe,Extremely Severe,Extremely Severe
3,2,2,1,3,1,0,2,1,3,3,3,3,3,0,3,3,3,0,2,3,40,12,36,Extremely Severe,Moderate,Extremely Severe
1,1,2,3,2,0,2,1,1,1,0,2,2,0,0,1,1,3,0,2,1,20,18,14,Moderate,Severe,Normal
2,0,1,2,0,0,1,1,2,0,3,2,1,1,0,2,0,2,2,0,0,8,14,22,Normal,Moderate,Moderate
2,2,3,3,3,3,1,2,3,3,3,3,3,2,0,3,3,3,0,3,3,42,24,36,Extremely Severe,Extremely Severe,Extremely Severe
1,1,0,0,0,1,0,0,0,0,3,1,1,1,0,0,0,1,1,1,0,2,6,16,Normal,Normal,Mild
3,2,3,0,2,3,0,3,2,3,3,3,3,3,1,3,3,2,0,2,3,40,14,40,Extremely Severe,Moderate,Extremely Severe
0,3,2,3,3,0,3,3,3,3,3,3,3,1,3,3,3,0,3,3,3,40,42,20,Extremely Severe,Extremely Severe,Moderate
1,0,2,1,3,2,1,2,2,2,2,1,2,1,0,2,3,0,2,2,1,30,16,18,Extremely Severe,Severe,Mild
0,0,0,0,1,1,1,0,0,0,1,0,0,2,0,0,0,1,0,0,0,2,2,10,Normal,Normal,Normal
3,1,0,0,2,2,0,2,3,1,2,3,3,1,0,1,3,3,1,2,2,24,14,32,Severe,Moderate,Severe
1,0,0,0,1,0,0,0,0,0,0,0,0,1,0,0,0,0,1,0,0,2,2,4,Normal,Normal,Normal
1,1,0,0,1,0,0,1,1,0,2,0,1,0,0,1,0,1,1,0,0,6,6,10,Normal,Normal,Normal
3,0,1,3,1,0,2,3,3,3,3,2,3,3,1,3,3,3,0,3,1,30,24,34,Extremely Severe,Extremely Severe,Extremely Severe
1,2,1,2,1,3,2,1,2,2,2,3,1,2,1,2,2,3,0,3,1,20,24,30,Moderate,Extremely Severe,Severe
0,0,0,0,0,0,1,0,1,0,0,0,0,0,0,0,0,0,1,0,0,0,6,0,Normal,Normal,Normal
2,0,2,0,1,2,0,0,1,1,3,1,2,0,0,2,2,2,1,0,1,22,4,20,Severe,Normal,Moderate
2,0,1,0,1,3,0,3,0,0,3,1,2,3,0,2,0,3,0,0,0,12,0,36,Mild,Normal,Extremely Severe
1,0,2,0,1,0,0,1,1,1,0,3,2,0,0,0,2,0,0,0,1,18,2,10,Moderate,Normal,Normal
2,1,3,2,3,2,2,2,2,3,3,2,3,1,2,3,3,3,2,2,3,42,26,30,Extremely Severe,Extremely Severe,Severe
3,3,3,3,3,3,3,2,3,3,3,3,3,3,3,3,3,3,2,3,3,42,40,40,Extremely Severe,Extremely Severe,Extremely Severe
1,2,0,0,2,0,2,0,1,3,1,3,2,1,0,2,1,1,1,0,0,20,12,14,Moderate,Moderate,Normal
1,3,1,2,0,2,1,0,1,1,0,0,1,1,1,3,3,1,0,1,2,22,18,10,Severe,Severe,Normal
1,3,0,2,0,2,3,1,1,1,1,1,2,1,1,1,2,1,1,1,2,16,24,16,Moderate,Extremely Severe,Mild
1,0,3,1,3,3,1,3,0,2,2,3,3,2,0,3,1,1,0,2,2,34,8,30,Extremely Severe,Mild,Severe
0,0,0,0,1,0,1,1,0,1,0,1,1,0,0,0,0,1,3,1,0,6,10,6,Normal,Moderate,Normal
0,0,0,0,1,2,0,0,1,2,0,0,1,2,0,1,2,1,0,0,0,14,2,10,Moderate,Normal,Normal
2,1,3,1,2,3,3,3,1,3,3,2,3,1,1,3,3,1,3,2,3,40,24,30,Extremely Severe,Extremely Severe,Severe
3,3,1,3,1,3,1,1,1,1,2,1,3,1,1,1,2,3,3,1,1,20,26,28,Moderate,Extremely Severe,Severe
1,1,0,1,1,0,1,1,0,0,0,0,2,2,0,1,0,0,0,1,1,10,8,8,Mild,Mild,Normal
1,2,1,3,0,0,1,3,3,1,1,3,3,0,3,1,3,0,0,1,3,24,26,16,Severe,Extremely Severe,Mild
3,3,2,2,3,3,1,3,3,3,3,2,3,3,3,3,3,3,3,2,3,40,34,40,Extremely Severe,Extremely Severe,Extremely Severe
2,0,0,1,1,1,0,1,0,1,2,1,2,2,1,1,2,0,0,0,0,14,4,18,Moderate,Normal,Mild
3,1,1,2,1,3,3,3,1,1,3,2,1,2,1,1,2,2,1,2,1,16,22,36,Moderate,Extremely Severe,Extremely Severe
3,0,1,0,3,1,0,3,3,0,3,3,3,1,0,3,1,1,1,1,1,24,10,30,Severe,Moderate,Severe
3,3,2,1,3,3,3,3,3,3,2,3,3,1,3,2,3,3,2,3,3,38,36,36,Extremely Severe,Extremely Severe,Extremely Severe
0,0,1,0,3,0,0,0,2,3,0,1,2,0,0,2,2,0,0,0,3,32,4,2,Extremely Severe,Normal,Normal
0,0,0,0,0,0,0,0,0,0,0,0,0,0,0,0,0,0,0,0,0,0,0,0,Normal,Normal,Normal
0,1,0,2,2,1,1,0,1,1,0,2,0,1,1,1,1,0,1,0,0,10,14,8,Mild,Moderate,Normal
2,2,1,0,1,2,1,1,2,2,2,2,2,3,1,1,1,2,1,1,1,18,16,28,Moderate,Severe,Severe
3,3,2,2,3,3,0,2,2,1,3,1,3,2,1,3,2,3,2,1,3,34,22,34,Extremely Severe,Extremely Severe,Extremely Severe
1,1,1,0,0,1,1,1,1,1,1,0,1,1,0,1,1,1,0,1,1,12,8,12,Mild,Mild,Normal
1,3,1,1,1,1,1,1,1,1,3,1,1,1,1,1,1,1,1,1,1,14,18,18,Moderate,Severe,Mild
2,0,2,0,3,1,0,3,0,2,2,3,3,2,0,2,2,2,1,2,2,32,6,30,Extremely Severe,Normal,Severe
3,0,1,0,2,1,0,1,0,1,3,2,2,3,0,1,1,3,0,0,1,18,0,32,Moderate,Normal,Severe
1,0,0,0,1,2,0,2,2,0,1,2,0,0,0,0,1,1,0,2,0,4,8,18,Normal,Mild,Mild
2,3,2,2,2,2,0,1,1,3,3,3,3,1,0,1,3,0,3,0,2,32,18,24,Extremely Severe,Severe,Moderate
1,3,1,3,3,1,3,2,3,3,3,3,3,3,3,3,1,3,2,3,0,28,40,32,Extremely Severe,Extremely Severe,Severe
1,1,0,1,1,3,0,1,3,1,3,1,1,3,1,0,2,1,1,2,0,10,18,26,Mild,Severe,Severe
2,1,0,0,0,2,1,1,1,1,2,0,0,2,0,1,0,0,0,0,1,6,6,18,Normal,Normal,Mild
3,2,1,0,2,3,2,3,3,3,3,2,2,3,1,1,3,3,1,0,3,30,18,40,Extremely Severe,Severe,Extremely Severe
3,3,3,0,3,3,3,3,3,3,0,3,1,3,3,3,3,3,2,3,3,38,34,36,Extremely Severe,Extremely Severe,Extremely Severe
0,0,0,0,0,1,0,0,0,0,1,0,0,1,0,0,0,1,1,0,0,0,2,8,Normal,Normal,Normal
2,1,2,0,3,3,0,2,1,3,3,0,2,2,0,3,3,2,3,0,3,38,10,28,Extremely Severe,Moderate,Severe
2,1,3,0,3,2,0,2,2,2,2,0,3,1,0,1,3,3,0,1,3,36,8,24,Extremely Severe,Mild,Moderate
1,0,1,0,1,0,0,1,1,2,1,3,2,0,1,3,3,2,1,0,3,30,6,16,Extremely Severe,Normal,Mild
2,2,1,1,2,2,1,2,2,1,3,3,3,2,0,2,1,2,0,3,2,24,18,32,Severe,Severe,Severe
1,0,0,0,0,1,0,0,1,0,0,0,1,2,0,0,0,1,0,0,0,2,2,10,Normal,Normal,Normal
3,0,3,1,3,3,0,2,2,3,3,3,3,0,0,3,3,2,0,3,3,42,12,32,Extremely Severe,Moderate,Severe
3,1,0,0,0,3,1,2,0,2,3,3,1,1,0,0,0,3,0,0,0,6,4,36,Normal,Normal,Extremely Severe
1,1,1,1,1,3,0,1,2,1,2,2,1,2,0,2,2,3,0,1,2,20,10,28,Moderate,Moderate,Severe
0,2,1,0,2,0,1,2,1,1,0,0,0,2,0,1,0,0,0,1,0,10,10,8,Mild,Moderate,Normal
3,3,1,2,1,3,2,1,3,0,3,3,3,1,2,0,1,1,3,3,0,12,36,30,Mild,Extremely Severe,Severe
2,3,1,2,1,3,2,1,1,2,3,2,2,3,1,2,2,0,1,0,3,26,20,28,Severe,Extremely Severe,Severe
2,1,0,3,3,3,2,0,2,0,3,2,3,3,0,2,3,3,2,3,3,28,26,32,Extremely Severe,Extremely Severe,Severe
2,3,2,3,3,2,2,3,2,3,2,3,3,2,2,3,3,2,2,3,3,40,34,32,Extremely Severe,Extremely Severe,Severe
1,2,2,1,2,1,2,1,2,2,1,1,2,1,1,2,2,2,3,1,2,28,24,16,Extremely Severe,Extremely Severe,Mild
3,3,2,3,3,1,2,3,3,2,3,3,3,3,1,3,3,3,0,1,2,36,26,38,Extremely Severe,Extremely Severe,Extremely Severe
3,2,1,0,1,2,1,1,2,2,2,1,2,2,2,3,2,2,0,1,3,28,16,26,Extremely Severe,Severe,Severe
1,0,1,0,2,0,0,1,1,1,2,1,1,0,0,0,2,2,0,1,1,16,4,14,Moderate,Normal,Normal
0,1,0,0,1,0,0,0,0,1,0,0,0,1,0,0,1,0,0,0,0,6,2,2,Normal,Normal,Normal
2,1,3,1,1,2,1,3,1,3,1,1,1,1,0,0,0,1,1,1,3,22,12,22,Severe,Moderate,Moderate
1,2,2,1,2,1,0,1,2,2,2,1,2,2,0,1,3,0,0,2,3,30,14,16,Extremely Severe,Moderate,Mild
3,0,3,0,3,3,0,2,2,3,3,3,3,2,0,3,3,3,0,1,2,40,6,38,Extremely Severe,Normal,Extremely Severe
2,3,1,2,2,1,2,2,2,2,2,3,3,1,1,2,3,2,2,2,2,30,28,26,Extremely Severe,Extremely Severe,Severe
1,1,2,0,3,1,1,2,1,1,2,2,3,3,1,3,3,0,0,2,2,34,12,22,Extremely Severe,Moderate,Moderate
1,2,2,3,2,1,1,3,2,2,3,2,3,3,1,1,3,2,1,1,3,32,22,30,Extremely Severe,Extremely Severe,Severe
3,1,3,1,1,3,1,3,1,2,3,0,2,3,0,3,2,3,0,1,1,28,10,36,Extremely Severe,Moderate,Extremely Severe
2,0,1,0,2,2,0,3,2,1,3,1,2,2,0,1,1,3,0,1,0,16,6,32,Moderate,Normal,Severe
2,3,2,0,1,1,1,1,1,1,1,1,2,1,1,1,2,1,0,1,2,22,14,16,Severe,Moderate,Mild
0,0,1,0,1,1,0,0,2,2,1,0,1,0,0,0,2,0,0,0,0,14,4,4,Moderate,Normal,Normal
1,0,2,1,1,1,0,1,3,2,2,1,3,3,0,2,2,3,0,1,1,26,10,24,Severe,Moderate,Moderate
1,0,1,2,2,2,1,2,1,1,1,2,2,0,3,1,2,1,0,1,1,20,16,18,Moderate,Severe,Mild
2,0,1,1,0,2,0,1,1,1,3,2,3,3,1,1,1,3,1,1,2,18,10,32,Moderate,Moderate,Severe
0,2,0,1,0,0,0,0,1,0,0,0,0,1,0,0,0,0,0,0,0,0,8,2,Normal,Mild,Normal
2,2,2,2,1,1,3,2,3,3,2,2,3,3,3,3,3,3,3,2,2,34,36,30,Extremely Severe,Extremely Severe,Severe
1,1,1,0,2,3,0,3,1,2,3,1,3,1,1,0,3,0,0,3,2,26,12,24,Severe,Moderate,Moderate
1,3,1,0,1,3,0,1,1,1,1,0,1,3,0,1,3,0,0,1,1,18,10,18,Moderate,Moderate,Mild
2,2,0,0,1,1,0,0,3,0,1,2,0,1,0,0,0,2,2,3,0,2,20,18,Normal,Extremely Severe,Mild
1,2,0,0,1,2,3,0,3,0,1,2,0,1,3,0,0,1,1,1,1,4,26,16,Normal,Extremely Severe,Mild
1,0,0,2,1,0,0,1,2,0,1,2,0,0,1,0,0,0,0,1,0,2,12,10,Normal,Moderate,Normal
1,0,1,0,1,0,0,0,0,1,1,1,2,0,0,2,1,0,0,0,2,20,0,6,Moderate,Normal,Normal
0,0,0,0,0,0,0,0,0,0,0,0,0,0,0,1,0,0,0,0,0,2,0,0,Normal,Normal,Normal
1,0,2,3,1,3,2,3,2,2,2,3,3,1,3,3,0,0,1,2,0,22,26,26,Severe,Extremely Severe,Severe
3,2,1,0,2,2,1,2,1,1,3,2,3,3,0,3,3,1,1,0,3,32,10,32,Extremely Severe,Moderate,Severe
2,1,2,0,2,2,0,2,1,3,2,3,3,3,1,3,3,1,0,3,3,38,12,30,Extremely Severe,Moderate,Severe
0,0,3,1,3,1,1,2,0,2,1,1,3,1,0,3,3,1,1,2,3,40,10,14,Extremely Severe,Moderate,Normal
0,1,1,0,2,1,0,2,3,1,2,3,3,2,0,1,2,1,1,2,1,22,14,22,Severe,Moderate,Moderate
1,1,0,0,0,1,0,1,0,0,3,1,1,3,0,2,1,1,0,1,0,8,4,22,Normal,Normal,Moderate
1,3,1,3,1,2,1,1,2,1,1,2,3,3,1,1,3,2,3,1,3,26,28,24,Severe,Extremely Severe,Moderate
1,0,3,1,2,0,0,3,1,3,3,1,3,1,0,3,1,1,0,0,2,34,4,20,Extremely Severe,Normal,Moderate
2,0,0,1,2,1,0,1,1,2,3,2,2,3,0,2,1,3,2,0,2,22,8,30,Severe,Mild,Severe
1,3,1,0,2,1,0,2,0,1,1,0,1,2,1,3,2,0,2,0,0,20,12,14,Moderate,Moderate,Normal
2,1,1,1,1,2,2,2,2,1,3,2,3,2,0,1,1,2,2,2,1,18,20,30,Moderate,Extremely Severe,Severe
2,3,3,0,1,0,1,1,1,3,1,1,0,0,0,3,1,0,1,0,2,26,12,10,Severe,Moderate,Normal
0,0,0,0,0,1,0,1,0,0,1,0,1,1,1,1,0,1,0,0,0,4,2,10,Normal,Normal,Normal
1,0,0,0,1,0,0,1,1,0,1,0,0,1,0,0,0,1,1,0,0,2,4,10,Normal,Normal,Normal
0,0,1,1,1,1,1,1,1,0,1,0,1,0,1,0,0,1,0,0,0,6,8,8,Normal,Mild,Normal
3,0,1,1,1,3,0,1,2,1,3,0,1,2,0,1,3,1,0,1,1,18,8,26,Moderate,Mild,Severe
0,0,0,0,0,0,0,0,0,0,0,0,0,0,0,0,1,1,0,0,0,2,0,2,Normal,Normal,Normal
2,0,2,0,2,2,0,1,2,1,2,1,2,2,0,2,2,2,0,2,2,26,8,24,Severe,Mild,Moderate
2,2,0,0,2,2,0,3,2,1,3,1,1,1,1,3,1,2,0,1,1,18,12,28,Moderate,Moderate,Severe
0,0,2,0,1,1,0,2,2,3,3,0,3,1,0,3,3,2,0,0,3,36,4,18,Extremely Severe,Normal,Mild
1,0,1,0,0,1,0,1,0,0,1,1,1,2,0,0,1,1,0,0,1,8,0,16,Normal,Normal,Mild
3,3,1,0,2,3,1,1,3,2,2,2,2,1,0,2,2,2,0,2,1,24,18,28,Severe,Severe,Severe
2,2,1,1,3,2,0,3,2,0,3,2,3,3,1,3,1,3,2,2,0,22,20,36,Severe,Extremely Severe,Extremely Severe
0,0,0,1,0,0,0,1,1,0,1,0,0,3,0,1,1,2,0,1,0,4,6,14,Normal,Normal,Normal
2,2,0,0,0,2,2,0,2,0,2,2,3,3,1,0,3,1,3,2,2,16,24,24,Moderate,Extremely Severe,Moderate
2,0,2,0,1,1,0,3,1,3,3,1,3,0,0,2,3,1,0,1,3,34,4,22,Extremely Severe,Normal,Moderate
1,0,1,1,1,0,0,1,1,1,1,1,1,1,0,1,1,0,0,0,1,14,4,10,Moderate,Normal,Normal
1,0,1,0,1,1,2,2,1,1,1,1,2,2,1,0,1,2,0,1,1,14,10,20,Moderate,Moderate,Moderate
2,0,0,0,0,2,0,0,1,0,3,1,1,3,0,0,0,2,0,0,0,2,2,26,Normal,Normal,Severe
1,3,1,1,3,1,0,2,1,3,1,1,2,1,1,1,3,1,1,1,2,30,16,16,Extremely Severe,Severe,Mild
1,2,1,0,1,1,0,0,0,1,1,0,0,1,0,1,0,0,0,0,0,8,4,8,Normal,Normal,Normal
1,1,3,2,3,0,3,3,3,0,3,3,3,3,2,2,2,3,1,3,3,32,30,32,Extremely Severe,Extremely Severe,Severe
2,0,0,1,0,1,1,1,3,0,1,1,3,2,1,0,0,1,0,3,0,6,18,18,Normal,Severe,Mild
2,0,1,0,0,1,0,1,1,1,1,0,1,0,0,3,2,1,0,0,2,20,2,12,Moderate,Normal,Normal
0,0,0,0,0,0,0,0,0,0,0,0,1,1,0,0,0,1,0,0,0,2,0,4,Normal,Normal,Normal
1,0,2,0,3,1,0,3,1,2,1,1,2,3,0,1,2,1,0,0,1,26,2,22,Severe,Normal,Moderate
3,1,3,1,2,3,0,3,2,2,2,3,3,3,1,3,2,0,0,1,3,36,12,34,Extremely Severe,Moderate,Extremely Severe
3,1,3,1,3,2,1,2,1,1,3,3,0,1,1,1,1,2,3,0,3,24,16,32,Severe,Severe,Severe
2,1,1,0,1,2,1,1,1,2,2,2,2,3,1,3,2,1,1,1,1,24,12,26,Severe,Moderate,Severe
3,3,3,0,3,2,0,3,0,2,3,0,3,2,0,3,2,3,0,0,1,34,6,32,Extremely Severe,Normal,Severe
0,0,0,1,1,0,0,2,2,2,0,2,2,0,0,0,1,2,1,1,2,16,10,12,Moderate,Moderate,Normal
2,0,1,0,2,2,0,1,3,2,2,1,1,3,0,2,2,3,1,2,2,24,12,28,Severe,Moderate,Severe
2,2,2,2,3,3,1,2,3,3,3,2,3,2,2,3,3,2,1,2,3,40,26,32,Extremely Severe,Extremely Severe,Severe
0,0,0,0,2,0,1,1,1,0,0,0,0,2,1,0,0,0,0,0,0,4,6,6,Normal,Normal,Normal
2,1,2,1,1,2,1,3,2,2,3,3,3,2,1,2,2,2,0,2,2,28,16,34,Extremely Severe,Severe,Extremely Severe
2,0,3,1,1,3,2,3,2,3,1,2,3,0,2,3,3,2,1,3,3,38,22,26,Extremely Severe,Extremely Severe,Severe
1,0,3,0,3,0,0,1,1,3,1,0,3,1,1,3,3,0,0,0,3,42,4,8,Extremely Severe,Normal,Normal
2,1,1,2,2,3,3,1,1,1,3,2,3,1,1,2,3,1,2,2,3,30,24,26,Extremely Severe,Extremely Severe,Severe
2,1,0,0,3,0,0,1,1,1,1,1,1,0,0,0,0,2,0,2,1,12,8,14,Mild,Mild,Normal
3,3,3,3,3,3,3,0,2,3,3,3,3,1,3,3,3,3,3,3,3,42,40,32,Extremely Severe,Extremely Severe,Severe
1,0,1,0,1,2,1,1,1,2,2,1,1,3,1,1,1,2,0,1,1,16,8,24,Moderate,Mild,Moderate
3,0,1,3,1,2,3,2,3,1,3,3,3,1,2,2,3,3,3,2,1,24,32,34,Severe,Extremely Severe,Extremely Severe
3,2,1,3,3,3,1,2,3,2,3,2,3,3,2,1,3,3,1,1,2,30,26,38,Extremely Severe,Extremely Severe,Extremely Severe
1,0,3,3,2,2,3,3,2,3,3,2,3,1,2,3,3,2,2,3,3,40,30,28,Extremely Severe,Extremely Severe,Severe
3,3,3,0,3,2,2,3,2,3,3,1,3,3,1,3,3,0,2,0,3,42,20,30,Extremely Severe,Extremely Severe,Severe
1,1,1,0,1,2,0,2,1,0,2,0,1,3,0,0,0,1,0,1,0,6,6,22,Normal,Normal,Moderate
2,1,3,0,1,1,1,3,3,3,3,3,2,2,2,2,3,3,3,3,1,30,26,34,Extremely Severe,Extremely Severe,Extremely Severe
1,0,0,0,1,0,0,0,0,1,1,0,1,1,0,1,0,0,0,0,0,8,0,6,Normal,Normal,Normal
3,2,1,2,2,3,1,3,3,2,3,3,3,3,0,3,3,3,1,0,3,34,18,42,Extremely Severe,Severe,Extremely Severe
1,1,2,0,1,1,2,2,2,2,1,3,2,1,2,2,3,1,1,2,3,30,20,20,Extremely Severe,Extremely Severe,Moderate
2,2,0,2,2,3,2,1,2,2,2,2,2,2,1,1,3,1,3,2,1,22,28,26,Severe,Extremely Severe,Severe
0,1,1,1,1,1,0,0,2,0,1,1,1,2,0,1,0,2,1,0,0,8,10,14,Normal,Moderate,Normal
2,2,2,2,2,2,3,2,3,1,1,2,2,1,1,3,2,1,3,1,3,30,30,22,Extremely Severe,Extremely Severe,Moderate
1,1,1,0,1,1,0,3,3,3,3,1,3,1,0,3,3,1,0,3,3,34,14,22,Extremely Severe,Moderate,Moderate
3,2,1,0,1,3,0,2,1,1,2,0,1,3,0,0,1,1,1,0,0,10,8,28,Mild,Mild,Severe
0,3,2,1,3,1,1,1,1,1,2,1,2,1,1,2,2,1,1,1,1,26,18,14,Severe,Severe,Normal
0,0,0,1,0,0,0,1,0,0,0,0,1,0,0,0,0,0,0,0,0,2,2,2,Normal,Normal,Normal
3,2,2,3,1,2,1,3,3,3,3,3,3,1,0,3,3,3,3,2,3,36,28,36,Extremely Severe,Extremely Severe,Extremely Severe
3,1,2,3,3,3,2,3,3,2,3,3,3,3,3,3,1,2,2,3,2,32,34,40,Extremely Severe,Extremely Severe,Extremely Severe
1,0,1,0,0,2,0,1,2,0,1,1,1,1,0,1,0,1,1,1,0,6,8,16,Normal,Mild,Mild
0,0,2,0,2,1,0,1,1,2,2,1,3,0,0,2,2,1,0,0,3,32,2,12,Extremely Severe,Normal,Normal
1,0,0,0,1,0,0,0,1,0,1,1,1,0,0,1,1,1,0,0,0,8,2,8,Normal,Normal,Normal
3,1,2,3,2,3,2,2,3,0,3,2,3,1,2,2,3,2,2,3,0,24,32,32,Severe,Extremely Severe,Severe
3,0,1,0,1,0,0,0,0,1,3,0,3,0,0,2,3,2,0,0,3,28,0,16,Extremely Severe,Normal,Mild
3,1,2,0,2,1,2,2,0,1,2,2,3,1,1,1,2,0,1,0,1,24,10,22,Severe,Moderate,Moderate
1,0,1,0,0,1,0,1,2,1,1,1,1,2,0,1,1,0,0,1,2,14,6,14,Moderate,Normal,Normal
1,0,2,1,1,1,0,2,3,2,1,1,3,1,0,1,3,3,0,1,2,28,10,20,Extremely Severe,Moderate,Moderate
1,2,0,2,0,1,0,0,0,0,0,0,1,1,0,0,0,0,0,0,0,2,8,6,Normal,Mild,Normal
2,0,1,0,1,1,0,1,1,1,2,0,1,1,1,1,1,1,1,0,1,14,6,16,Moderate,Normal,Mild
3,0,2,0,1,3,1,1,0,2,2,1,2,1,0,3,3,3,0,1,2,30,4,28,Extremely Severe,Normal,Severe
2,1,1,0,1,1,0,2,1,1,2,2,3,2,0,3,2,1,1,2,1,24,10,24,Severe,Moderate,Moderate
2,2,1,0,3,2,1,1,3,3,1,2,1,0,0,3,3,2,0,3,2,32,18,20,Extremely Severe,Severe,Moderate
1,1,1,0,1,2,0,0,2,1,1,2,2,0,1,2,1,0,0,0,2,20,8,12,Moderate,Mild,Normal
3,0,1,3,3,0,1,3,1,0,3,3,0,3,1,1,0,1,2,2,0,10,20,32,Mild,Extremely Severe,Severe
0,0,1,0,1,1,0,1,1,0,1,1,2,1,0,1,1,2,1,0,0,12,4,14,Mild,Normal,Normal
2,3,3,3,3,2,3,2,3,3,2,3,3,3,2,3,3,3,3,2,3,42,38,34,Extremely Severe,Extremely Severe,Extremely Severe
3,3,0,1,1,2,0,1,3,1,2,0,3,1,0,2,3,2,3,0,1,22,20,22,Severe,Extremely Severe,Moderate
3,0,3,0,3,3,0,3,0,3,3,3,3,0,3,0,0,0,0,0,0,24,6,30,Severe,Normal,Severe
1,0,1,1,2,3,1,0,2,1,2,1,1,1,0,1,0,1,3,1,0,12,16,18,Mild,Severe,Mild
1,2,2,0,2,1,0,1,0,1,3,0,2,2,1,3,2,2,0,0,1,26,6,20,Severe,Normal,Moderate
1,3,2,0,3,1,3,0,2,2,1,1,3,1,3,3,3,3,0,2,2,36,26,16,Extremely Severe,Extremely Severe,Mild
0,0,0,1,2,0,0,0,3,0,0,1,0,1,0,0,0,0,0,0,0,4,8,4,Normal,Mild,Normal
3,3,3,3,2,3,3,3,3,3,3,3,3,2,3,3,3,1,3,3,3,40,42,36,Extremely Severe,Extremely Severe,Extremely Severe
1,3,0,0,0,1,1,0,0,0,0,1,0,1,0,0,0,0,3,1,0,0,16,8,Normal,Severe,Normal
1,0,1,1,2,2,2,1,2,3,1,1,1,0,3,1,2,0,1,2,1,22,22,12,Severe,Extremely Severe,Normal
3,3,3,3,3,3,3,3,3,3,3,3,3,3,3,3,3,3,3,3,3,42,42,42,Extremely Severe,Extremely Severe,Extremely Severe
1,0,1,1,3,1,1,1,2,3,1,1,3,3,1,2,3,1,3,1,3,36,18,18,Extremely Severe,Severe,Mild
3,3,2,3,2,3,1,3,3,3,3,3,3,1,1,3,2,3,2,3,3,36,32,38,Extremely Severe,Extremely Severe,Extremely Severe
0,2,1,1,1,1,3,1,3,1,0,2,2,3,0,1,3,1,0,3,3,24,24,16,Severe,Extremely Severe,Mild
2,2,0,1,1,2,2,1,3,1,2,2,1,3,1,2,1,3,2,2,2,16,26,30,Moderate,Extremely Severe,Severe
3,2,2,2,3,3,0,3,2,3,3,2,2,3,1,2,3,2,2,1,3,36,20,38,Extremely Severe,Extremely Severe,Extremely Severe
1,1,0,2,0,1,0,1,0,0,1,1,0,1,0,1,0,0,0,1,0,2,8,12,Normal,Mild,Normal
3,3,2,1,3,2,3,1,3,1,3,3,3,1,1,3,3,2,0,3,3,36,28,30,Extremely Severe,Extremely Severe,Severe
0,0,2,3,2,0,1,2,1,3,1,1,3,1,0,1,2,3,2,3,1,28,20,16,Extremely Severe,Extremely Severe,Mild
0,0,0,2,2,0,1,1,1,0,1,0,1,0,0,0,0,2,0,0,3,12,8,8,Mild,Mild,Normal
1,2,3,0,1,1,2,3,3,2,1,2,3,1,0,2,2,2,1,0,1,28,16,22,Extremely Severe,Severe,Moderate
0,1,0,1,0,1,1,0,2,1,2,1,1,2,0,0,2,1,0,0,0,8,10,14,Normal,Moderate,Normal
3,3,3,3,3,3,3,3,3,3,3,3,3,3,3,3,3,3,3,3,3,42,42,42,Extremely Severe,Extremely Severe,Extremely Severe
3,0,2,2,2,2,1,3,3,3,3,3,3,2,1,3,3,0,0,3,2,36,20,32,Extremely Severe,Extremely Severe,Severe
0,0,0,0,1,1,0,0,0,0,0,0,1,1,1,1,0,1,0,1,0,6,4,6,Normal,Normal,Normal
0,0,0,0,0,0,1,1,0,0,0,1,0,0,1,0,0,1,0,0,0,0,4,6,Normal,Normal,Normal
0,0,2,0,1,0,0,0,1,2,0,0,3,0,0,1,1,0,0,0,2,24,2,0,Severe,Normal,Normal
1,0,2,0,3,0,1,0,0,2,2,2,2,0,0,3,3,0,0,0,3,36,2,10,Extremely Severe,Normal,Normal
3,3,3,0,3,3,0,0,3,3,3,3,3,2,3,3,3,1,3,3,3,42,30,30,Extremely Severe,Extremely Severe,Severe
1,0,0,3,2,1,0,1,2,0,1,2,2,1,1,3,1,0,1,3,2,20,20,14,Moderate,Extremely Severe,Normal
2,1,1,1,1,2,1,2,3,2,2,1,2,3,2,2,2,3,2,1,2,24,22,30,Severe,Extremely Severe,Severe
1,3,0,0,0,0,0,0,1,0,0,0,1,1,0,0,0,1,1,0,0,2,10,6,Normal,Moderate,Normal
0,0,1,0,1,0,0,1,0,1,0,0,0,0,0,0,0,0,0,0,1,8,0,2,Normal,Normal,Normal
1,2,0,2,1,1,2,1,2,1,2,1,1,0,1,1,1,1,2,2,1,12,26,14,Mild,Extremely Severe,Normal
0,0,0,2,0,0,0,0,0,0,0,0,0,0,0,0,0,0,3,3,0,0,16,0,Normal,Severe,Normal
0,2,1,0,1,0,1,1,2,1,2,2,1,1,0,1,3,1,0,2,0,16,14,14,Moderate,Moderate,Normal
0,0,0,0,0,2,0,0,2,0,1,0,1,0,0,0,2,1,0,0,0,6,4,8,Normal,Normal,Normal
1,1,1,0,2,1,0,1,0,3,1,0,2,1,0,1,1,1,0,0,2,24,2,12,Severe,Normal,Normal
2,1,1,1,2,2,1,1,1,2,1,1,3,2,1,1,2,3,0,1,1,24,12,24,Severe,Moderate,Moderate
2,2,1,3,2,1,2,3,2,2,1,2,3,3,1,2,1,1,1,2,2,26,26,26,Severe,Extremely Severe,Severe
2,1,3,2,2,1,2,2,3,3,2,2,3,1,3,2,3,1,0,2,3,38,26,22,Extremely Severe,Extremely Severe,Moderate
3,0,3,1,3,3,3,3,3,3,3,3,3,3,3,3,3,3,1,3,3,42,28,42,Extremely Severe,Extremely Severe,Extremely Severe
1,1,0,0,1,1,0,1,1,0,1,1,1,1,0,0,0,1,0,1,0,4,6,14,Normal,Normal,Normal
1,1,1,1,1,1,1,1,1,0,1,1,1,1,0,1,0,0,0,1,0,8,10,12,Normal,Moderate,Normal
1,0,1,0,1,2,0,3,3,3,3,1,2,2,0,2,3,2,1,1,3,30,10,28,Extremely Severe,Moderate,Severe
2,0,1,3,3,1,3,1,3,2,2,3,3,0,2,0,3,3,3,2,0,24,32,24,Severe,Extremely Severe,Moderate
3,1,0,1,0,0,1,0,0,0,1,1,1,1,0,2,0,1,1,0,0,6,8,14,Normal,Mild,Normal
3,0,2,2,2,3,1,2,2,2,3,1,2,3,0,3,1,2,0,0,0,24,10,34,Severe,Moderate,Extremely Severe
3,1,3,3,3,3,3,3,3,3,3,3,3,3,3,3,3,3,2,3,3,42,36,42,Extremely Severe,Extremely Severe,Extremely Severe
0,0,0,0,1,0,1,0,0,1,0,1,0,0,0,0,0,0,0,0,0,4,2,2,Normal,Normal,Normal
0,0,1,1,0,3,1,0,0,0,3,3,3,3,1,0,0,2,0,1,1,10,8,28,Mild,Mild,Severe
3,1,1,0,3,2,1,3,0,3,3,3,3,0,0,2,1,3,3,2,3,32,14,34,Extremely Severe,Moderate,Extremely Severe
0,2,1,1,1,0,1,0,0,2,1,0,1,1,1,2,2,1,1,1,2,22,14,6,Severe,Moderate,Normal
1,0,0,1,0,2,0,2,2,2,2,0,1,2,1,2,0,1,2,1,1,12,14,20,Mild,Moderate,Moderate
2,1,3,1,3,2,0,3,2,2,3,2,3,2,1,2,2,3,0,1,2,34,12,34,Extremely Severe,Moderate,Extremely Severe
1,1,0,0,1,1,0,0,1,0,1,0,1,1,0,1,1,1,1,2,0,8,10,10,Normal,Moderate,Normal
1,1,3,1,3,3,1,1,2,3,3,2,3,3,1,3,3,1,0,2,3,42,16,28,Extremely Severe,Severe,Severe
0,2,2,1,1,0,0,0,0,0,1,0,0,1,0,1,0,0,1,0,0,8,8,4,Normal,Mild,Normal
2,0,1,0,0,1,0,0,0,1,1,0,0,1,0,2,0,0,0,0,0,8,0,10,Normal,Normal,Normal
3,3,2,3,3,3,3,3,3,3,3,3,3,3,3,3,3,3,3,3,3,40,42,42,Extremely Severe,Extremely Severe,Extremely Severe
2,0,0,3,2,0,0,3,0,2,2,1,3,2,0,1,1,3,0,1,1,20,8,26,Moderate,Mild,Severe
0,0,0,0,0,1,0,0,1,1,1,0,0,1,0,0,0,1,0,0,0,2,2,8,Normal,Normal,Normal
3,1,3,0,0,3,1,0,3,3,3,0,3,0,0,2,3,0,0,1,1,30,12,18,Extremely Severe,Moderate,Mild
1,1,0,1,1,1,1,1,1,0,1,1,1,1,1,1,1,1,1,0,0,8,12,14,Normal,Moderate,Normal
3,3,2,3,3,2,2,1,2,2,3,0,1,2,0,3,0,3,2,0,1,24,24,28,Severe,Extremely Severe,Severe
0,0,0,1,1,1,0,1,1,1,1,1,2,1,1,0,1,1,1,1,1,12,10,12,Mild,Moderate,Normal
2,2,3,3,3,3,2,2,3,3,3,3,2,3,1,2,3,2,0,2,2,36,26,36,Extremely Severe,Extremely Severe,Extremely Severe
1,0,0,0,0,0,0,0,1,0,1,0,1,1,0,0,0,1,1,0,0,2,4,8,Normal,Normal,Normal
3,3,3,3,3,3,2,2,3,3,2,3,2,1,2,2,3,1,3,3,3,38,38,30,Extremely Severe,Extremely Severe,Severe
2,0,3,0,2,2,0,2,1,3,2,1,3,2,3,3,3,2,0,1,3,40,10,26,Extremely Severe,Moderate,Severe
0,0,0,0,0,0,0,0,1,0,1,0,0,1,0,0,0,0,0,0,0,0,2,4,Normal,Normal,Normal
1,2,0,0,1,0,0,1,1,2,2,1,2,3,1,1,2,0,0,1,1,18,10,16,Moderate,Moderate,Mild
0,0,0,0,0,1,0,0,1,0,0,0,1,1,0,0,0,0,1,0,0,2,4,4,Normal,Normal,Normal
1,0,0,0,0,0,0,0,1,1,1,0,1,1,0,1,1,1,0,0,1,10,2,8,Mild,Normal,Normal
2,2,3,2,3,2,1,1,3,3,1,2,3,1,1,3,3,2,1,3,3,42,26,22,Extremely Severe,Extremely Severe,Moderate
1,2,1,0,0,1,0,0,0,1,1,0,1,0,0,0,1,2,0,0,0,8,4,10,Normal,Normal,Normal
2,0,0,2,0,2,0,0,0,1,0,0,0,3,0,1,1,1,0,1,0,6,6,16,Normal,Normal,Mild
1,0,1,0,1,1,0,1,1,1,1,1,1,0,0,1,1,1,0,0,1,14,2,12,Moderate,Normal,Normal
2,3,2,1,3,3,1,3,2,3,3,3,3,1,2,1,2,3,1,2,3,34,24,36,Extremely Severe,Extremely Severe,Extremely Severe
1,2,0,2,2,1,0,2,0,1,1,1,1,0,0,0,0,1,0,1,0,8,10,14,Normal,Moderate,Normal
2,1,2,1,3,3,2,2,2,3,3,3,3,3,2,3,3,2,2,2,3,40,24,36,Extremely Severe,Extremely Severe,Extremely Severe
0,1,1,0,1,2,0,1,1,1,2,0,1,0,0,0,2,1,1,1,0,12,8,12,Mild,Mild,Normal
0,1,1,2,2,0,2,2,2,0,1,2,2,3,2,3,1,0,0,0,0,18,18,16,Moderate,Severe,Mild
1,2,0,0,2,3,2,1,2,1,1,1,2,2,2,1,2,1,2,2,1,18,24,20,Moderate,Extremely Severe,Moderate
1,0,1,0,1,2,0,1,1,2,1,1,2,1,0,2,2,1,0,0,2,24,2,16,Severe,Normal,Mild
2,1,1,1,2,2,2,1,2,2,2,1,3,2,0,1,2,2,2,3,2,26,22,24,Severe,Extremely Severe,Moderate
1,0,0,0,0,1,0,0,1,0,0,0,0,0,0,0,1,1,0,1,0,2,4,6,Normal,Normal,Normal
0,0,0,0,0,0,0,0,0,0,1,0,0,0,0,0,0,0,1,0,0,0,2,2,Normal,Normal,Normal
2,2,2,1,2,2,2,3,2,3,2,3,2,3,2,3,3,3,1,2,2,34,24,36,Extremely Severe,Extremely Severe,Extremely Severe
0,0,2,0,2,2,1,0,2,2,2,2,2,2,2,2,2,1,0,2,2,28,14,18,Extremely Severe,Moderate,Mild
2,3,2,0,1,2,2,1,3,3,2,3,1,1,0,1,1,3,0,1,0,18,18,28,Moderate,Severe,Severe
3,1,3,1,3,3,3,2,3,3,3,2,3,3,2,3,3,3,2,3,3,42,30,38,Extremely Severe,Extremely Severe,Extremely Severe
1,2,0,2,1,1,1,2,2,0,1,2,1,1,2,0,0,1,1,0,0,4,20,18,Normal,Extremely Severe,Mild
0,0,0,1,0,1,0,0,1,0,0,0,0,1,0,0,0,0,0,0,0,0,4,4,Normal,Normal,Normal
2,2,3,1,3,2,2,2,2,3,2,3,3,2,1,2,3,2,1,2,3,40,22,30,Extremely Severe,Extremely Severe,Severe
0,1,0,0,1,1,0,0,0,1,1,0,1,3,0,1,2,1,0,0,2,16,2,12,Moderate,Normal,Normal
1,3,1,0,1,3,1,3,0,0,2,2,1,2,1,1,2,2,0,1,0,12,12,30,Mild,Moderate,Severe
1,0,0,0,1,0,0,1,0,0,1,0,1,2,0,1,1,1,0,0,1,10,0,12,Mild,Normal,Normal
2,0,1,3,3,3,3,2,3,3,3,3,3,3,1,3,2,3,2,3,1,32,30,38,Extremely Severe,Extremely Severe,Extremely Severe
3,3,3,2,3,3,3,1,3,3,3,1,3,3,1,3,3,3,0,0,3,42,24,34,Extremely Severe,Extremely Severe,Extremely Severe
2,1,3,3,3,3,3,1,3,3,3,1,3,3,3,3,3,3,2,3,3,42,36,32,Extremely Severe,Extremely Severe,Severe
2,1,0,0,1,0,0,0,1,0,0,0,1,2,1,0,0,1,1,0,0,4,8,10,Normal,Mild,Normal
1,3,3,3,1,2,3,2,2,2,3,2,2,3,3,3,3,0,3,3,3,34,40,26,Extremely Severe,Extremely Severe,Severe
3,3,1,1,3,3,3,3,3,3,3,1,3,3,3,3,3,3,3,3,3,38,38,38,Extremely Severe,Extremely Severe,Extremely Severe
0,0,0,0,0,0,0,0,0,0,0,0,0,0,0,0,0,0,0,0,0,0,0,0,Normal,Normal,Normal
1,1,0,0,0,1,0,0,0,0,1,0,1,0,0,0,0,1,0,0,0,2,2,8,Normal,Normal,Normal
2,2,2,2,2,2,3,3,2,2,1,2,3,0,1,2,2,1,0,1,2,30,22,22,Extremely Severe,Extremely Severe,Moderate
3,3,2,3,2,3,3,3,3,3,3,1,3,1,3,3,3,3,1,1,3,38,34,34,Extremely Severe,Extremely Severe,Extremely Severe
1,3,3,3,3,2,3,3,3,3,2,2,3,2,1,3,3,0,3,3,3,42,38,24,Extremely Severe,Extremely Severe,Moderate
3,3,2,3,3,3,3,3,3,3,3,3,3,1,3,3,3,3,3,2,3,40,40,38,Extremely Severe,Extremely Severe,Extremely Severe
0,3,0,0,0,0,0,0,2,0,0,0,0,2,0,0,2,0,0,0,0,4,10,4,Normal,Moderate,Normal
3,1,3,1,2,2,0,2,3,2,2,1,2,3,0,2,3,2,2,1,2,32,16,30,Extremely Severe,Severe,Severe
1,1,0,0,2,0,0,1,1,1,0,0,1,1,0,1,1,0,1,0,0,12,6,6,Mild,Normal,Normal
3,1,3,3,3,3,3,3,3,3,3,3,3,3,3,3,3,3,3,3,3,42,38,42,Extremely Severe,Extremely Severe,Extremely Severe
1,3,3,3,3,2,3,3,1,3,2,2,3,1,3,3,3,3,1,3,3,42,34,28,Extremely Severe,Extremely Severe,Severe
3,0,1,0,3,3,3,3,3,3,3,3,3,2,1,3,3,2,0,2,1,34,18,38,Extremely Severe,Severe,Extremely Severe
1,3,1,0,1,1,1,1,2,1,2,1,0,1,0,1,0,3,1,1,0,8,16,20,Normal,Severe,Moderate
3,3,3,3,3,3,1,3,3,3,3,3,3,2,3,3,3,3,1,3,3,42,34,40,Extremely Severe,Extremely Severe,Extremely Severe
1,1,0,0,2,2,1,1,0,0,2,2,3,1,1,3,3,2,1,3,2,26,14,22,Severe,Moderate,Moderate
2,0,2,1,2,2,2,2,1,3,1,2,1,2,2,2,2,2,2,2,2,28,20,26,Extremely Severe,Extremely Severe,Severe
3,1,3,1,3,2,1,2,3,3,3,1,3,1,3,3,3,3,2,3,3,42,28,30,Extremely Severe,Extremely Severe,Severe
3,0,1,2,3,3,0,3,2,3,3,0,2,2,0,3,2,2,1,1,1,30,12,32,Extremely Severe,Moderate,Severe
3,3,3,3,3,3,3,3,3,3,3,3,3,3,3,3,3,3,3,3,3,42,42,42,Extremely Severe,Extremely Severe,Extremely Severe
3,3,3,3,3,3,3,3,3,3,3,3,3,3,3,2,3,1,3,2,3,40,40,38,Extremely Severe,Extremely Severe,Extremely Severe
3,3,2,0,1,1,0,1,2,2,3,1,3,3,0,2,3,1,0,2,3,32,14,26,Extremely Severe,Moderate,Severe
0,0,1,0,2,1,0,0,0,0,1,1,1,2,1,0,1,2,0,0,1,12,2,14,Mild,Normal,Normal
3,1,0,3,1,3,2,1,3,1,2,2,2,3,3,1,2,2,2,3,2,18,34,32,Moderate,Extremely Severe,Severe
1,1,1,2,3,0,1,1,1,1,2,1,1,3,0,2,3,2,2,2,3,28,18,20,Extremely Severe,Severe,Moderate
1,2,2,3,3,1,1,3,2,3,1,2,1,1,1,3,3,1,1,1,3,36,22,20,Extremely Severe,Extremely Severe,Moderate
1,0,2,0,1,3,1,2,1,1,3,1,3,1,1,1,2,0,0,3,1,22,12,22,Severe,Moderate,Moderate
1,3,1,1,1,3,0,1,3,3,3,3,3,3,0,1,3,2,1,0,2,28,16,32,Extremely Severe,Severe,Severe
2,1,1,1,1,2,2,1,3,1,3,1,2,1,0,2,2,0,2,1,0,18,20,20,Moderate,Extremely Severe,Moderate
1,2,1,0,1,1,0,3,1,2,1,1,2,2,1,3,2,2,2,1,1,24,14,22,Severe,Moderate,Moderate
3,3,2,2,2,3,1,2,2,3,3,2,3,1,0,2,3,2,1,1,3,36,20,32,Extremely Severe,Extremely Severe,Severe
3,2,3,3,3,3,3,3,3,3,3,3,3,3,3,3,3,3,0,3,3,42,34,42,Extremely Severe,Extremely Severe,Extremely Severe
1,0,0,3,3,2,3,3,2,0,2,3,3,1,1,1,0,0,2,3,0,14,28,24,Moderate,Extremely Severe,Moderate
1,3,1,3,1,3,1,2,1,2,2,2,2,0,2,1,3,2,1,3,1,22,28,24,Severe,Extremely Severe,Moderate
1,0,2,2,1,1,0,1,2,3,2,3,2,3,1,3,2,2,2,1,1,28,16,26,Extremely Severe,Severe,Severe
1,0,0,0,1,1,1,2,1,1,2,1,3,1,0,3,3,1,1,1,1,24,8,18,Severe,Mild,Mild
0,0,0,0,0,1,0,1,1,2,0,0,1,2,0,0,1,1,0,0,1,10,2,10,Mild,Normal,Normal
3,1,3,3,0,2,2,3,2,2,3,3,3,3,1,3,3,2,3,1,3,34,26,38,Extremely Severe,Extremely Severe,Extremely Severe
3,3,1,1,3,1,0,2,1,1,3,1,1,3,1,2,3,2,0,0,1,24,12,30,Severe,Moderate,Severe
1,3,2,0,3,0,0,3,2,1,1,2,2,1,0,3,1,0,0,2,0,24,14,16,Severe,Moderate,Mild
1,1,1,1,2,0,1,2,3,0,2,1,2,3,1,3,3,3,1,1,0,22,18,24,Severe,Severe,Moderate
2,2,1,2,1,0,2,1,2,1,2,1,2,2,1,3,3,1,1,2,2,26,24,18,Severe,Extremely Severe,Mild
2,2,3,1,2,1,3,2,1,3,3,3,3,0,2,3,3,3,2,2,3,40,26,28,Extremely Severe,Extremely Severe,Severe
3,0,0,1,0,1,0,1,0,0,0,3,3,3,0,0,0,1,0,1,0,6,4,24,Normal,Normal,Moderate
3,3,2,2,1,2,1,2,3,3,3,1,3,0,1,2,3,3,1,1,3,34,24,28,Extremely Severe,Extremely Severe,Severe
3,2,3,1,3,3,2,3,3,3,3,2,3,3,2,3,2,3,3,3,2,38,32,40,Extremely Severe,Extremely Severe,Extremely Severe
1,1,1,0,1,1,0,0,0,0,1,0,1,3,0,0,0,1,0,0,0,6,2,14,Normal,Normal,Normal
2,1,1,2,2,0,2,3,3,2,3,1,3,2,0,1,1,0,1,1,2,24,20,22,Severe,Extremely Severe,Moderate
2,3,0,0,2,1,0,1,2,2,1,3,3,3,0,0,1,3,0,0,1,18,10,28,Moderate,Moderate,Severe
1,3,2,1,3,0,2,2,3,1,1,1,2,1,1,3,1,0,1,1,1,26,24,12,Severe,Extremely Severe,Normal
3,1,1,1,1,0,0,0,1,1,1,0,2,1,0,1,1,0,0,1,1,16,8,10,Moderate,Mild,Normal
3,1,3,0,1,3,0,3,3,3,3,3,3,3,2,1,3,3,3,3,3,34,24,42,Extremely Severe,Extremely Severe,Extremely Severe
3,3,3,2,3,3,0,0,3,0,3,1,3,1,0,2,3,1,1,2,1,30,22,24,Extremely Severe,Extremely Severe,Moderate
3,1,2,3,2,3,3,3,2,3,3,3,3,3,3,3,3,0,1,2,3,38,30,36,Extremely Severe,Extremely Severe,Extremely Severe
3,3,3,0,3,3,0,3,3,3,3,1,3,3,0,0,3,0,3,0,0,30,18,32,Extremely Severe,Severe,Severe
3,3,1,1,2,2,1,1,1,1,1,0,3,0,1,1,2,1,1,1,2,24,18,16,Severe,Severe,Mild
3,3,3,3,3,3,3,3,3,3,3,3,3,2,3,3,3,3,3,3,3,42,42,40,Extremely Severe,Extremely Severe,Extremely Severe
1,0,1,0,3,2,2,3,3,3,1,1,2,1,0,3,3,3,0,1,3,36,12,24,Extremely Severe,Moderate,Moderate
3,2,1,2,2,2,1,3,3,0,3,1,2,2,1,2,2,3,2,3,1,20,28,34,Moderate,Extremely Severe,Extremely Severe
2,1,1,0,3,1,1,1,2,2,2,1,2,2,1,2,3,2,1,1,3,32,14,22,Extremely Severe,Moderate,Moderate
2,3,1,1,1,2,0,1,2,1,1,2,2,2,1,3,1,2,3,2,2,22,24,24,Severe,Extremely Severe,Moderate
2,0,0,2,1,0,1,1,1,0,1,1,2,0,1,1,1,1,1,1,1,12,14,12,Mild,Moderate,Normal
2,2,3,1,2,2,2,1,2,2,1,1,3,3,2,1,3,0,0,1,2,32,20,20,Extremely Severe,Extremely Severe,Moderate
3,0,2,3,3,2,3,3,3,3,3,3,2,3,3,3,3,3,3,3,2,36,36,40,Extremely Severe,Extremely Severe,Extremely Severe
1,1,0,0,1,0,0,0,1,1,1,0,1,0,0,0,0,1,1,1,0,6,8,6,Normal,Mild,Normal
2,1,1,3,3,3,2,2,2,3,2,2,3,3,1,3,3,3,2,3,2,36,28,34,Extremely Severe,Extremely Severe,Extremely Severe
2,2,1,2,1,1,2,3,2,1,1,2,3,1,2,2,1,1,2,3,1,20,30,22,Moderate,Extremely Severe,Moderate
3,1,2,0,2,3,2,2,3,2,3,2,3,3,2,1,3,3,1,2,2,30,22,38,Extremely Severe,Extremely Severe,Extremely Severe
3,1,3,0,0,3,0,2,1,2,3,2,3,0,0,1,0,0,0,3,0,18,10,26,Moderate,Moderate,Severe
1,0,0,0,2,1,0,2,2,0,2,1,0,1,0,0,0,1,0,0,0,4,4,18,Normal,Normal,Mild
1,1,0,0,0,1,0,0,1,1,1,1,0,1,0,0,1,1,0,0,0,4,4,12,Normal,Normal,Normal
1,0,1,0,2,1,0,1,1,3,1,0,2,1,2,2,1,2,1,0,3,28,8,14,Extremely Severe,Mild,Normal
0,1,1,1,0,0,1,1,1,1,1,1,0,3,1,1,1,0,1,0,1,10,12,12,Mild,Moderate,Normal
0,1,1,1,1,0,1,1,1,1,0,0,0,3,0,1,0,1,1,1,0,8,12,10,Normal,Moderate,Normal
1,1,1,1,3,1,1,2,2,2,1,3,3,1,1,1,1,1,2,1,3,28,18,20,Extremely Severe,Severe,Moderate
1,0,0,0,0,1,0,0,0,0,1,0,0,0,0,1,1,1,0,0,0,4,0,8,Normal,Normal,Normal
3,2,2,2,1,1,0,1,2,3,2,1,3,3,0,3,1,3,3,0,2,30,18,28,Extremely Severe,Severe,Severe
0,2,0,0,0,0,1,0,1,1,1,1,0,2,0,0,0,2,0,1,0,2,10,12,Normal,Moderate,Normal
1,1,0,1,1,1,1,1,1,1,1,1,1,1,1,0,2,1,2,1,1,12,16,14,Mild,Severe,Normal
1,2,0,0,1,0,0,0,2,0,1,1,1,1,0,1,0,1,0,0,0,6,8,10,Normal,Mild,Normal
1,1,2,0,2,1,0,2,1,0,3,0,2,1,1,0,0,3,0,0,0,12,6,22,Mild,Normal,Moderate
2,3,1,2,2,2,3,3,1,1,2,2,2,3,1,2,1,1,1,1,2,22,24,30,Severe,Extremely Severe,Severe
3,3,3,2,1,3,3,3,2,3,3,3,3,3,2,3,1,3,0,3,3,34,30,42,Extremely Severe,Extremely Severe,Extremely Severe
1,0,3,0,3,1,1,1,1,3,2,1,3,1,0,3,3,2,0,1,3,42,6,18,Extremely Severe,Normal,Mild
1,0,0,0,2,1,0,1,3,1,2,2,1,1,0,2,1,2,1,0,1,16,8,20,Moderate,Mild,Moderate
1,2,2,1,1,1,1,2,3,2,2,1,1,1,2,1,2,2,0,2,2,22,22,20,Severe,Extremely Severe,Moderate
1,1,0,3,1,2,1,1,1,1,2,0,2,3,0,0,1,1,2,1,0,10,18,20,Mild,Severe,Moderate
3,2,3,3,3,2,2,3,3,3,3,2,3,3,3,3,3,3,3,3,3,42,38,38,Extremely Severe,Extremely Severe,Extremely Severe
1,1,2,1,3,3,1,3,3,1,2,3,3,3,1,3,1,3,1,1,0,26,18,36,Severe,Severe,Extremely Severe
2,1,1,1,3,2,1,1,2,3,3,3,3,3,0,2,3,3,0,3,3,36,16,34,Extremely Severe,Severe,Extremely Severe
0,3,1,0,3,1,3,3,3,3,3,3,1,1,3,1,3,0,1,2,3,30,30,22,Extremely Severe,Extremely Severe,Moderate
3,0,2,0,1,2,0,2,3,0,2,3,3,1,0,1,3,3,1,3,1,22,14,32,Severe,Moderate,Severe
3,0,0,3,2,3,3,2,3,1,3,3,1,3,3,1,2,3,0,3,1,16,30,40,Moderate,Extremely Severe,Extremely Severe
3,2,3,2,3,3,0,3,3,2,3,3,3,3,2,3,3,3,3,2,3,40,28,42,Extremely Severe,Extremely Severe,Extremely Severe
0,0,1,0,1,0,0,1,1,1,0,0,2,2,0,3,2,0,0,1,2,24,4,6,Severe,Normal,Normal
3,3,3,3,3,3,3,3,3,3,3,3,3,3,3,3,3,3,1,3,3,42,38,42,Extremely Severe,Extremely Severe,Extremely Severe
1,1,1,0,0,1,0,0,0,0,1,0,0,1,0,1,0,1,0,0,0,4,2,10,Normal,Normal,Normal
3,0,3,0,3,2,0,3,3,3,3,0,3,2,0,3,3,3,0,2,3,42,10,32,Extremely Severe,Moderate,Severe
0,0,1,0,3,0,0,1,0,2,1,0,1,0,0,1,0,0,0,0,1,18,0,4,Moderate,Normal,Normal
2,1,3,3,2,1,3,2,3,1,3,2,2,3,1,2,2,2,3,2,1,26,32,30,Severe,Extremely Severe,Severe
1,1,1,1,2,1,1,1,2,2,1,2,2,0,0,1,3,2,0,3,2,26,16,16,Severe,Severe,Mild
1,0,2,0,2,1,0,2,2,3,2,0,3,0,0,1,3,1,0,2,1,30,8,14,Extremely Severe,Mild,Normal
1,2,1,1,1,1,1,1,2,1,2,2,2,2,2,2,3,2,0,1,1,22,18,22,Severe,Severe,Moderate
1,1,2,1,2,1,1,1,0,2,3,1,3,1,1,2,3,0,1,0,2,32,10,16,Extremely Severe,Moderate,Mild
1,3,2,1,3,3,3,3,3,3,2,3,3,2,1,3,3,1,0,2,3,40,26,30,Extremely Severe,Extremely Severe,Severe
3,3,0,0,3,2,0,2,1,1,1,2,2,3,0,1,3,2,0,1,0,20,10,30,Moderate,Moderate,Severe
2,2,1,3,3,3,3,3,3,2,3,3,3,3,1,2,3,3,2,2,1,30,32,40,Extremely Severe,Extremely Severe,Extremely Severe
0,1,0,0,0,1,0,1,3,1,1,1,0,0,0,0,0,0,0,1,0,2,10,8,Normal,Moderate,Normal
1,0,0,0,0,0,0,0,1,0,1,0,1,0,0,0,0,1,0,0,1,4,2,6,Normal,Normal,Normal
2,2,1,1,3,2,1,2,3,3,1,3,2,0,3,1,3,1,3,1,2,30,28,22,Extremely Severe,Extremely Severe,Moderate
2,3,3,1,3,3,1,3,3,3,3,2,3,2,1,3,3,3,2,3,3,42,28,36,Extremely Severe,Extremely Severe,Extremely Severe
2,3,2,1,2,3,3,2,3,2,3,3,3,3,2,3,2,3,1,2,3,34,30,38,Extremely Severe,Extremely Severe,Extremely Severe
3,3,1,3,1,3,3,3,2,1,3,3,3,3,2,2,3,1,1,3,3,28,34,38,Extremely Severe,Extremely Severe,Extremely Severe
0,0,1,0,1,1,0,0,1,0,1,1,0,1,0,1,0,1,1,0,1,8,4,10,Normal,Normal,Normal
3,1,2,1,2,3,1,2,3,1,3,3,3,0,2,3,3,3,1,3,3,34,24,34,Extremely Severe,Extremely Severe,Extremely Severe
2,1,1,1,0,1,2,1,1,1,1,1,1,1,2,1,1,1,0,1,1,12,16,16,Mild,Severe,Mild
3,3,3,1,3,3,3,2,0,3,3,3,3,1,3,3,3,3,2,1,3,42,26,36,Extremely Severe,Extremely Severe,Extremely Severe
0,0,0,0,2,2,1,3,2,0,0,1,0,3,0,0,2,1,2,3,0,8,16,20,Normal,Severe,Moderate
1,0,2,1,2,0,1,1,1,2,2,2,3,2,0,2,3,2,2,1,2,32,12,20,Extremely Severe,Moderate,Moderate
0,3,0,0,0,0,0,0,1,0,0,1,0,1,0,0,0,1,0,0,0,0,8,6,Normal,Mild,Normal
2,2,3,1,3,2,1,2,1,3,1,1,2,2,0,3,3,1,2,2,3,40,18,22,Extremely Severe,Severe,Moderate
3,2,1,2,1,3,3,3,2,2,3,2,3,3,2,1,3,2,1,3,2,26,30,38,Severe,Extremely Severe,Extremely Severe
3,1,0,2,1,2,3,2,0,2,2,1,1,3,3,1,3,3,2,2,3,22,26,32,Severe,Extremely Severe,Severe
3,1,1,0,3,3,0,3,2,2,3,3,3,1,2,3,2,3,0,1,3,34,12,38,Extremely Severe,Moderate,Extremely Severe
0,0,0,0,1,0,0,0,1,1,0,1,0,0,0,0,1,1,0,0,0,6,2,4,Normal,Normal,Normal
3,3,2,3,3,3,3,3,3,3,3,3,3,3,3,3,3,3,2,3,3,40,40,42,Extremely Severe,Extremely Severe,Extremely Severe
1,0,3,2,3,2,0,2,1,2,3,2,3,2,0,3,3,1,3,1,3,40,14,26,Extremely Severe,Moderate,Severe
0,0,3,0,2,2,0,3,3,2,3,2,3,0,0,3,3,0,1,3,3,38,14,20,Extremely Severe,Moderate,Moderate
1,0,1,1,1,1,0,1,2,2,1,0,1,1,0,1,2,1,2,1,2,20,12,12,Moderate,Moderate,Normal
1,1,0,0,1,0,0,1,1,1,1,2,1,1,1,1,1,3,1,1,3,16,10,18,Moderate,Moderate,Mild
1,2,0,1,0,2,0,1,3,1,1,2,1,0,0,1,1,2,1,1,1,10,16,18,Mild,Severe,Mild
1,3,2,1,3,1,3,1,3,1,2,2,2,3,1,3,2,1,1,2,1,28,28,22,Extremely Severe,Extremely Severe,Moderate
3,2,1,1,2,3,1,1,2,1,3,2,2,3,1,2,1,3,1,1,1,20,18,36,Moderate,Severe,Extremely Severe
2,1,3,3,2,1,2,3,3,3,3,1,3,3,2,3,3,0,0,3,3,40,28,26,Extremely Severe,Extremely Severe,Severe
1,1,1,0,1,1,0,1,1,1,2,0,1,2,0,1,2,3,0,1,2,18,6,20,Moderate,Normal,Moderate
0,2,0,0,0,1,0,1,0,0,1,0,0,1,0,2,0,1,1,1,0,4,8,10,Normal,Mild,Normal
2,2,2,0,1,1,1,2,2,0,2,2,1,0,0,1,0,2,0,0,2,14,10,22,Moderate,Moderate,Moderate
1,1,1,0,1,0,0,1,1,1,2,0,1,1,0,1,1,1,0,0,1,14,4,12,Moderate,Normal,Normal
3,0,1,0,1,0,0,0,3,3,3,1,1,2,0,1,3,0,0,1,3,26,8,18,Severe,Mild,Mild
0,0,0,1,0,3,0,1,1,0,1,0,1,0,0,1,1,0,0,0,1,8,4,10,Normal,Normal,Normal
1,0,0,0,0,1,0,0,1,0,2,1,1,0,0,0,1,1,0,0,0,4,2,12,Normal,Normal,Normal
0,2,1,0,0,2,1,2,1,0,2,0,2,1,0,0,0,2,1,1,0,6,12,18,Normal,Moderate,Mild
2,1,0,0,2,2,1,3,3,2,2,1,1,2,0,1,3,3,0,1,0,18,12,30,Moderate,Moderate,Severe
0,1,1,1,1,0,0,0,1,1,0,0,0,1,2,0,0,0,0,0,0,6,10,2,Normal,Moderate,Normal
2,1,2,1,2,3,1,2,2,3,2,1,2,2,1,3,3,2,1,3,2,34,20,28,Extremely Severe,Extremely Severe,Severe
2,2,3,1,2,1,0,1,0,2,3,0,3,2,0,3,2,1,0,0,3,36,6,20,Extremely Severe,Normal,Moderate
1,0,1,0,0,0,0,1,1,1,1,1,2,1,1,1,1,1,2,1,1,14,10,12,Moderate,Moderate,Normal
3,1,1,1,2,2,0,3,2,0,2,2,1,3,3,2,1,2,1,1,2,18,18,34,Moderate,Severe,Extremely Severe
1,0,0,1,1,1,1,0,1,0,1,1,1,1,0,0,1,1,1,0,0,6,8,12,Normal,Mild,Normal
1,0,0,1,0,1,1,0,0,1,2,1,1,1,1,1,1,1,0,0,0,8,6,14,Normal,Normal,Normal
1,1,0,1,1,2,0,0,2,0,2,2,1,3,2,0,3,1,3,2,0,10,22,22,Mild,Extremely Severe,Moderate
3,1,2,1,2,0,0,2,0,2,3,1,1,3,0,2,3,0,0,0,2,28,4,24,Extremely Severe,Normal,Moderate
0,1,0,0,1,0,0,0,0,0,0,0,1,0,0,0,0,0,1,0,0,4,4,0,Normal,Normal,Normal
3,3,3,2,3,2,2,2,3,3,3,2,2,2,1,3,2,3,3,2,3,38,32,34,Extremely Severe,Extremely Severe,Extremely Severe
0,0,3,0,0,0,0,0,0,2,0,0,2,0,0,2,2,0,0,0,2,26,0,0,Severe,Normal,Normal
3,3,3,3,2,3,3,3,3,3,3,3,3,3,3,3,3,2,2,3,3,40,40,40,Extremely Severe,Extremely Severe,Extremely Severe
1,3,1,2,1,1,3,2,2,1,3,2,1,1,2,3,3,3,3,3,1,22,36,26,Severe,Extremely Severe,Severe
0,1,1,1,0,0,2,1,3,1,0,1,0,0,2,0,0,0,3,1,0,4,26,4,Normal,Extremely Severe,Normal
2,3,2,1,1,1,1,1,2,2,2,1,2,2,1,2,3,1,2,1,2,28,22,20,Extremely Severe,Extremely Severe,Moderate
1,0,0,0,1,1,0,1,1,0,2,1,1,1,1,0,1,1,1,0,0,6,6,16,Normal,Normal,Mild
3,2,2,2,3,3,2,3,3,3,3,3,3,2,0,2,3,2,0,3,2,36,24,38,Extremely Severe,Extremely Severe,Extremely Severe
0,1,0,1,0,1,0,0,2,1,2,2,0,1,0,0,3,2,0,2,0,8,12,16,Normal,Moderate,Mild
3,3,1,1,2,2,1,2,2,2,3,1,2,3,2,2,2,3,3,1,2,26,26,34,Severe,Extremely Severe,Extremely Severe
2,2,3,1,3,3,2,2,2,3,3,2,3,2,0,3,3,2,1,1,3,42,18,32,Extremely Severe,Severe,Severe
3,3,1,3,1,3,1,2,2,1,3,1,3,3,0,3,3,1,0,2,3,30,22,32,Extremely Severe,Extremely Severe,Severe
3,3,1,2,3,2,3,3,3,3,3,2,3,2,2,3,2,3,2,3,2,34,36,36,Extremely Severe,Extremely Severe,Extremely Severe
2,3,1,0,2,2,0,2,0,1,2,0,2,1,0,1,1,3,0,0,1,18,6,24,Moderate,Normal,Moderate
3,3,0,0,1,3,0,1,3,1,3,3,1,2,0,1,3,1,1,2,0,14,18,32,Moderate,Severe,Severe
0,0,1,1,3,1,0,0,0,2,0,0,3,1,0,2,2,0,1,0,2,30,4,4,Extremely Severe,Normal,Normal
3,2,3,3,3,3,2,3,3,3,3,3,3,3,2,3,3,3,3,3,3,42,36,42,Extremely Severe,Extremely Severe,Extremely Severe
2,2,1,1,1,2,1,2,2,1,2,2,1,2,0,2,1,3,1,1,1,16,16,30,Moderate,Severe,Severe
1,0,0,0,0,0,0,0,1,0,1,0,1,1,0,0,0,1,0,0,0,2,2,8,Normal,Normal,Normal
3,1,1,1,1,1,1,1,3,0,3,2,1,1,0,1,1,3,1,3,0,10,20,28,Mild,Extremely Severe,Severe
1,1,0,0,1,1,0,0,0,2,0,1,1,1,0,2,0,1,0,0,0,12,2,10,Mild,Normal,Normal
3,3,1,3,2,2,2,0,2,2,1,0,0,3,1,1,1,1,0,1,1,16,24,20,Moderate,Extremely Severe,Moderate
1,3,0,1,3,0,1,1,3,2,1,0,3,2,0,1,3,3,1,3,2,28,24,16,Extremely Severe,Extremely Severe,Mild
1,1,1,1,1,1,0,1,2,1,2,0,2,1,1,1,1,1,0,2,1,16,14,14,Moderate,Moderate,Normal
2,0,1,0,2,1,0,0,1,2,2,1,1,3,0,1,2,3,0,1,1,20,4,24,Moderate,Normal,Moderate
1,0,1,2,3,0,3,1,2,3,0,3,3,3,0,3,3,2,3,3,3,38,26,20,Extremely Severe,Extremely Severe,Moderate
1,3,0,1,0,0,1,1,0,0,0,1,0,2,0,0,0,0,0,0,0,0,10,10,Normal,Moderate,Normal
3,3,1,1,1,2,2,2,1,1,3,2,3,2,1,2,1,1,3,1,1,20,24,30,Moderate,Extremely Severe,Severe
3,3,1,3,3,3,3,3,3,3,3,1,3,1,3,3,3,3,3,3,3,38,42,34,Extremely Severe,Extremely Severe,Extremely Severe
3,0,1,0,0,3,0,0,1,1,3,0,3,3,0,3,0,0,2,0,0,16,6,24,Moderate,Normal,Moderate
1,1,1,0,1,0,0,1,2,3,1,2,3,0,1,1,3,2,3,0,3,30,14,14,Extremely Severe,Moderate,Normal
2,1,1,1,1,2,3,1,2,0,3,1,3,2,3,2,1,1,3,3,1,18,32,24,Moderate,Extremely Severe,Moderate
2,2,2,0,1,2,0,1,2,1,3,0,2,0,0,3,3,3,0,0,2,28,8,22,Extremely Severe,Mild,Moderate
1,1,1,2,3,2,2,2,2,2,2,2,2,2,1,3,1,1,2,1,2,28,22,24,Extremely Severe,Extremely Severe,Moderate
0,0,0,0,0,0,0,0,1,1,0,1,1,1,0,1,1,0,0,0,0,8,2,4,Normal,Normal,Normal
1,2,1,0,3,0,2,1,3,2,2,2,3,0,0,2,2,1,1,0,0,26,16,14,Severe,Severe,Normal
0,0,0,0,1,0,0,1,1,1,0,0,1,0,1,0,0,0,1,0,1,8,6,2,Normal,Normal,Normal
1,0,1,0,1,1,0,1,1,1,1,1,1,1,0,1,1,1,1,1,1,14,6,14,Moderate,Normal,Normal
3,2,1,2,1,3,1,3,3,1,3,1,2,2,2,1,1,3,0,3,1,16,26,36,Moderate,Extremely Severe,Extremely Severe
3,2,1,3,3,1,3,3,3,2,2,3,3,3,3,3,3,3,3,3,3,36,40,36,Extremely Severe,Extremely Severe,Extremely Severe
1,0,1,2,3,0,0,2,2,2,3,1,3,0,2,3,2,3,0,3,2,32,18,20,Extremely Severe,Severe,Moderate
0,0,1,0,2,1,0,0,0,2,1,1,1,1,2,0,1,0,0,2,2,18,8,8,Moderate,Mild,Normal
3,2,3,3,3,3,2,2,3,3,3,2,3,3,1,3,3,3,3,3,3,42,34,38,Extremely Severe,Extremely Severe,Extremely Severe
0,0,0,0,0,0,0,0,0,0,0,0,0,0,0,0,0,0,0,0,0,0,0,0,Normal,Normal,Normal
0,1,3,0,3,0,0,1,0,3,0,0,2,0,0,3,1,0,0,1,1,32,4,2,Extremely Severe,Normal,Normal
2,1,0,1,0,0,0,1,1,1,1,0,0,1,0,3,0,1,1,3,0,8,14,12,Normal,Moderate,Normal
0,1,0,0,0,1,0,0,0,0,1,0,0,1,0,0,0,1,0,0,0,0,2,8,Normal,Normal,Normal
2,1,1,2,2,1,2,2,1,3,1,2,3,2,1,1,1,2,0,2,2,26,18,24,Severe,Severe,Moderate
2,2,2,1,2,2,2,2,0,3,3,0,3,3,0,1,3,2,0,0,2,32,10,28,Extremely Severe,Moderate,Severe
1,1,0,1,0,0,0,1,1,0,1,1,2,1,0,0,0,2,0,1,0,4,8,14,Normal,Mild,Normal
3,2,2,0,2,2,0,1,2,3,2,1,3,2,1,3,2,2,1,1,2,34,14,26,Extremely Severe,Moderate,Severe
1,0,1,0,1,3,1,0,1,0,2,2,2,1,3,1,3,3,0,3,0,16,16,24,Moderate,Severe,Moderate
3,3,3,3,3,3,3,3,3,3,3,3,3,3,3,3,3,3,3,3,3,42,42,42,Extremely Severe,Extremely Severe,Extremely Severe
1,1,2,0,1,1,0,1,1,1,1,1,2,0,0,1,2,0,1,1,1,20,8,10,Moderate,Mild,Normal
3,3,3,0,3,3,1,3,0,3,3,3,3,3,0,3,3,3,3,2,3,42,18,42,Extremely Severe,Severe,Extremely Severe
0,0,0,0,0,0,0,0,0,0,0,0,0,0,0,0,0,0,0,0,0,0,0,0,Normal,Normal,Normal
3,3,3,3,1,1,0,3,3,3,3,3,3,3,0,3,3,2,3,3,3,38,30,36,Extremely Severe,Extremely Severe,Extremely Severe
3,3,1,1,1,1,0,1,2,2,3,1,2,3,0,2,2,0,2,3,3,26,22,24,Severe,Extremely Severe,Moderate
0,0,0,0,0,0,0,0,0,0,0,0,0,1,0,0,1,0,0,0,0,2,0,2,Normal,Normal,Normal
3,1,1,2,3,3,3,1,3,2,3,1,2,3,2,1,3,3,2,2,2,28,30,34,Extremely Severe,Extremely Severe,Extremely Severe
0,2,1,0,3,0,3,0,1,0,2,1,1,1,0,3,3,0,2,1,1,24,18,8,Severe,Severe,Normal
3,3,2,0,3,1,1,1,3,0,2,3,3,2,0,0,3,1,0,3,0,22,20,26,Severe,Extremely Severe,Severe
3,1,1,0,1,1,2,2,1,1,3,1,2,2,2,1,1,2,1,1,0,14,16,28,Moderate,Severe,Severe
2,1,0,0,3,2,1,2,1,1,3,1,0,2,0,3,0,3,0,1,0,14,8,30,Moderate,Mild,Severe
3,2,0,2,3,3,2,3,3,1,3,2,1,3,1,1,1,1,1,2,0,14,26,36,Moderate,Extremely Severe,Extremely Severe
3,3,1,1,2,1,1,1,0,2,3,1,3,0,0,1,3,3,1,0,3,30,12,24,Extremely Severe,Moderate,Moderate
1,0,1,0,1,0,0,1,1,1,1,1,1,1,0,1,1,1,0,1,2,16,4,12,Moderate,Normal,Normal
1,2,1,3,2,1,1,1,2,1,1,2,3,1,1,3,1,1,0,3,2,26,24,16,Severe,Extremely Severe,Mild
0,2,0,1,1,1,0,1,3,0,1,0,1,2,1,2,0,1,0,0,0,8,14,12,Normal,Moderate,Normal
1,0,1,0,2,1,0,1,3,3,1,1,1,3,0,0,2,2,0,2,1,20,10,20,Moderate,Moderate,Moderate
3,0,0,0,0,0,0,0,3,0,3,1,2,1,0,3,3,0,0,0,1,18,6,16,Moderate,Normal,Mild
1,0,1,0,3,0,0,0,0,2,2,0,2,2,0,3,0,0,0,0,2,26,0,10,Severe,Normal,Normal
0,0,0,1,1,0,1,1,1,1,2,1,1,2,0,1,1,2,1,1,0,10,10,16,Mild,Moderate,Mild
2,1,1,0,1,0,0,2,0,3,2,0,2,0,2,2,3,2,0,0,2,28,6,16,Extremely Severe,Normal,Mild
3,2,3,3,3,1,1,3,3,2,3,2,3,1,1,3,2,1,1,3,0,32,28,28,Extremely Severe,Extremely Severe,Severe
2,3,1,1,1,1,2,2,2,1,3,1,1,3,3,1,2,1,2,2,1,16,30,26,Moderate,Extremely Severe,Severe
2,1,2,0,2,2,1,2,2,3,2,1,2,1,1,2,2,1,1,2,3,32,16,22,Extremely Severe,Severe,Moderate
2,2,2,3,2,3,3,1,3,0,2,3,2,1,0,1,2,0,0,2,1,20,26,24,Moderate,Extremely Severe,Moderate
1,0,1,2,2,3,2,0,2,2,2,2,2,1,2,2,2,0,3,2,2,26,26,18,Severe,Extremely Severe,Mild
2,2,2,1,2,2,1,2,2,2,2,2,3,2,1,2,3,1,1,2,3,34,20,26,Extremely Severe,Extremely Severe,Severe
1,0,1,1,1,1,1,2,3,3,2,2,3,2,0,2,1,3,3,0,1,24,16,26,Severe,Severe,Severe
3,1,2,0,2,3,1,3,2,1,3,2,3,3,0,2,1,3,1,2,0,22,14,40,Severe,Moderate,Extremely Severe
2,0,1,1,2,3,0,3,3,2,1,3,2,2,1,2,2,3,3,3,3,28,22,34,Extremely Severe,Extremely Severe,Extremely Severe
1,0,0,1,1,1,1,0,1,0,0,2,0,1,0,0,0,1,0,2,0,2,10,12,Normal,Moderate,Normal
1,0,0,1,1,3,0,1,0,1,2,0,2,3,0,1,1,2,1,1,0,12,6,24,Mild,Normal,Moderate
0,1,0,0,0,1,0,1,0,0,1,1,0,1,1,0,1,0,1,0,0,2,6,10,Normal,Normal,Normal
1,0,1,1,1,2,0,1,1,1,1,0,2,0,0,2,2,1,0,1,1,20,6,12,Moderate,Normal,Normal
2,2,0,2,1,3,1,2,2,1,2,1,2,0,0,0,3,2,2,1,3,20,20,24,Moderate,Extremely Severe,Moderate
1,2,1,2,2,1,2,3,2,0,1,2,0,2,2,1,0,1,2,2,0,8,28,22,Normal,Extremely Severe,Moderate
0,0,2,0,0,0,0,3,2,1,1,1,2,3,0,3,0,1,1,0,0,16,6,18,Moderate,Normal,Mild
2,1,1,0,2,3,1,1,3,2,3,1,3,3,0,3,3,2,2,1,3,34,16,30,Extremely Severe,Severe,Severe
1,2,0,1,2,1,2,1,1,0,1,1,1,1,0,0,1,2,1,1,1,10,16,16,Mild,Severe,Mild
0,0,3,1,3,0,2,3,0,0,2,1,3,0,0,3,2,3,0,3,1,30,12,18,Extremely Severe,Moderate,Mild
2,0,2,0,1,2,0,2,3,1,3,2,1,3,0,2,0,1,1,0,2,18,8,30,Moderate,Mild,Severe
2,1,3,1,3,2,2,1,3,3,3,3,3,2,1,3,3,1,0,3,3,42,22,28,Extremely Severe,Extremely Severe,Severe
0,0,1,0,2,0,1,2,1,1,0,0,1,0,2,1,0,1,2,0,1,14,12,6,Moderate,Moderate,Normal
2,0,3,2,2,2,3,2,2,2,3,3,3,3,3,3,2,0,3,2,3,36,30,30,Extremely Severe,Extremely Severe,Severe
2,0,1,3,2,1,3,2,2,2,0,1,2,0,3,3,3,2,2,1,1,28,28,16,Extremely Severe,Extremely Severe,Mild
0,1,0,0,1,1,0,1,1,0,1,0,1,1,0,0,1,1,0,0,0,6,4,10,Normal,Normal,Normal
3,2,2,0,3,3,0,1,3,2,3,1,2,3,0,1,3,2,0,1,3,32,12,32,Extremely Severe,Moderate,Severe
0,0,0,0,0,1,0,0,0,0,1,0,0,0,1,0,0,1,0,0,0,0,2,6,Normal,Normal,Normal
2,0,1,0,1,3,1,1,1,1,2,1,1,3,0,1,1,1,0,1,1,14,6,26,Moderate,Normal,Severe
0,1,1,0,1,0,0,1,0,0,1,0,1,0,0,1,0,0,0,0,0,8,2,4,Normal,Normal,Normal
2,2,1,0,0,3,0,3,0,1,1,1,1,3,0,0,0,2,0,1,0,6,6,30,Normal,Normal,Severe
3,2,1,3,3,3,2,3,2,3,3,2,3,3,2,2,3,3,2,3,3,36,32,40,Extremely Severe,Extremely Severe,Extremely Severe
3,3,3,3,3,3,0,3,3,3,1,3,3,3,0,3,3,1,3,3,3,42,30,34,Extremely Severe,Extremely Severe,Extremely Severe
0,0,0,2,1,1,1,1,1,0,0,2,2,2,0,1,1,1,2,1,0,10,14,14,Mild,Moderate,Normal
3,1,2,3,2,3,1,3,3,2,3,3,2,3,2,3,2,3,1,1,2,30,24,42,Extremely Severe,Extremely Severe,Extremely Severe
1,1,1,1,3,1,1,2,2,3,1,2,1,1,1,3,3,1,1,1,3,34,16,18,Extremely Severe,Severe,Mild
2,3,1,0,0,1,2,1,2,0,2,1,1,1,0,1,0,2,0,1,0,6,16,20,Normal,Severe,Moderate
2,0,1,0,2,2,0,1,2,2,2,1,2,1,0,3,3,2,0,1,1,28,6,22,Extremely Severe,Normal,Moderate
0,0,3,0,0,1,0,0,0,0,1,0,0,1,0,1,0,0,1,0,1,10,2,6,Mild,Normal,Normal
1,1,1,0,1,1,1,1,1,0,1,1,2,0,1,1,0,1,1,1,1,12,12,12,Mild,Moderate,Normal
2,2,1,1,1,3,1,3,1,3,3,3,3,3,1,3,3,3,1,1,3,34,16,40,Extremely Severe,Severe,Extremely Severe
2,1,3,1,3,1,2,2,3,3,3,2,3,0,0,3,3,2,3,1,2,40,22,24,Extremely Severe,Extremely Severe,Moderate
0,0,2,0,0,0,0,0,0,1,0,0,0,0,0,1,0,0,0,0,0,8,0,0,Normal,Normal,Normal
3,3,1,1,3,3,2,3,1,3,3,1,3,1,2,3,3,3,1,2,3,38,24,34,Extremely Severe,Extremely Severe,Extremely Severe
3,3,0,1,0,2,0,2,1,0,3,1,2,1,1,0,0,2,0,2,0,4,16,28,Normal,Severe,Severe
3,0,3,2,3,1,0,3,3,1,3,3,3,2,2,3,3,2,2,2,3,38,22,34,Extremely Severe,Extremely Severe,Extremely Severe
0,1,0,0,0,0,0,0,1,1,0,0,1,1,0,1,2,1,1,0,1,12,6,4,Mild,Normal,Normal
1,0,0,0,1,1,0,2,1,0,3,2,1,2,0,0,2,1,0,0,0,8,2,24,Normal,Normal,Moderate
2,1,2,0,3,2,1,1,1,3,3,1,3,2,1,3,2,0,1,2,3,38,14,22,Extremely Severe,Moderate,Moderate
3,2,2,1,1,1,0,1,1,2,2,1,3,3,2,1,3,3,1,1,2,28,16,28,Extremely Severe,Severe,Severe
1,3,1,2,2,2,1,3,1,2,3,1,3,1,0,2,2,2,0,2,2,28,18,26,Extremely Severe,Severe,Severe
1,1,1,1,2,1,1,1,1,1,1,1,1,1,1,1,2,1,1,1,1,18,14,14,Moderate,Moderate,Normal
0,1,0,3,0,2,1,0,1,0,1,1,1,1,3,1,0,0,2,0,0,4,22,10,Normal,Extremely Severe,Normal
1,0,0,0,0,1,0,1,1,0,0,0,0,1,0,0,0,1,0,0,1,2,2,10,Normal,Normal,Normal
1,1,0,0,1,0,0,0,1,2,1,1,1,1,0,1,2,1,0,2,0,14,8,10,Moderate,Mild,Normal
2,2,2,1,1,3,0,0,2,1,2,1,1,1,0,1,1,0,0,1,1,16,12,18,Moderate,Moderate,Mild
0,3,0,1,0,0,0,0,0,0,0,0,0,0,0,0,0,0,1,0,0,0,10,0,Normal,Moderate,Normal
1,1,1,0,3,1,1,2,1,1,1,1,1,2,1,2,1,1,0,1,0,18,10,18,Moderate,Moderate,Mild
0,2,1,1,0,1,1,0,3,2,1,1,3,1,0,0,0,1,0,2,0,12,18,10,Mild,Severe,Normal
3,0,3,0,3,1,0,3,3,3,3,3,3,1,1,3,3,3,2,2,3,42,16,34,Extremely Severe,Severe,Extremely Severe
3,0,2,0,1,3,0,2,3,2,3,3,2,3,1,0,3,3,0,2,3,26,12,40,Severe,Moderate,Extremely Severe
1,1,1,1,3,1,1,0,3,3,1,0,2,2,0,1,3,2,0,1,3,32,14,14,Extremely Severe,Moderate,Normal
2,0,0,0,2,0,0,1,1,1,1,0,1,2,1,0,1,1,1,1,0,10,8,14,Mild,Mild,Normal
0,0,1,0,2,0,1,1,1,2,0,2,2,3,0,3,1,0,1,0,1,24,6,12,Severe,Normal,Normal
2,0,3,1,2,0,1,1,1,2,3,1,3,1,0,3,2,1,0,3,2,34,12,18,Extremely Severe,Moderate,Mild
0,0,0,0,0,0,0,2,3,0,1,2,1,2,1,0,0,1,0,0,0,2,8,16,Normal,Mild,Mild
0,1,0,0,0,1,0,1,1,0,1,0,1,1,1,0,0,1,0,1,0,2,8,10,Normal,Mild,Normal
0,0,1,0,0,0,0,0,1,1,0,1,1,0,0,2,1,0,0,1,1,14,4,2,Moderate,Normal,Normal
2,0,2,0,2,2,3,1,1,2,3,1,1,1,1,2,1,0,1,0,0,20,12,20,Moderate,Moderate,Moderate
1,3,1,2,1,3,3,3,3,1,3,3,3,3,2,1,3,3,3,3,0,20,38,38,Moderate,Extremely Severe,Extremely Severe
1,3,1,1,1,1,1,1,1,0,1,1,1,3,0,2,3,0,1,0,2,20,14,16,Moderate,Moderate,Mild
1,3,1,0,0,0,1,1,1,1,1,0,2,1,0,1,1,1,3,0,1,14,16,10,Moderate,Severe,Normal
1,0,1,2,3,0,1,2,1,1,1,2,1,1,2,1,2,0,2,2,1,20,20,14,Moderate,Extremely Severe,Normal
3,1,3,2,3,3,3,3,3,3,3,3,3,3,3,3,3,3,3,3,3,42,36,42,Extremely Severe,Extremely Severe,Extremely Severe
2,1,2,1,3,2,0,2,3,2,2,1,2,2,2,2,2,2,1,3,2,30,22,26,Extremely Severe,Extremely Severe,Severe
3,1,1,2,3,2,1,1,2,2,2,1,3,1,1,2,3,1,0,3,3,34,20,22,Extremely Severe,Extremely Severe,Moderate
0,0,0,2,1,0,1,1,0,1,0,1,3,1,1,1,2,1,1,1,3,22,12,8,Severe,Moderate,Normal
3,1,3,3,3,3,3,3,2,3,3,3,3,2,3,3,3,3,3,3,2,40,36,40,Extremely Severe,Extremely Severe,Extremely Severe
3,3,2,1,3,2,2,2,3,3,3,2,3,3,1,1,3,3,1,3,3,36,28,36,Extremely Severe,Extremely Severe,Extremely Severe
1,2,1,0,1,1,1,1,3,0,1,1,1,3,1,0,0,3,0,1,0,6,16,22,Normal,Severe,Moderate
1,0,1,0,0,1,1,0,1,0,1,0,1,1,0,0,0,1,0,0,0,4,4,10,Normal,Normal,Normal
1,0,0,0,1,0,0,0,0,0,1,0,1,1,0,1,1,1,0,0,0,8,0,8,Normal,Normal,Normal
2,0,1,1,1,3,0,0,3,3,2,1,3,1,0,1,3,3,0,1,3,30,10,24,Extremely Severe,Moderate,Moderate
1,2,2,3,2,2,2,2,2,2,2,2,2,1,2,1,2,0,3,2,1,24,32,20,Severe,Extremely Severe,Moderate
2,1,0,0,1,1,0,1,1,2,1,1,1,1,0,1,1,1,0,1,1,14,6,16,Moderate,Normal,Mild
3,1,2,1,2,2,0,3,2,1,3,1,3,1,1,3,2,2,0,2,1,28,14,30,Extremely Severe,Moderate,Severe
1,0,1,0,1,0,0,0,0,1,1,1,2,2,0,1,1,0,0,0,1,16,0,10,Moderate,Normal,Normal
1,2,2,0,3,1,2,1,3,2,1,1,3,0,0,2,2,1,1,2,1,30,20,12,Extremely Severe,Extremely Severe,Normal
1,0,1,3,2,3,0,1,2,0,2,3,2,3,1,2,1,1,0,0,0,16,12,28,Moderate,Moderate,Severe
0,3,1,2,1,2,3,1,2,0,3,3,2,3,2,2,2,0,1,2,1,18,30,24,Moderate,Extremely Severe,Moderate
1,0,0,0,0,2,1,2,2,1,2,1,1,1,0,0,0,2,2,1,0,4,12,22,Normal,Moderate,Moderate
0,0,0,0,0,0,0,0,0,0,0,1,0,1,0,0,0,0,1,0,0,0,2,4,Normal,Normal,Normal
3,2,1,2,2,3,1,2,3,3,3,3,3,3,1,2,3,2,2,2,3,34,26,38,Extremely Severe,Extremely Severe,Extremely Severe
1,0,3,0,3,1,0,3,3,3,2,2,3,2,0,3,3,1,0,3,3,42,12,24,Extremely Severe,Moderate,Moderate
2,0,1,0,2,1,0,3,1,1,2,1,1,3,0,1,1,1,0,0,0,14,2,26,Moderate,Normal,Severe
2,0,1,2,3,3,3,3,3,3,3,3,3,1,2,3,3,2,1,3,3,38,28,34,Extremely Severe,Extremely Severe,Extremely Severe
3,1,0,1,1,3,0,2,1,0,3,3,2,1,0,2,0,1,1,3,0,10,14,32,Mild,Moderate,Severe
0,3,2,3,3,3,3,2,2,2,1,3,3,1,0,3,3,3,0,3,3,38,28,26,Extremely Severe,Extremely Severe,Severe
3,2,1,3,2,2,1,1,2,2,2,3,1,0,1,3,2,3,0,1,2,26,20,28,Severe,Extremely Severe,Severe
0,3,0,0,0,3,0,2,0,0,3,2,0,0,2,0,0,0,0,0,1,2,10,20,Normal,Moderate,Moderate
1,0,1,2,1,3,0,2,2,2,2,3,3,3,2,0,1,3,0,3,2,20,18,34,Moderate,Severe,Extremely Severe
0,3,1,3,2,2,3,2,2,2,1,3,2,3,2,2,3,2,1,2,1,26,32,26,Severe,Extremely Severe,Severe
2,3,3,1,3,3,3,3,3,3,1,3,3,3,0,3,3,3,3,2,3,42,30,36,Extremely Severe,Extremely Severe,Extremely Severe
3,2,3,3,3,3,3,3,2,3,3,3,3,3,3,3,3,3,1,2,3,42,32,42,Extremely Severe,Extremely Severe,Extremely Severe
2,1,0,0,0,1,0,0,0,1,0,0,0,0,1,0,0,1,0,1,0,2,6,8,Normal,Normal,Normal
0,0,0,0,0,0,0,0,0,0,1,0,0,0,0,0,0,0,0,0,0,0,0,2,Normal,Normal,Normal
2,1,1,3,2,2,0,1,3,1,2,2,3,1,0,2,3,2,1,2,2,28,20,24,Extremely Severe,Extremely Severe,Moderate
2,1,1,1,1,2,1,2,1,1,3,0,3,1,2,2,3,1,0,1,1,24,14,22,Severe,Moderate,Moderate
2,0,2,1,2,2,1,1,2,2,2,1,2,1,2,2,2,1,2,1,2,28,18,20,Extremely Severe,Severe,Moderate
0,0,0,0,0,0,0,1,0,0,1,0,1,2,0,0,0,0,0,0,0,2,0,8,Normal,Normal,Normal
1,1,1,1,2,2,3,1,1,1,1,1,3,3,1,1,1,1,1,2,1,20,20,20,Moderate,Extremely Severe,Moderate
0,0,0,0,3,3,0,1,2,2,1,3,2,3,3,2,3,1,0,3,0,24,16,24,Severe,Severe,Moderate
3,0,3,2,2,3,3,3,3,3,2,3,3,2,3,3,3,2,0,3,2,38,28,36,Extremely Severe,Extremely Severe,Extremely Severe
3,2,1,2,1,2,1,2,3,1,3,0,2,3,3,2,3,1,1,3,3,26,30,28,Severe,Extremely Severe,Severe
2,0,1,1,2,1,2,1,3,3,2,3,3,1,1,3,3,1,0,3,3,36,20,22,Extremely Severe,Extremely Severe,Moderate
3,2,1,1,1,2,1,1,1,1,2,1,1,2,0,1,2,2,0,1,1,16,12,26,Moderate,Moderate,Severe
3,0,1,2,2,2,1,1,3,1,2,3,3,3,1,1,3,1,3,3,3,28,26,30,Extremely Severe,Extremely Severe,Severe
2,1,1,0,1,3,2,2,3,1,3,1,3,2,1,1,2,1,0,1,2,22,16,28,Severe,Severe,Severe
1,0,1,2,1,1,2,1,3,1,1,2,2,1,1,1,2,2,2,3,1,18,26,18,Moderate,Extremely Severe,Mild
1,0,2,0,2,2,0,2,1,1,2,0,2,3,2,1,2,2,0,1,2,24,8,24,Severe,Mild,Moderate
3,1,2,2,3,2,3,3,2,3,3,3,3,1,2,3,2,3,2,2,3,38,28,36,Extremely Severe,Extremely Severe,Extremely Severe
3,0,1,0,1,2,0,1,0,0,2,2,2,2,0,1,0,0,3,1,0,10,8,24,Mild,Mild,Moderate
2,2,1,2,2,3,1,1,2,1,3,2,3,2,1,3,2,2,2,2,2,28,24,30,Extremely Severe,Extremely Severe,Severe
1,3,3,3,3,3,1,1,3,3,3,1,3,3,1,3,3,1,3,1,3,42,30,26,Extremely Severe,Extremely Severe,Severe
1,1,0,1,1,1,2,1,2,0,1,1,1,3,2,1,1,2,1,1,1,10,20,20,Mild,Extremely Severe,Moderate
0,0,0,0,2,1,0,0,0,0,0,1,0,1,0,0,0,1,0,0,0,4,0,8,Normal,Normal,Normal
1,0,0,0,1,1,1,0,0,1,1,1,1,0,0,1,1,0,0,0,1,12,2,8,Mild,Normal,Normal
2,2,2,2,3,2,2,3,2,2,2,3,3,0,2,1,2,3,2,2,1,28,28,30,Extremely Severe,Extremely Severe,Severe
1,1,1,1,1,1,0,1,2,1,1,1,1,1,0,1,1,2,1,1,2,16,12,16,Moderate,Moderate,Mild
3,1,2,0,3,2,1,2,2,3,2,1,2,2,0,3,3,3,3,1,3,38,16,30,Extremely Severe,Severe,Severe
1,1,1,0,1,0,1,0,1,0,1,0,2,0,0,1,1,2,1,0,0,12,8,8,Mild,Mild,Normal
2,1,1,1,1,2,1,1,3,3,3,2,2,1,1,1,2,3,2,2,0,20,22,28,Moderate,Extremely Severe,Severe
3,1,3,1,3,3,2,3,3,3,3,3,3,3,3,3,3,3,3,3,3,42,32,42,Extremely Severe,Extremely Severe,Extremely Severe
0,1,1,0,0,1,0,1,0,0,0,1,0,2,0,1,0,1,1,0,0,4,4,12,Normal,Normal,Normal
1,1,1,0,1,0,0,1,1,1,2,1,1,1,1,2,2,1,0,1,1,18,8,14,Moderate,Mild,Normal
3,0,3,0,3,3,0,3,2,3,3,3,3,3,0,3,3,3,0,0,3,42,4,42,Extremely Severe,Normal,Extremely Severe
3,3,0,0,0,1,0,1,1,0,3,2,3,3,0,0,3,2,1,0,3,18,10,30,Moderate,Moderate,Severe
1,0,1,0,1,3,0,1,1,2,0,0,2,0,0,2,3,0,0,0,3,28,2,10,Extremely Severe,Normal,Normal
2,0,1,0,3,2,0,0,1,1,2,0,1,3,0,0,2,2,0,0,3,22,2,22,Severe,Normal,Moderate
2,2,2,2,2,2,2,3,3,2,2,2,3,3,2,3,3,2,2,3,2,34,32,32,Extremely Severe,Extremely Severe,Severe
2,0,2,0,2,1,1,1,3,1,1,1,2,0,0,0,2,0,2,1,0,18,14,12,Moderate,Moderate,Normal
3,3,1,3,3,3,3,3,3,3,3,3,3,2,3,3,3,3,3,3,3,38,42,40,Extremely Severe,Extremely Severe,Extremely Severe
0,0,0,0,0,0,0,0,0,0,0,0,0,1,0,0,0,1,0,0,0,0,0,4,Normal,Normal,Normal
1,3,3,3,3,3,3,1,2,3,3,2,3,0,2,3,3,0,0,3,3,42,32,20,Extremely Severe,Extremely Severe,Moderate
1,0,1,0,1,2,0,0,1,2,1,0,1,1,0,3,2,0,0,0,2,24,2,10,Severe,Normal,Normal
0,0,0,0,0,2,0,0,1,0,1,0,0,1,0,0,0,1,1,1,0,0,6,10,Normal,Normal,Normal
2,2,1,1,1,3,1,3,1,1,3,1,2,3,1,3,1,1,0,0,0,18,12,32,Moderate,Moderate,Severe
0,1,0,0,0,2,3,0,2,1,1,3,1,0,2,0,0,1,0,0,0,4,16,14,Normal,Severe,Normal
2,1,1,1,1,3,1,2,1,2,3,1,1,3,0,2,3,2,2,3,1,22,18,32,Severe,Severe,Severe
1,1,1,2,1,0,2,2,2,2,1,2,2,0,3,1,1,1,3,1,1,18,28,14,Moderate,Extremely Severe,Normal
3,2,0,3,1,3,3,2,3,2,2,3,2,3,0,1,2,2,2,1,1,18,28,36,Moderate,Extremely Severe,Extremely Severe
0,0,0,0,0,0,1,0,0,0,0,0,0,1,1,0,2,0,0,0,0,4,4,2,Normal,Normal,Normal
1,0,0,0,0,0,0,1,2,0,1,2,0,2,0,0,0,1,1,2,0,0,10,16,Normal,Moderate,Mild
1,1,1,0,3,1,0,2,1,3,2,0,1,3,0,3,2,0,2,1,2,30,10,18,Extremely Severe,Moderate,Mild
1,0,0,0,0,1,0,0,0,0,2,0,0,1,0,1,0,0,1,1,0,2,4,10,Normal,Normal,Normal
0,0,0,0,0,0,0,2,1,0,1,0,1,1,0,1,0,0,0,0,0,4,2,8,Normal,Normal,Normal
1,3,1,0,1,1,0,0,1,1,1,0,1,1,0,0,2,1,0,1,1,14,10,10,Moderate,Moderate,Normal
1,2,1,1,3,3,2,1,1,2,3,2,2,2,1,1,3,3,3,3,3,30,26,30,Extremely Severe,Extremely Severe,Severe
1,0,1,1,1,2,1,1,1,1,1,1,1,1,1,1,1,1,1,1,1,14,12,16,Moderate,Moderate,Mild
0,0,0,0,0,1,0,0,1,0,0,0,0,0,0,1,0,0,0,0,0,2,2,2,Normal,Normal,Normal
1,1,0,0,2,1,1,2,1,2,2,1,2,2,0,2,1,1,0,1,0,18,8,20,Moderate,Mild,Moderate
3,3,1,1,3,3,1,2,1,1,3,0,3,3,2,3,2,2,2,0,0,26,20,32,Severe,Extremely Severe,Severe
2,0,0,0,1,2,0,0,0,0,1,0,0,3,0,0,1,1,0,0,0,4,0,18,Normal,Normal,Mild
2,0,2,2,2,1,1,2,3,3,1,2,2,3,0,2,1,2,1,2,2,28,18,26,Extremely Severe,Severe,Severe
1,1,0,0,0,1,0,0,1,0,1,1,1,1,0,0,0,1,0,0,0,2,4,12,Normal,Normal,Normal
0,0,0,0,0,0,0,0,3,0,0,0,0,0,0,0,0,0,0,0,0,0,6,0,Normal,Normal,Normal
0,1,0,1,0,0,0,0,0,0,1,0,0,0,0,0,0,0,0,0,0,0,4,2,Normal,Normal,Normal
1,0,3,0,3,2,0,1,2,3,1,2,2,2,1,3,3,2,0,2,3,40,10,22,Extremely Severe,Moderate,Moderate
1,0,1,1,1,2,1,1,2,1,1,1,1,2,1,2,2,1,1,1,1,18,14,18,Moderate,Moderate,Mild
0,0,0,1,2,0,0,0,2,0,0,2,1,1,0,2,0,1,2,0,0,10,10,8,Mild,Moderate,Normal
1,0,0,0,0,1,0,1,0,1,1,1,1,1,0,1,1,1,0,0,0,8,0,14,Normal,Normal,Normal
1,2,1,2,1,2,3,1,2,1,2,2,3,2,0,0,2,3,1,1,0,16,22,26,Moderate,Extremely Severe,Severe
1,0,1,0,1,1,0,3,3,2,2,1,3,2,1,3,2,2,1,0,1,26,10,24,Severe,Moderate,Moderate
1,2,1,2,2,2,2,2,2,2,2,1,3,1,2,3,2,1,0,2,1,28,24,20,Extremely Severe,Extremely Severe,Moderate
2,2,1,0,1,2,1,1,0,1,2,2,1,0,0,3,2,1,3,1,0,18,14,20,Moderate,Moderate,Moderate
3,3,3,0,0,3,0,3,3,1,3,3,3,3,3,3,0,3,1,1,2,24,22,42,Severe,Extremely Severe,Extremely Severe
2,1,1,2,2,2,3,2,1,3,2,2,3,1,1,3,3,3,3,3,3,36,28,28,Extremely Severe,Extremely Severe,Severe
1,1,0,0,2,1,0,0,0,0,1,0,0,0,1,0,0,1,0,1,0,4,6,8,Normal,Normal,Normal
1,0,1,2,2,1,0,2,1,2,1,1,3,1,0,2,2,2,0,1,1,26,8,18,Severe,Mild,Mild
1,1,0,0,0,1,0,1,1,0,1,1,0,1,0,1,1,0,0,1,0,4,6,12,Normal,Normal,Normal
0,0,0,0,0,0,0,0,1,0,0,0,0,1,0,0,1,0,0,0,0,2,2,2,Normal,Normal,Normal
3,1,1,0,0,1,0,2,3,1,3,1,1,3,0,1,0,0,1,2,0,8,14,26,Normal,Moderate,Severe
1,0,1,0,2,0,0,3,2,2,1,1,1,0,0,3,0,1,1,1,1,20,8,14,Moderate,Mild,Normal
1,0,1,0,1,1,0,1,1,2,1,1,0,2,0,1,2,1,1,0,1,16,4,16,Moderate,Normal,Mild
0,0,1,1,0,3,1,1,3,0,2,1,3,1,0,2,1,3,0,0,0,14,10,22,Moderate,Moderate,Moderate
2,3,3,1,3,2,2,1,2,3,1,3,3,2,2,3,3,1,2,2,2,40,28,24,Extremely Severe,Extremely Severe,Moderate
1,1,0,1,2,1,0,2,2,2,2,1,2,2,1,2,2,1,0,1,1,22,12,20,Severe,Moderate,Moderate
0,2,0,0,0,0,0,0,0,0,0,0,0,1,0,0,1,1,1,0,2,6,6,4,Normal,Normal,Normal
1,0,0,0,0,1,0,0,2,0,0,1,0,2,0,0,0,1,0,0,0,0,4,12,Normal,Normal,Normal
2,2,1,2,2,2,2,2,2,2,2,1,2,2,0,2,2,2,1,2,2,26,22,26,Severe,Extremely Severe,Severe
1,2,1,1,1,2,1,2,3,1,1,1,1,1,1,1,1,1,1,2,1,14,22,18,Moderate,Extremely Severe,Mild
0,1,1,0,1,2,0,1,1,0,1,0,1,3,0,0,2,2,0,1,1,12,6,18,Mild,Normal,Mild
2,0,0,0,2,2,0,0,2,0,2,2,2,1,0,2,0,0,0,2,0,12,8,18,Mild,Mild,Mild
1,1,0,0,1,1,1,1,2,0,1,1,1,1,0,1,0,1,0,2,0,6,12,14,Normal,Moderate,Normal
2,0,2,1,1,1,1,1,1,2,2,1,2,1,1,2,3,3,1,0,1,26,10,22,Severe,Moderate,Moderate
2,1,1,2,2,2,1,2,3,2,2,2,3,1,1,1,3,1,3,2,3,30,26,24,Extremely Severe,Extremely Severe,Moderate
2,2,2,2,2,2,2,2,1,2,2,2,2,2,1,2,2,2,2,2,2,28,24,28,Extremely Severe,Extremely Severe,Severe
3,3,2,2,2,3,3,2,2,3,2,3,2,2,2,3,3,2,2,2,2,34,32,34,Extremely Severe,Extremely Severe,Extremely Severe
3,0,2,0,3,2,0,3,1,3,3,2,3,0,3,2,3,3,0,2,3,38,12,32,Extremely Severe,Moderate,Severe
1,0,0,0,0,1,0,1,0,1,2,0,0,0,0,0,1,0,0,0,0,4,0,10,Normal,Normal,Normal
2,2,2,2,3,2,1,1,2,2,3,1,3,3,1,3,3,0,3,1,2,36,24,24,Extremely Severe,Extremely Severe,Moderate
3,0,2,0,1,1,1,3,2,1,3,1,3,0,0,1,3,3,0,1,2,26,8,28,Severe,Mild,Severe
3,1,2,1,3,3,1,3,3,3,3,3,3,2,1,3,3,2,1,3,3,40,22,38,Extremely Severe,Extremely Severe,Extremely Severe
0,0,0,0,1,0,0,0,0,0,0,1,0,0,0,0,0,0,0,0,0,2,0,2,Normal,Normal,Normal
2,0,0,2,2,2,0,1,1,3,3,1,1,1,0,1,3,2,0,0,3,26,6,24,Severe,Normal,Moderate
2,2,2,1,1,3,1,2,2,2,3,2,2,1,0,3,2,2,1,1,3,30,16,30,Extremely Severe,Severe,Severe
1,2,3,0,3,1,0,2,0,3,2,1,3,1,0,3,3,0,0,3,3,42,10,16,Extremely Severe,Moderate,Mild
1,0,0,0,0,2,0,0,1,0,0,1,0,1,0,0,0,0,0,1,0,0,4,10,Normal,Normal,Normal
0,0,0,0,0,0,0,0,0,0,0,0,0,0,0,0,0,0,0,2,0,0,4,0,Normal,Normal,Normal
1,2,2,1,0,2,1,1,1,1,2,2,3,2,1,0,2,2,2,1,1,18,18,24,Moderate,Severe,Moderate
1,0,2,1,2,0,1,2,2,2,1,2,2,1,1,2,3,2,2,2,3,32,18,18,Extremely Severe,Severe,Mild
1,2,1,0,1,1,0,2,1,2,0,0,2,1,0,3,1,0,2,1,2,24,12,10,Severe,Moderate,Normal
2,2,1,2,1,1,1,2,2,1,1,2,2,1,1,2,1,2,2,2,2,20,24,22,Moderate,Extremely Severe,Moderate
1,2,2,2,1,1,2,1,2,2,1,2,2,2,0,1,2,2,1,1,2,24,20,20,Severe,Extremely Severe,Moderate
1,0,0,0,0,0,0,0,0,0,0,0,1,1,0,0,0,0,0,1,0,2,2,4,Normal,Normal,Normal
1,2,0,0,1,3,1,2,2,2,2,2,1,2,0,1,3,2,3,0,1,18,16,28,Moderate,Severe,Severe
0,1,1,0,1,1,0,0,1,0,1,0,1,2,0,0,0,1,0,0,0,6,4,10,Normal,Normal,Normal
1,1,0,0,0,1,0,1,0,0,1,1,0,1,0,0,1,1,0,1,0,2,4,14,Normal,Normal,Normal
1,3,1,0,0,0,0,0,3,0,1,2,1,0,0,0,0,3,0,0,0,4,12,14,Normal,Moderate,Normal
3,2,3,2,3,3,0,3,1,3,3,3,3,3,0,3,3,1,1,0,3,42,12,38,Extremely Severe,Moderate,Extremely Severe
2,2,2,1,0,1,1,2,2,1,2,1,2,2,0,2,2,3,0,1,0,18,14,26,Moderate,Moderate,Severe
1,0,2,0,2,2,1,2,3,3,1,0,1,0,0,1,3,2,3,1,1,26,16,16,Severe,Severe,Mild
1,0,2,1,1,1,1,2,2,1,1,0,1,2,1,1,1,3,2,2,1,16,18,20,Moderate,Severe,Moderate
2,3,1,1,3,2,1,1,3,1,2,1,1,1,0,1,0,0,2,3,1,16,26,18,Moderate,Extremely Severe,Mild
0,0,0,0,1,0,0,0,1,0,1,0,1,1,0,0,1,1,0,0,1,8,2,6,Normal,Normal,Normal
0,1,0,1,0,0,0,0,0,0,0,0,0,0,0,1,1,0,0,0,0,4,4,0,Normal,Normal,Normal
2,2,2,1,1,1,1,2,2,2,2,1,1,2,1,2,2,2,1,1,2,24,18,24,Severe,Severe,Moderate
1,0,1,0,0,1,1,0,2,1,2,1,1,3,0,0,0,3,0,0,1,8,6,22,Normal,Normal,Moderate
1,1,1,0,1,0,1,0,0,0,1,1,0,1,0,0,0,0,0,0,0,4,4,8,Normal,Normal,Normal
1,2,0,0,1,1,0,1,1,1,1,0,1,1,0,1,1,0,1,1,0,10,10,10,Mild,Moderate,Normal
3,3,2,0,0,3,2,3,3,3,3,3,3,3,2,3,3,3,1,2,2,32,26,42,Extremely Severe,Extremely Severe,Extremely Severe
2,3,3,3,3,3,2,3,1,3,3,3,2,0,3,3,3,0,3,2,3,40,34,28,Extremely Severe,Extremely Severe,Severe
1,1,2,0,1,3,2,1,2,0,3,1,2,2,0,2,1,2,0,1,1,18,12,26,Moderate,Moderate,Severe
3,2,3,3,3,1,3,3,3,3,3,2,3,3,3,3,3,2,3,2,3,42,38,34,Extremely Severe,Extremely Severe,Extremely Severe
1,1,1,0,1,1,0,1,3,2,1,2,1,0,0,1,1,1,1,0,1,16,10,14,Moderate,Moderate,Normal
2,1,0,0,2,1,0,1,0,2,1,0,1,1,0,2,1,0,1,0,2,20,4,12,Moderate,Normal,Normal
2,0,3,3,3,2,3,2,2,3,3,3,3,2,1,2,3,3,3,3,3,40,30,34,Extremely Severe,Extremely Severe,Extremely Severe
1,0,0,0,1,1,2,0,1,0,1,2,0,1,0,0,0,1,2,0,0,2,10,14,Normal,Moderate,Normal
0,1,0,0,0,0,0,0,1,0,1,0,1,1,0,0,0,1,0,0,1,4,4,6,Normal,Normal,Normal
2,2,1,3,1,3,3,2,3,1,2,3,1,2,1,2,1,2,2,3,1,16,34,32,Moderate,Extremely Severe,Severe
1,1,1,1,0,3,0,1,1,0,2,0,1,2,0,0,1,2,2,1,0,6,12,22,Normal,Moderate,Moderate
0,2,2,0,3,0,2,2,3,3,1,2,3,0,1,2,3,3,1,2,3,38,22,16,Extremely Severe,Extremely Severe,Mild
2,2,2,2,3,3,1,2,3,1,2,3,3,1,2,3,3,2,1,1,3,36,24,30,Extremely Severe,Extremely Severe,Severe
0,0,2,0,0,1,0,0,0,0,1,0,0,1,0,0,0,0,0,0,0,4,0,6,Normal,Normal,Normal
3,3,3,1,1,2,0,1,2,3,3,2,3,3,0,3,3,2,0,3,3,38,18,32,Extremely Severe,Severe,Severe
0,0,0,1,1,0,1,1,3,0,1,1,1,0,0,1,0,1,0,0,0,6,10,8,Normal,Moderate,Normal
2,1,1,0,2,1,2,2,0,0,1,2,2,0,0,1,0,0,0,1,0,12,8,16,Mild,Mild,Mild
0,1,0,0,0,1,0,0,0,0,0,0,0,1,0,1,0,0,0,0,0,2,2,4,Normal,Normal,Normal
3,0,1,0,3,3,0,2,2,3,3,1,3,0,0,3,3,2,1,3,1,34,12,28,Extremely Severe,Moderate,Severe
3,3,2,3,3,2,3,3,3,3,3,3,3,3,3,0,1,3,3,3,1,26,42,40,Severe,Extremely Severe,Extremely Severe
1,2,1,1,0,2,0,1,2,0,2,2,0,3,1,1,1,2,0,2,0,6,16,26,Normal,Severe,Severe
0,2,0,2,1,1,0,2,0,3,0,0,0,0,0,0,3,0,2,0,3,20,12,6,Moderate,Moderate,Normal
1,2,1,1,0,1,0,1,2,1,1,0,1,1,0,1,0,2,0,0,1,10,10,14,Mild,Moderate,Normal
3,2,2,3,1,2,2,3,3,2,3,3,2,1,2,2,2,3,1,3,2,26,32,36,Severe,Extremely Severe,Extremely Severe
3,0,1,0,3,1,3,1,3,3,3,3,3,1,1,3,2,2,1,3,1,32,22,28,Extremely Severe,Extremely Severe,Severe
3,3,3,3,3,2,3,3,3,3,3,3,3,3,3,3,3,3,3,3,3,42,42,40,Extremely Severe,Extremely Severe,Extremely Severe
1,3,1,0,0,1,0,1,1,2,3,3,2,3,0,2,1,0,0,3,2,20,14,24,Moderate,Moderate,Moderate
0,0,0,0,0,1,0,1,0,0,0,1,0,1,1,0,0,1,0,0,0,0,2,10,Normal,Normal,Normal
1,1,1,1,3,1,1,1,3,1,1,2,0,1,1,2,2,0,1,2,0,18,20,14,Moderate,Extremely Severe,Normal
2,0,2,0,2,0,1,1,0,3,3,2,3,0,2,2,2,2,0,0,3,34,6,20,Extremely Severe,Normal,Moderate
2,3,2,3,2,3,2,2,2,1,3,2,3,3,1,2,2,1,2,2,1,26,30,32,Severe,Extremely Severe,Severe
0,1,0,0,0,0,0,0,0,0,0,0,0,0,0,0,2,0,0,0,0,4,2,0,Normal,Normal,Normal
2,1,1,0,3,2,0,1,1,1,2,2,2,0,1,0,2,2,0,1,2,22,8,22,Severe,Mild,Moderate
2,2,1,0,1,1,1,2,2,1,2,1,2,2,1,1,1,2,0,1,0,14,14,24,Moderate,Moderate,Moderate
0,0,0,1,1,1,0,0,1,0,0,1,1,1,0,0,0,1,3,0,0,4,10,8,Normal,Moderate,Normal
1,1,0,0,0,1,0,0,1,1,1,1,0,0,0,0,1,1,0,0,0,4,4,10,Normal,Normal,Normal
1,0,0,0,0,1,0,0,1,0,1,0,0,1,0,0,0,1,0,0,0,0,2,10,Normal,Normal,Normal
3,1,2,0,2,3,0,1,1,3,3,3,3,3,0,3,3,3,1,1,3,38,8,38,Extremely Severe,Mild,Extremely Severe
2,0,1,1,1,0,0,0,1,1,1,0,1,2,0,1,2,2,0,0,1,16,4,14,Moderate,Normal,Normal
0,2,0,1,1,2,1,0,0,3,0,3,1,3,0,2,2,1,1,3,1,20,16,18,Moderate,Severe,Mild
1,1,2,2,1,2,1,2,1,1,2,1,1,2,1,1,1,1,1,1,2,18,16,22,Moderate,Severe,Moderate
2,2,1,2,3,3,1,2,2,2,3,1,3,3,0,3,3,3,1,2,3,36,20,34,Extremely Severe,Extremely Severe,Extremely Severe
2,0,0,0,0,1,1,1,1,0,1,1,0,2,1,0,0,1,0,1,0,0,8,18,Normal,Mild,Mild
1,0,1,0,2,3,0,1,3,2,2,3,2,1,0,2,2,2,0,3,2,26,12,26,Severe,Moderate,Severe
0,1,1,0,1,0,0,1,0,0,0,1,1,0,0,0,0,0,0,0,0,6,2,4,Normal,Normal,Normal
3,0,3,1,2,3,1,3,2,0,3,2,3,3,0,2,0,3,3,1,0,20,16,40,Moderate,Severe,Extremely Severe
0,2,0,0,0,0,1,1,1,0,0,0,1,3,2,0,0,1,0,1,0,2,14,10,Normal,Moderate,Normal
3,2,3,3,3,2,3,3,2,3,2,3,3,3,3,3,2,1,3,3,3,40,38,34,Extremely Severe,Extremely Severe,Extremely Severe
2,2,0,2,1,3,1,1,2,0,2,2,2,1,0,2,1,0,1,2,0,12,20,22,Mild,Extremely Severe,Moderate
3,2,3,2,2,3,2,3,3,3,3,3,3,3,1,3,3,3,1,2,3,40,26,42,Extremely Severe,Extremely Severe,Extremely Severe
2,1,0,0,0,1,0,0,1,0,1,1,0,1,0,0,0,1,0,1,0,0,6,14,Normal,Normal,Normal
1,2,2,0,1,2,1,1,1,1,2,1,2,1,0,1,1,0,1,1,2,20,12,16,Moderate,Moderate,Mild
3,1,1,0,2,2,0,1,3,2,3,1,3,2,2,1,2,1,2,3,2,26,22,26,Severe,Extremely Severe,Severe
1,2,1,0,0,1,0,1,2,1,1,1,2,3,0,1,1,0,0,0,1,14,8,16,Moderate,Mild,Mild
0,1,2,1,3,0,2,3,0,1,0,3,3,0,1,3,3,2,0,3,1,32,16,16,Extremely Severe,Severe,Mild
3,3,3,3,3,3,3,3,3,3,3,3,3,3,3,3,3,3,3,3,3,42,42,42,Extremely Severe,Extremely Severe,Extremely Severe
3,0,0,0,0,0,0,0,0,1,1,1,0,2,1,0,3,1,0,1,0,8,4,16,Normal,Normal,Mild
2,1,0,0,1,1,0,0,2,0,3,1,0,3,0,0,2,2,0,2,1,8,10,24,Normal,Moderate,Moderate
1,3,1,2,2,2,0,3,1,1,2,2,2,2,0,1,3,2,2,2,1,22,20,28,Severe,Extremely Severe,Severe
2,2,3,1,2,3,0,3,2,1,1,3,3,3,0,3,0,3,0,0,0,24,10,36,Severe,Moderate,Extremely Severe
3,1,2,3,2,2,1,2,2,3,3,1,3,2,1,1,3,3,0,1,3,34,18,32,Extremely Severe,Severe,Severe
2,1,0,1,2,2,1,1,1,1,2,1,2,1,1,1,1,1,0,1,1,16,12,20,Moderate,Moderate,Moderate
2,2,2,1,3,2,1,3,1,3,2,1,3,1,0,3,3,2,0,2,3,40,14,26,Extremely Severe,Moderate,Severe
1,3,1,0,1,0,1,3,3,3,3,1,3,0,0,3,3,3,0,3,3,34,20,22,Extremely Severe,Extremely Severe,Moderate
0,3,0,3,1,3,2,3,3,0,1,3,1,3,1,0,0,0,3,3,1,6,36,26,Normal,Extremely Severe,Severe
3,3,3,0,1,1,3,3,3,3,3,3,3,1,0,3,3,1,0,1,1,34,20,30,Extremely Severe,Extremely Severe,Severe
1,1,0,1,0,1,1,0,2,0,0,1,0,1,0,0,0,0,2,0,0,0,14,8,Normal,Moderate,Normal
1,3,1,0,1,0,0,0,2,0,1,1,1,2,1,0,0,1,0,0,1,8,12,12,Normal,Moderate,Normal
1,0,0,0,0,1,0,0,1,1,2,0,0,0,0,0,0,1,0,0,0,2,2,10,Normal,Normal,Normal
3,3,3,3,3,3,3,3,3,3,3,3,3,3,3,3,3,3,3,3,3,42,42,42,Extremely Severe,Extremely Severe,Extremely Severe
2,3,1,0,2,3,2,2,2,3,2,2,3,1,2,3,2,2,2,2,2,32,26,28,Extremely Severe,Extremely Severe,Severe
1,0,1,0,1,3,0,0,0,2,1,1,3,1,0,1,3,2,1,0,3,28,2,18,Extremely Severe,Normal,Mild
0,1,0,0,0,1,1,1,1,1,1,1,0,1,0,0,1,1,1,0,0,4,8,12,Normal,Mild,Normal
2,0,1,1,3,1,0,3,0,2,1,2,3,2,0,1,2,1,0,2,0,24,6,24,Severe,Normal,Moderate
3,3,3,3,3,3,2,2,2,3,3,3,3,3,0,3,3,3,2,3,3,42,30,40,Extremely Severe,Extremely Severe,Extremely Severe
2,0,3,0,3,3,1,2,3,3,3,2,3,3,0,3,3,1,0,3,1,38,14,32,Extremely Severe,Moderate,Severe
2,1,3,0,3,3,1,2,3,3,3,3,3,0,1,3,3,1,3,3,3,42,24,28,Extremely Severe,Extremely Severe,Severe
2,0,2,2,2,1,3,3,3,1,2,3,2,2,2,1,1,1,1,3,0,18,28,28,Moderate,Extremely Severe,Severe
2,1,1,0,1,0,1,3,3,3,3,2,2,3,1,1,3,1,1,3,3,28,20,28,Extremely Severe,Extremely Severe,Severe
2,2,1,1,1,2,1,2,3,1,2,1,2,1,1,2,3,1,0,3,1,22,22,22,Severe,Extremely Severe,Moderate
0,1,0,0,0,1,0,0,0,0,0,0,1,2,0,0,0,0,0,0,0,2,2,6,Normal,Normal,Normal
3,1,1,1,2,2,0,2,3,1,2,1,2,2,0,1,2,2,0,1,2,22,12,28,Severe,Moderate,Severe
3,1,1,3,3,3,1,3,3,2,3,0,3,3,0,1,3,3,3,3,3,32,28,36,Extremely Severe,Extremely Severe,Extremely Severe
3,3,2,2,2,2,3,2,2,2,3,2,2,3,2,2,3,2,2,2,3,32,32,34,Extremely Severe,Extremely Severe,Extremely Severe
1,0,1,0,1,1,0,1,1,1,1,1,1,1,1,1,1,1,1,1,1,14,8,14,Moderate,Mild,Normal
1,1,2,0,2,1,0,1,1,2,2,1,3,2,0,3,3,1,0,3,3,36,10,18,Extremely Severe,Moderate,Mild
3,3,0,0,1,1,3,1,3,0,3,3,2,2,0,2,0,0,0,1,0,10,20,26,Mild,Extremely Severe,Severe
1,0,1,0,1,0,0,0,0,0,0,0,1,0,1,1,1,0,0,0,0,10,2,2,Mild,Normal,Normal
3,3,2,2,0,3,2,2,3,0,3,2,1,2,2,0,3,3,2,1,1,14,30,36,Moderate,Extremely Severe,Extremely Severe
0,0,0,0,0,1,1,0,1,1,1,0,1,0,0,2,0,0,0,2,0,8,8,4,Normal,Mild,Normal
1,3,3,3,3,2,1,2,2,3,2,2,3,1,1,3,3,3,1,1,3,42,24,26,Extremely Severe,Extremely Severe,Severe
2,3,1,1,1,1,0,1,1,1,3,1,1,1,0,1,1,3,1,1,1,14,14,24,Moderate,Moderate,Moderate
0,0,0,2,2,0,0,0,3,0,0,1,2,1,1,2,1,0,0,0,1,16,12,4,Moderate,Moderate,Normal
1,2,1,2,1,3,0,1,2,3,1,1,1,1,1,2,3,1,0,1,0,22,16,18,Severe,Severe,Mild
2,1,1,2,1,3,0,1,2,2,3,2,3,2,0,1,3,1,0,3,2,26,16,28,Severe,Severe,Severe
2,0,0,0,0,1,0,0,0,0,2,1,1,2,0,0,1,1,0,0,1,6,0,18,Normal,Normal,Mild
3,3,3,0,3,3,3,2,3,3,3,1,3,3,1,2,3,0,3,3,3,40,32,30,Extremely Severe,Extremely Severe,Severe
1,0,0,2,2,1,1,3,2,0,3,3,3,1,0,1,0,1,1,2,0,12,16,26,Mild,Severe,Severe
0,3,1,2,3,1,1,3,3,0,1,3,1,0,2,0,0,1,2,2,1,12,30,18,Mild,Extremely Severe,Mild
0,1,0,0,0,0,0,0,1,0,0,1,0,1,0,0,0,0,0,0,0,0,4,4,Normal,Normal,Normal
2,1,2,1,1,2,0,1,0,3,3,2,3,0,0,2,3,3,0,3,3,34,10,26,Extremely Severe,Moderate,Severe
1,0,1,0,1,0,0,0,1,0,1,0,1,3,0,1,3,1,0,0,0,14,2,12,Moderate,Normal,Normal
1,1,1,0,3,1,0,1,2,1,1,1,1,1,1,2,1,1,0,2,1,20,12,14,Moderate,Moderate,Normal
1,3,3,2,3,3,0,0,2,3,2,2,3,0,0,3,3,2,3,1,1,38,22,20,Extremely Severe,Extremely Severe,Moderate
0,2,0,0,0,0,0,0,0,0,0,1,1,1,0,0,0,1,1,0,0,2,6,6,Normal,Normal,Normal
1,2,2,0,1,1,1,0,1,0,3,3,1,2,1,0,0,2,1,2,0,8,16,24,Normal,Severe,Moderate
1,0,2,1,1,1,0,1,1,1,2,1,1,2,2,1,1,1,0,1,0,14,10,18,Moderate,Moderate,Mild
0,1,1,2,1,0,1,0,3,0,0,2,1,1,0,0,1,0,1,2,1,10,20,6,Mild,Extremely Severe,Normal
3,2,3,1,3,3,1,1,2,3,3,1,3,3,2,3,3,3,3,1,3,42,24,34,Extremely Severe,Extremely Severe,Extremely Severe
3,2,3,2,3,2,2,2,2,3,3,3,3,3,2,1,3,0,2,3,3,38,30,32,Extremely Severe,Extremely Severe,Severe
2,2,1,1,1,1,1,1,2,0,0,1,1,1,1,1,0,0,2,0,0,8,18,12,Normal,Severe,Normal
2,0,0,0,1,1,1,1,0,1,1,1,1,2,0,1,0,2,1,0,0,8,4,20,Normal,Normal,Moderate
3,1,2,0,3,0,0,3,3,2,3,2,3,3,1,3,3,1,1,3,3,38,18,30,Extremely Severe,Severe,Severe
2,1,2,1,1,1,3,1,2,1,1,2,3,1,1,3,3,1,0,1,1,28,18,18,Extremely Severe,Severe,Mild
2,3,1,3,3,1,1,2,2,2,2,1,1,1,2,1,3,1,0,2,1,24,26,20,Severe,Extremely Severe,Moderate
3,1,1,0,0,2,0,1,2,2,3,0,2,0,0,3,2,0,0,1,1,22,8,18,Severe,Mild,Mild
1,1,0,1,2,2,0,0,1,0,1,0,2,1,0,1,1,0,0,0,1,14,6,10,Moderate,Normal,Normal
1,0,2,1,2,2,2,3,1,2,3,2,3,1,0,2,3,1,1,1,3,34,12,26,Extremely Severe,Moderate,Severe
3,3,3,2,3,3,1,2,3,3,3,3,3,3,2,3,3,3,1,3,3,42,30,40,Extremely Severe,Extremely Severe,Extremely Severe
2,0,1,0,3,1,0,0,0,3,3,0,3,2,2,2,3,1,0,1,3,36,6,18,Extremely Severe,Normal,Mild
3,1,3,0,2,3,0,2,0,2,2,0,3,2,0,3,3,3,0,0,3,38,2,30,Extremely Severe,Normal,Severe
3,3,2,3,2,3,1,2,1,3,3,2,3,1,2,2,3,3,2,1,2,34,26,34,Extremely Severe,Extremely Severe,Extremely Severe
3,1,1,1,1,2,0,3,2,1,3,3,2,3,0,1,1,3,0,1,1,16,10,40,Moderate,Moderate,Extremely Severe
1,0,0,1,0,1,0,1,2,0,2,1,1,3,0,1,0,1,1,2,0,4,12,20,Normal,Moderate,Moderate
3,1,3,3,3,3,3,3,3,3,3,3,3,3,3,3,3,2,1,3,3,42,34,40,Extremely Severe,Extremely Severe,Extremely Severe
1,3,2,2,1,2,1,0,1,0,3,3,2,2,0,0,3,3,0,3,2,20,20,28,Moderate,Extremely Severe,Severe
1,0,0,0,2,3,0,1,1,3,1,0,1,3,0,2,0,0,3,0,1,18,8,18,Moderate,Mild,Mild
1,1,1,0,1,2,2,1,2,1,2,1,1,3,0,2,1,1,2,1,1,16,16,22,Moderate,Severe,Moderate
2,2,1,1,2,1,0,1,2,1,2,3,2,1,2,1,2,0,0,2,1,20,18,20,Moderate,Severe,Moderate
3,2,3,3,3,3,3,3,3,2,3,3,3,3,3,3,3,3,2,3,3,40,38,42,Extremely Severe,Extremely Severe,Extremely Severe
0,0,0,0,0,2,0,0,0,0,0,0,0,2,0,1,0,0,0,0,0,2,0,8,Normal,Normal,Normal
1,2,0,1,2,2,1,1,1,0,0,1,1,2,1,0,3,1,1,2,0,12,18,16,Mild,Severe,Mild
1,0,0,3,2,2,0,3,2,0,1,2,0,1,3,0,0,0,1,1,0,4,20,20,Normal,Extremely Severe,Moderate
3,3,3,3,3,3,3,3,3,3,3,3,3,3,3,3,3,3,3,3,3,42,42,42,Extremely Severe,Extremely Severe,Extremely Severe
1,1,0,0,1,1,1,0,3,0,1,1,1,2,0,1,0,1,0,2,2,10,14,14,Mild,Moderate,Normal
0,3,1,0,1,3,0,1,2,3,1,3,3,1,1,3,3,1,0,2,3,34,16,20,Extremely Severe,Severe,Moderate
2,0,1,0,1,1,0,2,2,0,2,2,2,1,0,0,1,3,1,1,0,10,8,26,Mild,Mild,Severe
3,3,2,1,1,3,1,2,2,2,3,2,3,2,0,2,2,3,1,0,2,28,16,36,Extremely Severe,Severe,Extremely Severe
1,1,0,0,0,1,0,0,1,0,1,1,1,2,0,0,1,1,0,0,0,4,4,14,Normal,Normal,Normal
3,2,3,3,2,3,2,3,3,3,3,3,2,3,3,3,2,3,1,3,3,36,34,42,Extremely Severe,Extremely Severe,Extremely Severe
2,0,3,1,2,3,0,3,3,3,2,3,3,2,0,3,3,2,0,3,3,40,14,34,Extremely Severe,Moderate,Extremely Severe
3,0,2,3,2,3,3,3,3,3,3,3,3,3,3,3,3,1,3,3,3,38,36,38,Extremely Severe,Extremely Severe,Extremely Severe
2,0,1,0,1,2,0,1,1,1,2,0,2,2,0,1,1,1,1,1,1,16,6,20,Moderate,Normal,Moderate
0,1,0,0,1,0,0,0,0,0,1,0,1,0,0,1,1,1,0,0,0,8,2,4,Normal,Normal,Normal
2,1,0,0,1,2,0,0,2,1,2,2,0,3,0,0,3,2,1,1,0,10,10,26,Mild,Moderate,Severe
0,0,2,0,2,2,0,3,1,2,3,1,3,0,3,1,3,3,0,3,1,28,14,24,Extremely Severe,Moderate,Moderate
2,0,0,2,3,3,3,2,3,3,3,2,3,1,3,2,1,3,2,3,0,24,32,32,Severe,Extremely Severe,Severe
2,0,2,0,3,2,0,1,3,3,3,2,3,1,0,3,3,3,0,1,3,40,8,28,Extremely Severe,Mild,Severe
0,0,1,0,1,0,0,0,0,0,0,0,0,0,0,0,1,1,0,0,0,6,0,2,Normal,Normal,Normal
1,1,3,2,3,1,1,2,1,3,3,1,3,1,0,1,3,2,2,2,3,38,18,22,Extremely Severe,Severe,Moderate
1,0,3,0,2,1,0,0,2,2,0,3,1,3,0,3,3,0,0,2,3,34,8,16,Extremely Severe,Mild,Mild
2,1,0,0,2,1,0,3,3,1,2,3,2,2,1,2,0,2,1,2,1,16,16,30,Moderate,Severe,Severe
1,0,3,0,1,2,2,1,1,2,1,1,1,1,0,3,3,1,0,2,3,32,10,16,Extremely Severe,Moderate,Mild
0,0,1,0,0,0,0,1,0,0,0,0,0,0,0,0,0,0,0,0,0,2,0,2,Normal,Normal,Normal
3,0,1,0,0,3,0,3,1,3,3,0,3,1,2,3,0,1,0,1,0,20,8,28,Moderate,Mild,Severe
2,2,1,0,1,2,0,0,1,0,2,0,1,1,1,2,1,2,2,0,1,14,12,18,Moderate,Moderate,Mild
0,3,1,1,1,2,1,2,3,0,1,3,0,3,0,0,0,0,2,3,0,4,26,22,Normal,Extremely Severe,Moderate
2,0,2,0,3,2,0,2,1,2,3,0,3,2,0,1,3,3,0,0,3,34,2,28,Extremely Severe,Normal,Severe
1,2,0,1,1,1,1,1,1,0,0,0,1,1,0,0,0,0,0,1,0,4,12,8,Normal,Moderate,Normal
0,0,0,0,1,0,0,1,0,1,0,1,1,0,0,0,1,0,0,0,1,10,0,4,Mild,Normal,Normal
0,0,0,0,0,0,0,0,0,0,2,0,1,0,1,0,0,1,0,0,0,2,2,6,Normal,Normal,Normal
0,0,1,0,1,0,0,0,1,1,0,1,0,0,0,1,1,0,0,0,1,12,2,2,Mild,Normal,Normal
1,1,1,2,1,1,1,2,2,1,2,1,2,2,2,1,1,2,2,2,1,16,24,22,Moderate,Extremely Severe,Moderate
1,2,2,0,2,2,0,1,1,3,3,0,3,1,1,3,3,2,1,0,2,36,10,20,Extremely Severe,Moderate,Moderate
2,3,1,0,1,3,0,3,0,0,3,1,2,2,0,1,0,0,1,0,0,10,8,28,Mild,Mild,Severe
1,1,1,0,0,0,0,1,1,0,1,1,1,1,0,1,0,0,0,0,0,6,4,10,Normal,Normal,Normal
1,1,1,1,2,2,0,2,1,2,1,2,3,1,1,2,2,3,1,0,2,28,10,24,Extremely Severe,Moderate,Moderate
3,3,3,2,3,3,2,3,2,3,3,3,3,3,3,3,3,3,3,3,3,42,36,42,Extremely Severe,Extremely Severe,Extremely Severe
1,0,2,2,2,0,1,2,2,1,1,1,3,1,1,2,0,0,0,1,0,20,14,12,Moderate,Moderate,Normal
2,0,0,0,0,3,0,1,1,0,1,0,0,1,1,0,0,0,0,0,0,0,4,16,Normal,Normal,Mild
0,0,1,0,1,0,1,2,1,0,1,1,1,1,0,1,1,0,1,0,0,10,6,10,Mild,Normal,Normal
3,3,3,3,3,3,3,3,3,3,3,3,3,3,3,3,3,3,3,3,3,42,42,42,Extremely Severe,Extremely Severe,Extremely Severe
0,0,3,3,3,0,3,3,3,3,3,3,3,0,2,3,3,0,3,3,3,42,34,18,Extremely Severe,Extremely Severe,Mild
3,1,3,3,3,3,3,3,3,3,3,3,3,3,1,1,3,1,0,3,3,38,28,38,Extremely Severe,Extremely Severe,Extremely Severe
2,2,2,0,2,2,2,0,0,3,2,1,3,1,0,2,3,1,0,1,3,36,10,18,Extremely Severe,Moderate,Mild
1,2,1,0,0,3,1,0,2,1,1,3,0,3,0,3,1,0,3,1,1,14,18,22,Moderate,Severe,Moderate
1,1,0,0,0,0,0,0,0,0,1,0,0,1,0,0,0,1,0,0,0,0,2,8,Normal,Normal,Normal
1,0,2,0,2,1,0,2,1,2,2,1,2,1,0,2,1,0,0,1,0,22,4,16,Severe,Normal,Mild
1,0,1,0,0,1,0,0,1,0,1,0,1,3,0,1,1,0,0,0,0,8,2,12,Normal,Normal,Normal
1,0,1,0,1,1,0,0,2,1,1,1,1,1,0,2,2,1,2,0,1,18,8,12,Moderate,Mild,Normal
2,2,1,1,1,2,1,1,2,1,2,1,1,1,1,2,1,1,2,2,1,16,22,20,Moderate,Extremely Severe,Moderate
1,0,0,0,0,1,2,1,1,0,2,0,0,2,1,0,1,2,3,0,0,2,14,18,Normal,Moderate,Mild
1,0,1,3,1,2,3,3,3,3,2,3,2,3,3,1,3,1,3,3,1,24,36,30,Severe,Extremely Severe,Severe
2,2,3,2,3,2,0,3,1,3,3,2,3,1,1,3,3,2,0,2,3,42,16,30,Extremely Severe,Severe,Severe
1,1,1,1,0,0,0,0,1,0,1,1,0,1,0,1,0,1,0,0,1,6,6,10,Normal,Normal,Normal
1,3,1,0,3,3,1,1,1,2,0,0,1,3,0,1,1,0,3,0,1,20,16,16,Moderate,Severe,Mild
0,1,0,0,1,0,0,0,1,1,0,1,1,1,0,1,1,0,0,0,3,16,4,4,Moderate,Normal,Normal
3,3,1,1,2,3,2,1,3,1,3,1,3,3,1,3,1,3,3,3,3,28,32,34,Extremely Severe,Extremely Severe,Extremely Severe
2,3,1,1,1,2,2,2,2,1,3,3,3,0,1,1,2,3,3,3,0,18,30,30,Moderate,Extremely Severe,Severe
3,3,3,3,3,3,3,3,3,3,3,3,3,3,3,3,3,2,3,3,3,42,42,40,Extremely Severe,Extremely Severe,Extremely Severe
3,1,0,1,1,1,0,2,2,1,2,2,1,2,2,1,2,3,3,2,1,14,22,30,Moderate,Extremely Severe,Severe
1,0,0,0,0,1,1,0,0,0,0,0,1,0,0,1,0,1,0,0,0,4,2,6,Normal,Normal,Normal
1,1,0,0,2,2,1,1,1,1,1,0,0,1,0,2,0,0,0,0,0,10,6,12,Mild,Normal,Normal
0,0,1,0,0,0,0,0,1,1,0,1,1,0,0,1,0,1,0,2,2,12,6,4,Mild,Normal,Normal
0,0,0,0,0,1,0,1,0,0,1,1,1,1,0,0,0,2,1,0,0,2,2,14,Normal,Normal,Normal
2,1,1,0,1,2,0,0,0,1,2,1,2,2,2,0,1,2,0,1,1,14,8,22,Moderate,Mild,Moderate
1,0,1,0,1,1,1,1,1,1,0,2,2,1,0,1,1,0,0,3,1,16,10,12,Moderate,Moderate,Normal
3,0,1,2,2,3,1,3,3,0,3,2,1,3,0,2,0,3,0,1,1,14,14,40,Moderate,Moderate,Extremely Severe
2,3,3,3,3,2,3,3,3,3,2,3,3,1,3,3,3,2,1,3,2,40,38,30,Extremely Severe,Extremely Severe,Severe
3,3,3,1,3,2,0,2,0,2,3,0,3,2,3,3,3,0,3,2,3,40,24,24,Extremely Severe,Extremely Severe,Moderate
1,0,0,0,1,2,0,0,0,1,2,1,1,0,0,0,1,1,0,1,0,8,2,14,Normal,Normal,Normal
0,3,1,0,1,2,0,1,1,2,1,1,1,2,0,3,3,1,0,2,3,28,12,16,Extremely Severe,Moderate,Mild
1,1,1,0,0,1,1,0,1,0,1,1,1,1,0,0,0,1,0,1,0,4,8,12,Normal,Mild,Normal
3,2,3,0,1,1,1,1,1,3,2,1,3,2,1,3,3,2,1,2,1,34,16,24,Extremely Severe,Severe,Moderate
0,2,0,1,1,2,1,2,3,1,2,2,1,3,0,1,1,1,1,3,2,14,22,24,Moderate,Extremely Severe,Moderate
1,1,2,0,2,1,0,2,1,2,1,1,2,2,0,2,2,0,0,1,2,28,6,16,Extremely Severe,Normal,Mild
3,3,1,0,1,3,1,1,1,1,3,1,3,1,0,3,1,1,0,0,1,22,10,26,Severe,Moderate,Severe
3,3,2,2,3,3,1,1,3,3,3,2,3,1,0,3,3,1,3,3,3,40,30,28,Extremely Severe,Extremely Severe,Severe
3,3,2,3,2,2,1,1,3,1,3,3,2,3,1,3,3,1,0,1,2,30,24,32,Extremely Severe,Extremely Severe,Severe
2,0,2,0,2,2,0,2,2,3,3,1,3,2,0,2,3,0,2,2,3,36,12,24,Extremely Severe,Moderate,Moderate
3,1,3,0,1,3,2,3,3,1,3,1,3,3,3,3,3,3,0,3,3,34,24,38,Extremely Severe,Extremely Severe,Extremely Severe
2,1,2,1,2,3,1,2,2,2,2,2,1,3,2,2,3,2,1,3,3,30,22,32,Extremely Severe,Extremely Severe,Severe
3,1,1,1,1,2,1,2,2,1,1,2,2,2,1,2,3,3,1,2,1,22,18,30,Severe,Severe,Severe
1,0,1,0,1,1,0,2,2,1,0,1,1,0,0,1,0,1,0,0,1,12,4,12,Mild,Normal,Normal
3,2,3,3,3,3,3,3,3,3,3,3,3,3,3,3,3,3,3,3,3,42,40,42,Extremely Severe,Extremely Severe,Extremely Severe
1,3,0,1,0,0,1,1,2,0,2,1,1,2,1,1,1,1,2,2,0,6,24,16,Normal,Extremely Severe,Mild
1,0,2,2,3,3,1,1,2,3,3,3,3,3,0,3,3,1,1,1,3,40,14,30,Extremely Severe,Moderate,Severe
0,2,0,0,0,0,0,0,0,0,0,0,0,0,0,0,0,0,0,0,0,0,4,0,Normal,Normal,Normal
3,3,0,3,0,3,1,3,0,1,3,0,3,0,3,3,0,0,0,3,1,16,26,24,Moderate,Extremely Severe,Moderate
3,1,3,2,2,3,0,2,1,2,3,2,3,2,1,3,2,2,0,3,2,34,16,34,Extremely Severe,Severe,Extremely Severe
1,1,2,1,1,2,1,1,2,1,2,2,2,1,1,3,2,1,3,2,0,22,22,20,Severe,Extremely Severe,Moderate
3,1,2,3,3,3,3,3,3,1,3,2,3,3,3,2,2,3,2,2,3,32,34,40,Extremely Severe,Extremely Severe,Extremely Severe
2,2,3,2,1,3,1,2,1,2,2,1,2,1,1,2,1,2,1,1,2,26,18,26,Severe,Severe,Severe
1,0,1,1,2,1,0,1,2,2,1,1,1,1,0,2,2,1,0,1,2,24,8,14,Severe,Mild,Normal
3,3,2,1,3,2,1,2,1,3,3,1,3,1,1,3,3,2,1,1,3,40,18,28,Extremely Severe,Severe,Severe
3,2,3,3,2,2,2,3,3,3,3,3,3,2,3,3,3,3,2,3,3,40,36,38,Extremely Severe,Extremely Severe,Extremely Severe
3,3,3,3,3,3,2,3,3,3,3,3,3,3,3,3,3,3,3,3,3,42,40,42,Extremely Severe,Extremely Severe,Extremely Severe
1,0,2,1,3,1,0,2,0,2,1,1,1,2,0,2,0,1,2,0,0,20,6,18,Moderate,Normal,Mild
0,0,1,0,1,0,0,1,1,0,1,0,1,0,0,0,0,1,1,0,1,8,4,6,Normal,Normal,Normal
1,0,1,0,2,2,0,1,2,0,1,1,1,2,0,0,0,1,0,0,0,8,4,18,Normal,Normal,Mild
2,3,2,1,1,2,2,1,2,1,2,1,1,2,0,2,2,2,2,1,2,22,22,24,Severe,Extremely Severe,Moderate
2,2,1,0,3,2,0,1,0,0,1,0,1,3,2,2,1,1,0,0,1,18,8,20,Moderate,Mild,Moderate
0,0,1,2,2,1,2,2,2,1,0,1,2,1,1,2,3,0,1,1,3,28,18,10,Extremely Severe,Severe,Normal
0,1,0,1,0,1,0,1,1,1,1,0,0,0,0,0,0,0,0,1,0,2,8,6,Normal,Mild,Normal
2,3,2,1,1,2,0,1,1,0,2,1,1,3,1,1,1,1,0,1,0,12,14,24,Mild,Moderate,Moderate
0,0,0,1,0,1,0,0,0,0,0,0,0,1,0,0,0,0,0,0,0,0,2,4,Normal,Normal,Normal
3,2,2,3,3,3,3,3,3,3,3,2,3,2,2,2,3,3,2,3,3,38,36,38,Extremely Severe,Extremely Severe,Extremely Severe
3,3,1,3,3,2,0,3,3,1,3,3,3,3,1,1,3,0,2,0,2,28,24,34,Extremely Severe,Extremely Severe,Extremely Severe
3,0,2,1,3,2,1,1,1,3,3,1,3,1,2,3,2,2,0,2,2,36,14,26,Extremely Severe,Moderate,Severe
3,2,1,1,1,3,1,3,3,3,3,3,3,1,1,3,3,3,2,2,3,34,24,38,Extremely Severe,Extremely Severe,Extremely Severe
2,0,1,0,2,2,0,2,2,0,1,3,2,3,0,3,2,2,2,2,0,20,12,30,Moderate,Moderate,Severe
1,3,3,3,0,3,0,0,1,0,3,0,3,0,1,1,3,3,0,0,3,26,16,20,Severe,Severe,Moderate
3,3,3,3,3,3,3,3,3,3,3,3,3,2,3,3,2,3,3,3,3,40,42,40,Extremely Severe,Extremely Severe,Extremely Severe
1,3,1,2,0,2,2,3,2,1,3,3,1,3,0,3,3,3,0,2,1,20,22,36,Moderate,Extremely Severe,Extremely Severe
0,0,0,0,1,1,0,1,1,1,1,1,1,2,0,0,0,1,1,0,0,6,4,14,Normal,Normal,Normal
2,2,1,1,1,2,1,1,2,1,2,1,1,1,1,2,1,2,3,2,1,16,24,22,Moderate,Extremely Severe,Moderate
1,2,1,1,2,1,2,1,2,2,1,2,2,2,1,1,1,1,1,0,1,20,18,18,Moderate,Severe,Mild
2,3,3,3,3,3,0,2,3,3,1,3,3,0,0,3,3,0,0,1,3,42,20,22,Extremely Severe,Extremely Severe,Moderate
1,0,3,0,3,0,0,0,0,3,0,0,3,1,0,3,3,1,0,0,3,42,0,6,Extremely Severe,Normal,Normal
0,0,1,0,0,0,0,0,0,0,0,0,0,0,0,0,0,0,0,0,0,2,0,0,Normal,Normal,Normal
2,0,3,1,3,3,3,2,3,3,3,2,3,3,0,3,3,2,1,3,3,42,22,34,Extremely Severe,Extremely Severe,Extremely Severe
0,0,0,0,0,0,0,0,1,0,1,1,1,0,0,0,0,0,0,0,0,2,2,4,Normal,Normal,Normal
3,3,1,2,3,3,3,3,3,3,3,3,3,3,3,3,3,3,0,3,3,38,34,42,Extremely Severe,Extremely Severe,Extremely Severe
2,1,0,0,2,1,1,1,1,0,1,1,2,3,0,1,0,1,0,2,0,10,10,20,Mild,Moderate,Moderate
1,0,0,1,1,1,0,1,1,1,3,1,3,3,1,0,0,3,0,3,0,10,12,26,Mild,Moderate,Severe
3,1,3,1,3,3,3,2,3,2,3,3,1,3,1,3,3,3,3,3,3,36,30,40,Extremely Severe,Extremely Severe,Extremely Severe
0,0,0,0,0,0,0,0,0,0,0,0,0,0,0,0,0,0,0,0,0,0,0,0,Normal,Normal,Normal
1,0,0,0,1,0,0,2,0,1,2,0,1,1,0,2,2,2,0,1,2,18,2,16,Moderate,Normal,Mild
1,2,1,2,1,1,0,1,1,1,1,1,2,2,1,1,1,2,0,1,1,16,14,18,Moderate,Moderate,Mild
1,1,1,1,1,1,1,1,1,1,0,1,2,1,1,1,1,1,1,1,1,16,14,12,Moderate,Moderate,Normal
0,1,0,1,1,2,1,0,0,2,1,0,0,0,1,0,1,0,0,0,0,8,8,6,Normal,Mild,Normal
0,0,1,0,3,2,0,2,2,3,1,0,2,0,0,3,2,3,0,2,0,28,8,16,Extremely Severe,Mild,Mild
3,0,2,0,3,3,2,2,3,0,3,3,2,3,0,0,3,1,0,3,0,20,16,36,Moderate,Severe,Extremely Severe
2,0,0,1,1,1,1,1,1,1,2,1,2,2,1,2,1,2,1,2,1,16,14,22,Moderate,Moderate,Moderate
3,3,1,3,2,3,3,3,2,3,3,3,3,3,0,2,3,2,2,1,0,28,28,40,Extremely Severe,Extremely Severe,Extremely Severe
1,0,1,0,1,1,1,0,2,1,1,1,1,2,1,1,2,1,1,2,1,16,14,14,Moderate,Moderate,Normal
2,2,2,0,2,1,2,2,0,3,3,2,3,2,1,3,3,1,1,2,3,38,16,26,Extremely Severe,Severe,Severe
3,0,3,1,1,3,1,3,3,3,3,1,3,3,0,2,3,3,0,1,3,36,12,38,Extremely Severe,Moderate,Extremely Severe
3,1,1,1,2,3,3,3,3,1,2,3,2,2,0,1,2,0,3,3,2,22,28,32,Severe,Extremely Severe,Severe
3,2,3,2,3,3,2,3,3,3,3,3,3,2,2,3,2,2,3,3,1,36,34,38,Extremely Severe,Extremely Severe,Extremely Severe
2,3,3,1,3,2,1,2,2,3,3,1,3,2,1,3,2,1,0,2,2,38,20,26,Extremely Severe,Extremely Severe,Severe
3,0,2,2,3,3,3,3,3,3,3,1,3,2,2,3,3,2,1,2,2,38,26,34,Extremely Severe,Extremely Severe,Extremely Severe
2,2,1,0,1,3,2,2,2,0,3,2,3,2,0,1,1,2,2,2,1,16,20,32,Moderate,Extremely Severe,Severe
2,1,3,0,1,2,0,1,1,1,3,1,3,1,1,1,3,0,0,1,2,28,8,20,Extremely Severe,Mild,Moderate
3,1,1,2,2,1,1,3,2,2,3,2,3,3,1,3,2,0,2,2,1,28,22,30,Extremely Severe,Extremely Severe,Severe
1,1,1,0,1,1,0,1,0,1,1,0,0,0,0,0,1,1,0,0,1,10,2,10,Mild,Normal,Normal
1,2,0,0,1,2,2,0,2,0,1,0,1,2,0,1,1,0,0,1,1,10,14,12,Mild,Moderate,Normal
2,3,1,2,1,1,1,0,3,1,1,3,1,1,0,1,1,0,2,2,0,12,26,16,Mild,Extremely Severe,Mild
1,1,0,0,1,1,0,0,0,1,1,1,0,2,0,0,1,0,1,0,0,6,4,12,Normal,Normal,Normal
3,1,1,0,0,1,2,0,0,3,3,0,3,1,3,2,2,2,0,1,3,28,14,20,Extremely Severe,Moderate,Moderate
2,1,0,0,0,2,0,1,1,0,1,0,0,2,1,0,1,0,0,0,0,2,6,16,Normal,Normal,Mild
2,2,3,0,3,3,3,3,3,3,3,2,3,3,0,3,3,3,0,3,3,42,22,38,Extremely Severe,Extremely Severe,Extremely Severe
1,0,0,0,0,1,0,0,1,0,2,0,1,1,0,0,0,1,0,0,0,2,2,12,Normal,Normal,Normal
2,2,0,1,1,0,3,1,1,0,3,2,2,2,1,3,0,1,1,3,1,14,24,22,Moderate,Extremely Severe,Moderate
2,1,2,1,3,1,1,3,1,2,2,1,3,1,2,3,2,0,2,2,3,36,20,20,Extremely Severe,Extremely Severe,Moderate
0,3,2,1,1,1,1,2,1,3,2,2,2,2,0,2,1,2,3,1,1,24,20,22,Severe,Extremely Severe,Moderate
1,1,1,0,0,1,1,1,0,1,1,0,1,2,1,1,2,1,0,0,1,14,6,14,Moderate,Normal,Normal
1,3,2,0,2,2,1,0,2,0,0,2,2,0,2,3,3,3,0,1,0,24,18,16,Severe,Severe,Mild
3,3,3,2,3,3,3,3,3,3,3,3,3,3,3,3,3,3,3,3,3,42,40,42,Extremely Severe,Extremely Severe,Extremely Severe
3,3,2,3,2,3,3,3,3,2,3,3,3,3,2,3,1,3,3,3,3,32,40,42,Extremely Severe,Extremely Severe,Extremely Severe
3,1,1,0,3,3,0,3,3,1,3,1,3,0,0,0,3,3,0,3,1,24,14,32,Severe,Moderate,Severe
2,3,3,3,3,2,1,2,3,3,2,3,3,1,0,3,3,1,3,3,3,42,32,26,Extremely Severe,Extremely Severe,Severe
0,0,0,0,3,0,0,2,0,3,0,0,1,1,0,3,3,0,0,0,3,32,0,6,Extremely Severe,Normal,Normal
0,3,1,0,2,1,0,0,3,1,1,3,2,2,1,1,1,3,0,3,1,18,20,20,Moderate,Extremely Severe,Moderate
1,1,0,0,1,1,1,1,2,2,2,1,2,2,1,1,3,2,1,2,1,20,16,20,Moderate,Severe,Moderate
3,3,3,3,3,2,3,3,3,3,3,3,3,0,3,3,3,2,2,3,3,42,40,32,Extremely Severe,Extremely Severe,Severe
1,1,0,0,1,0,0,0,2,1,3,1,2,2,1,1,1,3,3,2,0,12,18,20,Mild,Severe,Moderate
0,1,0,1,1,1,0,0,3,1,0,1,0,1,0,1,1,1,1,0,0,8,12,8,Normal,Moderate,Normal
1,1,1,1,1,0,0,2,1,1,1,2,1,1,1,1,1,0,1,1,1,14,12,14,Moderate,Moderate,Normal
2,0,1,1,1,2,0,1,1,2,2,0,3,1,1,1,2,2,0,1,2,24,8,20,Severe,Mild,Moderate
3,0,1,2,3,3,1,2,2,1,3,1,3,1,1,3,3,3,1,1,3,34,16,32,Extremely Severe,Severe,Severe
1,0,1,0,3,1,0,0,0,0,2,0,2,0,0,3,3,2,3,2,3,30,10,12,Extremely Severe,Moderate,Normal
2,0,2,0,2,1,0,2,1,3,1,1,2,1,0,2,1,1,0,2,3,30,6,18,Extremely Severe,Normal,Mild
1,0,0,1,1,3,0,2,2,2,2,1,1,2,1,1,3,3,2,1,2,20,14,28,Moderate,Moderate,Severe
2,2,0,0,1,2,1,1,2,1,1,1,1,1,0,0,1,3,0,1,1,10,12,22,Mild,Moderate,Moderate
1,2,1,0,1,2,1,1,3,1,1,3,1,3,1,2,1,3,2,3,1,16,24,28,Moderate,Extremely Severe,Severe
3,3,2,2,3,3,3,3,3,2,3,3,3,3,3,1,3,3,2,3,3,34,38,42,Extremely Severe,Extremely Severe,Extremely Severe
0,2,0,1,0,1,1,0,2,1,0,0,0,3,1,0,2,1,1,0,1,8,16,10,Normal,Severe,Normal
3,1,1,1,0,1,1,0,2,0,1,0,3,1,1,2,1,3,0,1,0,14,14,18,Moderate,Moderate,Mild
0,0,0,0,0,0,0,0,0,1,0,0,1,0,0,1,0,0,0,0,2,10,0,0,Mild,Normal,Normal
1,1,0,0,3,0,0,3,0,0,1,1,2,2,0,1,2,0,0,0,1,18,2,16,Moderate,Normal,Mild
1,1,1,1,2,1,0,1,1,3,1,1,3,1,1,3,2,1,1,2,3,34,14,14,Extremely Severe,Moderate,Normal
1,2,1,1,2,2,1,0,2,2,1,2,3,3,2,2,2,2,0,2,1,26,20,22,Severe,Extremely Severe,Moderate
1,1,2,1,3,1,2,2,2,3,3,3,3,3,3,3,3,1,3,3,3,40,30,28,Extremely Severe,Extremely Severe,Severe
2,1,2,1,2,1,1,2,2,2,2,1,2,1,1,3,2,1,2,2,2,30,20,20,Extremely Severe,Extremely Severe,Moderate
2,0,1,0,2,1,1,1,1,3,2,2,2,3,0,3,1,3,1,0,1,26,6,28,Severe,Normal,Severe
0,0,0,0,0,0,0,0,1,1,1,0,0,0,0,0,1,1,0,0,0,4,2,4,Normal,Normal,Normal
0,0,1,0,3,0,0,3,0,1,1,1,2,1,2,2,0,1,0,2,1,20,8,14,Moderate,Mild,Normal
1,2,1,1,2,1,0,1,3,1,0,1,2,0,0,0,2,2,1,1,2,20,16,12,Moderate,Severe,Normal
0,0,0,0,0,0,0,0,1,0,0,1,0,0,0,0,0,1,0,0,0,0,2,4,Normal,Normal,Normal
0,0,0,0,0,0,0,0,0,3,0,1,1,0,0,3,2,0,0,1,3,24,2,2,Severe,Normal,Normal
1,1,1,3,1,3,0,2,1,0,1,0,0,3,1,0,0,1,0,0,0,4,12,22,Normal,Moderate,Moderate
0,0,1,0,1,1,0,0,0,1,0,0,1,0,0,1,1,1,0,0,0,12,0,4,Mild,Normal,Normal
1,0,0,0,0,0,0,0,0,0,0,0,1,0,1,0,0,1,0,0,0,2,2,4,Normal,Normal,Normal
1,1,0,1,2,0,0,2,1,1,1,1,1,0,2,0,1,1,0,1,2,14,12,12,Moderate,Moderate,Normal
0,0,0,2,2,0,1,2,1,0,0,1,0,1,1,0,1,1,0,1,0,6,12,10,Normal,Moderate,Normal
2,0,0,2,2,0,2,0,2,0,1,1,1,1,0,0,0,1,0,0,0,6,12,12,Normal,Moderate,Normal
3,2,3,3,3,3,1,3,3,3,3,3,3,3,2,3,3,3,3,3,0,36,34,42,Extremely Severe,Extremely Severe,Extremely Severe
1,1,0,0,1,1,1,0,0,0,1,0,0,1,1,1,0,1,1,1,0,4,10,10,Normal,Moderate,Normal
1,0,1,1,2,1,0,2,3,3,2,1,1,1,0,3,3,0,0,0,1,28,8,16,Extremely Severe,Mild,Mild
0,0,2,1,1,3,0,3,3,1,2,1,2,2,0,1,2,0,1,2,0,18,14,22,Moderate,Moderate,Moderate
3,1,1,0,1,0,0,3,0,3,3,0,3,2,0,3,3,3,0,0,3,34,2,28,Extremely Severe,Normal,Severe
3,3,3,3,3,3,3,3,3,3,3,3,3,3,3,3,3,3,3,3,3,42,42,42,Extremely Severe,Extremely Severe,Extremely Severe
3,2,3,3,3,3,1,2,3,1,3,3,3,3,0,0,3,3,1,2,3,32,24,40,Extremely Severe,Extremely Severe,Extremely Severe
1,0,0,2,1,2,3,0,2,0,2,3,1,0,2,0,2,2,2,3,2,12,28,20,Mild,Extremely Severe,Moderate
3,2,1,3,3,3,3,3,3,2,1,3,2,3,0,3,2,0,1,3,2,30,30,32,Extremely Severe,Extremely Severe,Severe
3,3,1,0,1,2,3,0,1,1,2,1,1,3,1,2,2,2,0,1,1,18,18,26,Moderate,Severe,Severe
3,3,3,0,1,3,3,3,3,0,2,3,3,3,0,0,2,3,3,3,3,24,30,40,Severe,Extremely Severe,Extremely Severe
2,2,2,1,1,0,1,1,3,3,3,1,1,2,0,0,2,2,3,0,1,20,20,22,Moderate,Extremely Severe,Moderate
2,2,2,1,2,2,1,2,2,3,2,2,2,2,1,2,2,2,1,2,2,30,20,28,Extremely Severe,Extremely Severe,Severe
2,1,2,3,3,2,3,2,1,3,3,3,3,3,3,2,3,2,3,3,3,38,34,34,Extremely Severe,Extremely Severe,Extremely Severe
3,0,3,0,3,3,0,1,3,1,3,0,3,3,0,3,3,3,0,3,3,38,12,32,Extremely Severe,Moderate,Severe
3,0,3,0,3,1,0,2,3,3,3,3,2,3,0,2,1,0,0,1,1,30,8,30,Extremely Severe,Mild,Severe
1,1,2,2,2,2,2,3,2,2,2,1,2,2,1,2,2,1,1,2,2,28,22,24,Extremely Severe,Extremely Severe,Moderate
2,1,1,0,2,1,0,2,1,0,2,0,2,1,0,1,1,2,0,2,0,14,8,20,Moderate,Mild,Moderate
0,0,0,0,0,2,0,0,1,1,1,0,1,1,0,0,0,1,0,0,1,6,2,10,Normal,Normal,Normal
3,2,0,0,3,0,2,3,1,3,0,3,3,2,0,2,3,3,1,0,0,28,12,28,Extremely Severe,Moderate,Severe
3,3,1,1,1,1,0,3,2,1,3,2,3,3,0,2,1,3,0,2,1,20,16,36,Moderate,Severe,Extremely Severe
3,1,3,3,3,3,3,3,3,3,3,3,3,2,3,3,3,3,1,0,3,42,28,40,Extremely Severe,Extremely Severe,Extremely Severe
1,0,0,0,0,2,0,1,1,0,2,1,2,1,0,0,0,3,0,1,0,4,4,22,Normal,Normal,Moderate
1,0,2,1,2,2,0,1,2,1,1,1,1,1,0,1,2,1,0,1,1,20,8,16,Moderate,Mild,Mild
0,1,0,1,3,0,1,1,3,0,2,0,1,0,1,0,1,0,3,3,1,12,26,6,Mild,Extremely Severe,Normal
0,0,1,0,0,2,0,0,1,0,1,0,0,0,0,0,0,0,0,0,0,2,2,6,Normal,Normal,Normal
3,3,2,0,3,2,1,2,3,3,3,3,3,2,1,3,3,3,1,2,3,40,22,36,Extremely Severe,Extremely Severe,Extremely Severe
2,2,1,1,1,2,0,2,2,1,3,2,1,1,2,0,0,3,0,0,1,10,14,30,Mild,Moderate,Severe
2,1,0,3,1,3,3,0,2,3,3,1,2,1,0,3,0,3,0,3,0,18,24,26,Moderate,Extremely Severe,Severe
2,2,1,0,3,1,0,3,2,2,3,1,2,2,1,3,2,1,1,1,0,26,14,26,Severe,Moderate,Severe
1,0,0,0,3,3,2,0,0,0,2,2,2,0,0,1,1,2,0,0,1,16,4,20,Moderate,Normal,Moderate
0,0,0,0,0,0,0,0,0,0,0,0,0,1,0,1,0,0,0,0,0,2,0,2,Normal,Normal,Normal
3,2,1,3,3,3,1,2,3,2,3,2,3,3,2,3,3,3,3,2,3,36,32,38,Extremely Severe,Extremely Severe,Extremely Severe
2,3,0,2,2,2,2,3,2,2,2,2,1,2,1,1,1,2,3,3,1,16,32,30,Moderate,Extremely Severe,Severe
1,0,1,1,2,2,2,2,1,1,2,3,2,1,2,2,1,3,0,2,0,18,16,28,Moderate,Severe,Severe
1,2,3,2,3,2,0,3,0,3,2,1,2,1,0,3,2,1,1,0,2,36,10,22,Extremely Severe,Moderate,Moderate
3,1,1,1,3,3,2,3,2,3,3,1,3,1,1,3,3,2,2,3,3,38,24,32,Extremely Severe,Extremely Severe,Severe
1,0,0,0,0,2,0,1,2,0,2,1,0,1,0,0,0,0,1,0,0,0,6,16,Normal,Normal,Mild
2,1,1,2,1,3,3,3,2,1,3,2,3,3,3,1,3,3,3,2,2,24,32,38,Severe,Extremely Severe,Extremely Severe
1,1,0,2,1,1,1,1,1,0,2,1,1,1,1,0,1,1,1,1,0,6,16,16,Normal,Severe,Mild
2,3,1,2,1,2,2,2,2,3,2,2,3,3,0,3,3,1,3,2,2,32,28,28,Extremely Severe,Extremely Severe,Severe
1,2,1,0,0,0,2,0,0,0,1,1,1,1,0,1,0,1,1,2,0,6,14,10,Normal,Moderate,Normal
2,0,2,2,2,3,3,2,3,2,3,3,3,2,3,2,3,1,2,2,3,34,30,32,Extremely Severe,Extremely Severe,Severe
3,1,3,3,3,3,3,3,0,3,3,3,3,3,0,3,3,2,3,3,3,42,26,40,Extremely Severe,Extremely Severe,Extremely Severe
3,0,1,0,3,1,1,1,1,3,3,0,1,1,0,1,1,0,0,0,1,22,4,18,Severe,Normal,Mild
1,1,2,1,1,1,3,2,0,0,2,3,2,2,0,1,0,3,0,2,0,12,14,28,Mild,Moderate,Severe
1,1,0,0,1,1,1,1,1,3,2,1,2,0,0,1,2,1,1,0,1,20,8,14,Moderate,Mild,Normal
3,3,2,2,3,2,0,2,3,2,3,2,3,3,3,3,3,3,3,3,3,38,34,36,Extremely Severe,Extremely Severe,Extremely Severe
3,0,1,2,1,1,1,2,3,2,1,3,3,3,1,1,3,1,2,3,2,26,24,28,Severe,Extremely Severe,Severe
1,0,0,0,1,1,1,1,1,0,1,0,0,0,0,0,0,0,0,0,0,2,4,8,Normal,Normal,Normal
0,0,0,0,0,0,0,0,1,0,0,0,0,1,0,0,0,0,0,1,0,0,4,2,Normal,Normal,Normal
1,0,1,1,1,1,1,2,1,0,2,2,1,1,0,1,0,0,2,0,0,8,10,18,Normal,Moderate,Mild
2,0,3,2,3,2,0,3,3,3,3,3,3,0,2,3,1,2,0,0,0,32,14,30,Extremely Severe,Moderate,Severe
0,0,0,0,0,1,0,0,0,0,0,0,0,0,2,0,0,0,0,0,0,0,4,2,Normal,Normal,Normal
3,1,2,1,2,2,1,2,1,2,1,2,2,1,1,3,3,2,1,2,2,32,16,26,Extremely Severe,Severe,Severe
0,0,0,0,0,0,0,0,0,0,0,0,0,0,0,0,0,0,0,0,0,0,0,0,Normal,Normal,Normal
0,0,0,0,0,0,0,0,0,0,0,0,0,0,1,0,0,0,0,0,0,0,2,0,Normal,Normal,Normal
2,2,0,2,0,0,0,0,2,2,1,2,0,2,0,2,0,2,2,0,0,8,16,18,Normal,Severe,Mild
2,1,1,1,1,0,1,1,1,1,3,2,2,1,0,1,2,0,3,1,2,20,16,18,Moderate,Severe,Mild
3,3,3,3,3,3,1,3,3,3,3,3,3,3,3,3,3,3,3,3,3,42,38,42,Extremely Severe,Extremely Severe,Extremely Severe
3,3,1,3,3,3,0,3,3,2,3,3,3,3,0,3,3,3,3,3,2,34,30,42,Extremely Severe,Extremely Severe,Extremely Severe
1,0,2,2,1,2,0,1,2,1,1,1,1,1,1,1,3,3,0,0,0,18,10,20,Moderate,Moderate,Moderate
0,2,1,0,0,0,0,1,2,0,1,1,0,0,0,2,0,1,1,1,0,6,12,8,Normal,Moderate,Normal
2,0,0,0,1,1,0,2,1,0,1,0,0,2,0,0,0,1,1,0,0,2,4,18,Normal,Normal,Mild
2,3,1,1,2,2,1,1,3,3,3,2,1,1,1,3,2,1,2,1,1,26,24,24,Severe,Extremely Severe,Moderate
1,2,0,0,0,0,0,0,0,0,0,0,0,2,0,1,0,1,1,0,0,2,6,8,Normal,Normal,Normal
0,0,1,0,3,1,0,2,1,2,0,0,2,0,0,2,2,0,0,0,2,28,2,6,Extremely Severe,Normal,Normal
3,3,3,1,3,2,3,3,3,3,3,3,3,3,0,3,3,3,3,3,3,42,32,40,Extremely Severe,Extremely Severe,Extremely Severe
2,2,2,0,2,1,2,2,3,1,1,2,1,3,2,2,2,0,2,2,1,22,26,22,Severe,Extremely Severe,Moderate
3,0,0,1,2,2,0,1,3,1,3,1,2,1,2,2,3,0,0,0,1,22,12,22,Severe,Moderate,Moderate
0,0,0,0,0,0,0,0,0,0,0,0,0,0,0,0,0,0,1,0,0,0,2,0,Normal,Normal,Normal
1,1,0,2,3,1,2,1,2,2,1,1,2,2,0,3,3,2,3,1,1,28,22,18,Extremely Severe,Extremely Severe,Mild
0,2,0,0,0,0,2,1,2,0,2,2,0,0,0,0,2,0,2,0,0,4,16,10,Normal,Severe,Normal
3,3,3,1,2,1,2,3,3,3,3,3,3,2,2,3,3,3,1,3,3,40,30,36,Extremely Severe,Extremely Severe,Extremely Severe
1,0,3,1,2,2,1,2,3,3,3,2,3,3,3,3,2,2,1,1,3,38,20,30,Extremely Severe,Extremely Severe,Severe
0,0,0,0,0,0,0,0,1,0,0,0,0,1,0,1,0,0,0,0,0,2,2,2,Normal,Normal,Normal
1,1,1,1,1,2,0,1,1,1,1,1,1,2,0,0,1,1,0,0,1,12,6,18,Mild,Normal,Mild
3,1,1,3,2,3,2,3,3,1,3,3,3,3,0,1,3,3,1,2,3,28,24,42,Extremely Severe,Extremely Severe,Extremely Severe
2,2,0,0,1,1,0,0,3,2,1,1,1,3,1,1,0,0,0,1,1,12,14,16,Mild,Moderate,Mild
3,3,2,2,3,0,0,2,3,2,2,3,1,3,0,3,1,0,1,3,1,26,24,26,Severe,Extremely Severe,Severe
2,2,2,2,1,3,1,3,3,3,3,2,2,3,2,3,2,1,2,3,1,28,30,34,Extremely Severe,Extremely Severe,Extremely Severe
3,2,3,1,3,3,2,1,2,1,3,1,3,3,3,1,3,3,0,1,3,34,22,34,Extremely Severe,Extremely Severe,Extremely Severe
1,0,0,0,1,1,0,1,0,0,1,1,2,1,1,0,2,1,0,0,0,10,2,14,Mild,Normal,Normal
1,1,0,0,0,0,0,0,0,1,0,0,0,0,1,0,0,0,0,0,1,4,4,2,Normal,Normal,Normal
0,0,1,0,0,0,0,0,0,0,0,0,0,0,0,0,1,1,0,0,0,4,0,2,Normal,Normal,Normal
1,1,0,0,1,1,0,1,1,0,1,1,1,0,0,0,0,1,1,1,0,4,8,12,Normal,Mild,Normal
2,1,0,0,1,0,1,0,2,1,1,2,1,1,0,1,0,2,1,0,0,8,10,16,Normal,Moderate,Mild
0,1,0,1,3,0,0,0,0,0,0,0,0,0,0,0,0,0,0,0,0,6,4,0,Normal,Normal,Normal
2,2,2,1,2,2,1,2,1,3,1,2,3,1,1,3,3,2,1,2,3,38,18,24,Extremely Severe,Severe,Moderate
3,1,1,0,3,1,0,3,0,1,2,1,3,3,0,3,1,0,0,1,2,28,4,26,Extremely Severe,Normal,Severe
1,2,1,1,1,3,1,1,3,2,1,2,3,1,1,3,3,1,2,2,2,30,24,20,Extremely Severe,Extremely Severe,Moderate
1,0,3,0,1,0,0,0,0,1,1,0,0,0,0,2,0,0,0,0,3,20,0,4,Moderate,Normal,Normal
3,3,3,3,3,3,3,3,3,3,3,3,3,3,3,3,3,3,3,3,3,42,42,42,Extremely Severe,Extremely Severe,Extremely Severe
1,0,2,2,1,0,1,1,3,3,1,1,3,3,2,2,3,1,2,1,3,34,22,16,Extremely Severe,Extremely Severe,Mild
0,0,0,0,0,0,0,3,0,2,1,0,1,2,0,0,3,0,3,0,1,14,6,12,Moderate,Normal,Normal
2,1,0,1,0,1,2,1,2,2,0,1,3,1,0,0,1,0,0,2,0,12,16,12,Mild,Severe,Normal
2,0,0,0,1,1,0,0,0,2,1,0,0,1,0,0,0,2,1,0,1,8,2,14,Normal,Normal,Normal
0,0,0,0,0,0,0,0,0,0,0,0,1,0,0,0,0,0,0,0,0,2,0,0,Normal,Normal,Normal
3,2,1,2,1,0,2,0,3,0,2,3,2,2,2,2,0,3,2,2,0,12,30,26,Mild,Extremely Severe,Severe
1,0,1,1,1,2,1,1,2,1,2,1,1,2,1,1,2,2,0,2,1,16,14,22,Moderate,Moderate,Moderate
2,3,1,3,3,3,0,0,3,3,3,2,3,0,0,3,2,3,2,3,3,36,28,26,Extremely Severe,Extremely Severe,Severe
3,3,3,3,1,3,2,2,2,3,3,3,3,2,3,3,3,1,3,3,3,38,38,34,Extremely Severe,Extremely Severe,Extremely Severe
0,0,2,1,0,1,0,1,1,0,1,0,0,0,0,1,0,0,1,0,0,6,6,6,Normal,Normal,Normal
0,0,0,0,0,0,2,0,0,0,1,0,1,0,0,0,0,0,0,0,0,2,4,2,Normal,Normal,Normal
1,1,3,0,3,2,0,0,0,3,3,0,3,1,2,2,3,2,0,0,3,40,6,18,Extremely Severe,Normal,Mild
0,1,2,0,1,0,0,1,0,0,2,0,3,0,0,0,0,2,0,0,0,12,2,10,Mild,Normal,Normal
1,1,1,1,1,1,1,1,1,1,1,1,1,1,1,1,1,1,1,1,1,14,14,14,Moderate,Moderate,Normal
2,1,3,1,1,3,1,3,3,2,3,3,1,3,1,3,1,2,1,1,0,22,18,38,Severe,Severe,Extremely Severe
3,3,0,0,3,1,1,1,1,0,3,1,3,3,0,2,1,0,0,1,1,20,12,24,Moderate,Moderate,Moderate
2,1,1,0,2,2,1,2,2,2,2,1,2,3,1,1,0,1,1,1,1,18,14,26,Moderate,Moderate,Severe
2,1,2,1,3,1,1,1,1,2,2,0,1,1,1,2,2,3,0,1,2,28,12,20,Extremely Severe,Moderate,Moderate
1,0,3,0,1,3,0,1,1,0,3,1,3,1,1,0,1,0,0,0,1,18,4,20,Moderate,Normal,Moderate
2,1,1,1,1,3,1,1,1,1,3,1,2,1,1,1,2,3,3,2,2,20,20,28,Moderate,Extremely Severe,Severe
3,1,0,1,1,2,1,1,2,0,2,2,2,2,0,2,1,0,0,1,0,12,12,24,Mild,Moderate,Moderate
2,1,1,1,2,2,3,2,1,1,3,2,2,3,0,1,1,1,1,3,1,18,20,30,Moderate,Extremely Severe,Severe
2,1,0,0,1,1,1,1,2,2,1,2,2,1,0,1,1,1,1,1,2,18,12,18,Moderate,Moderate,Mild
2,0,0,0,1,2,0,1,0,2,2,1,2,0,0,1,1,2,0,0,0,14,0,20,Moderate,Normal,Moderate
3,3,3,1,3,3,0,3,2,3,3,0,3,1,0,3,3,1,2,3,3,42,22,28,Extremely Severe,Extremely Severe,Severe
3,0,0,0,0,0,0,0,0,0,3,0,0,1,0,0,0,0,0,0,0,0,0,14,Normal,Normal,Normal
3,1,3,0,1,3,0,2,3,3,3,3,3,0,3,3,3,3,1,3,3,38,22,34,Extremely Severe,Extremely Severe,Extremely Severe
0,1,0,1,0,0,0,0,1,0,0,0,0,1,1,0,0,0,1,0,0,0,10,2,Normal,Moderate,Normal
1,3,2,0,3,1,0,2,3,3,3,3,3,1,0,2,1,3,3,2,1,30,22,28,Extremely Severe,Extremely Severe,Severe
3,3,0,3,1,3,0,3,3,0,3,0,3,1,2,3,3,0,0,1,1,22,24,26,Severe,Extremely Severe,Severe
1,2,0,1,0,1,0,1,0,2,1,1,0,1,0,1,1,1,0,1,0,8,8,14,Normal,Mild,Normal
2,0,1,0,2,2,0,1,1,1,2,0,3,0,0,2,0,3,0,1,0,18,4,20,Moderate,Normal,Moderate
3,3,3,1,2,3,3,3,3,2,3,2,2,3,1,3,3,1,1,3,3,36,30,36,Extremely Severe,Extremely Severe,Extremely Severe
2,3,2,3,2,2,3,2,2,1,3,3,2,3,1,3,1,3,2,2,2,26,32,36,Severe,Extremely Severe,Extremely Severe
2,0,0,0,2,0,0,0,0,0,0,0,0,0,0,0,0,0,1,2,1,6,6,4,Normal,Normal,Normal
3,2,3,1,3,2,1,3,3,3,3,3,3,3,2,3,3,3,2,3,2,40,28,40,Extremely Severe,Extremely Severe,Extremely Severe
2,3,1,2,2,3,3,2,3,2,2,3,2,2,3,1,3,3,3,2,0,22,38,34,Severe,Extremely Severe,Extremely Severe
1,1,1,1,1,1,0,1,1,1,1,1,1,2,1,1,1,1,0,1,1,14,10,16,Moderate,Moderate,Mild
2,1,2,1,0,0,0,1,3,3,1,2,1,0,1,3,3,2,1,2,2,28,18,16,Extremely Severe,Severe,Mild
3,0,3,2,3,3,0,3,0,3,3,3,3,3,0,3,3,3,3,3,3,42,16,42,Extremely Severe,Severe,Extremely Severe
3,2,1,2,1,1,3,3,3,3,3,3,3,3,3,3,3,3,3,3,3,34,38,38,Extremely Severe,Extremely Severe,Extremely Severe
3,1,1,1,1,3,1,1,3,1,3,1,3,3,2,1,3,3,1,2,2,24,22,34,Severe,Extremely Severe,Extremely Severe
2,1,3,0,2,1,0,0,1,1,1,0,1,0,1,2,2,1,1,1,1,24,10,10,Severe,Moderate,Normal
0,1,0,0,3,1,0,0,1,0,0,0,1,2,0,1,1,1,3,3,1,14,16,8,Moderate,Severe,Normal
0,1,0,0,1,0,0,0,1,0,1,1,1,1,0,1,0,0,0,0,0,6,4,6,Normal,Normal,Normal
2,0,1,0,1,1,0,1,1,3,3,2,2,3,0,1,2,1,0,1,2,24,4,26,Severe,Normal,Severe
2,0,2,0,2,2,1,2,2,1,2,1,1,1,1,2,1,2,0,2,2,22,12,24,Severe,Moderate,Moderate
1,0,0,0,1,1,0,1,0,0,1,1,1,0,0,1,0,1,0,1,0,6,2,12,Normal,Normal,Normal
1,1,1,0,2,1,2,2,3,1,2,0,1,3,1,1,1,1,1,1,2,18,18,20,Moderate,Severe,Moderate
0,0,2,0,1,1,0,0,0,2,1,0,0,1,0,2,1,0,1,0,2,20,2,6,Moderate,Normal,Normal
1,1,0,0,0,1,0,0,1,0,1,3,1,2,0,0,0,0,3,2,0,2,14,16,Normal,Moderate,Mild
3,2,3,3,3,3,3,3,3,3,3,2,3,3,2,3,3,1,3,3,3,42,38,36,Extremely Severe,Extremely Severe,Extremely Severe
1,1,0,0,0,1,1,0,1,0,0,1,0,1,0,0,0,1,0,0,0,0,6,10,Normal,Normal,Normal
2,0,1,1,1,1,2,2,1,2,3,1,2,1,1,1,3,1,1,0,2,24,12,22,Severe,Moderate,Moderate
2,0,1,0,1,1,0,0,0,1,2,0,2,2,0,2,1,0,0,0,1,18,0,14,Moderate,Normal,Normal
0,1,0,0,0,0,0,2,0,0,1,0,1,2,0,1,0,1,0,0,0,4,2,12,Normal,Normal,Normal
0,0,1,1,3,0,0,2,0,2,0,0,3,0,0,2,3,1,0,0,3,34,2,6,Extremely Severe,Normal,Normal
2,2,1,0,3,1,1,1,0,2,1,2,3,0,0,2,3,2,0,0,3,34,6,18,Extremely Severe,Normal,Mild
2,2,2,2,2,2,2,2,2,2,2,2,2,2,2,2,2,2,2,2,2,28,28,28,Extremely Severe,Extremely Severe,Severe
2,2,1,0,1,2,2,2,2,3,1,0,1,3,2,2,1,2,3,3,1,20,28,24,Moderate,Extremely Severe,Moderate
0,0,0,0,2,2,0,0,0,0,0,1,0,2,0,0,0,0,0,0,0,4,0,10,Normal,Normal,Normal
0,0,3,0,2,0,0,3,1,3,0,1,3,0,1,3,3,0,0,0,3,40,4,8,Extremely Severe,Normal,Normal
1,1,0,0,0,1,1,1,1,1,1,0,2,2,1,0,1,3,0,0,1,10,8,18,Mild,Mild,Mild
2,1,1,0,0,1,1,1,1,1,1,1,1,1,1,1,0,1,0,1,1,10,10,16,Mild,Moderate,Mild
0,0,0,0,0,0,0,0,0,0,1,0,0,0,1,0,0,0,0,0,0,0,2,2,Normal,Normal,Normal
3,0,2,0,1,1,0,1,1,1,2,1,2,2,0,1,2,1,0,1,1,20,4,22,Moderate,Normal,Moderate
3,1,2,1,3,3,1,3,2,3,3,3,3,3,1,3,3,3,3,3,3,40,24,42,Extremely Severe,Extremely Severe,Extremely Severe
0,0,0,0,0,0,0,0,1,0,0,0,0,1,0,0,0,1,1,0,0,0,4,4,Normal,Normal,Normal
0,0,0,0,0,1,0,0,0,0,1,0,0,0,0,0,0,1,0,0,0,0,0,6,Normal,Normal,Normal
2,1,1,0,1,3,1,1,3,0,3,1,1,2,1,0,3,2,0,0,1,14,12,28,Moderate,Moderate,Severe
1,0,0,0,0,1,0,0,1,0,1,0,1,1,0,0,1,1,0,0,0,4,2,10,Normal,Normal,Normal
2,0,2,0,2,2,0,1,3,2,3,0,3,1,0,1,3,0,0,2,3,32,10,18,Extremely Severe,Moderate,Mild
2,0,0,1,1,0,0,1,1,3,1,0,0,1,0,1,0,1,1,1,0,10,8,12,Mild,Mild,Normal
3,3,3,2,2,2,2,1,2,2,3,3,3,3,2,3,2,3,1,3,3,36,30,36,Extremely Severe,Extremely Severe,Extremely Severe
0,3,0,2,0,0,0,3,1,0,1,1,1,1,0,1,1,1,2,0,0,6,16,14,Normal,Severe,Normal
1,1,0,0,1,0,0,0,0,0,0,1,0,1,0,0,0,0,1,0,0,2,4,6,Normal,Normal,Normal
0,1,0,0,0,0,0,0,1,1,1,0,1,0,0,2,0,1,0,1,0,8,6,4,Normal,Normal,Normal
2,1,1,0,0,1,1,1,2,3,1,0,2,1,0,1,2,3,1,0,0,18,10,18,Moderate,Moderate,Mild
3,0,1,3,3,1,2,0,3,0,3,1,1,1,0,1,3,1,2,3,3,24,26,20,Severe,Extremely Severe,Moderate
2,3,3,2,3,3,1,2,3,3,2,2,3,3,1,3,3,3,1,2,3,42,26,34,Extremely Severe,Extremely Severe,Extremely Severe
1,2,0,0,0,2,0,0,1,0,1,1,1,1,0,0,0,1,0,1,0,2,8,14,Normal,Mild,Normal
3,2,1,0,2,3,0,3,2,3,3,1,3,3,2,1,3,3,0,1,3,32,14,38,Extremely Severe,Moderate,Extremely Severe
3,2,1,1,2,3,1,2,2,1,3,2,2,3,1,1,2,3,1,2,1,20,20,38,Moderate,Extremely Severe,Extremely Severe
0,1,0,0,1,1,0,0,3,0,1,1,3,1,0,3,1,0,0,3,1,18,14,8,Moderate,Moderate,Normal
1,0,1,0,1,2,0,0,1,0,1,1,1,1,0,0,0,0,0,0,0,6,2,12,Normal,Normal,Normal
1,1,1,1,1,1,0,1,1,1,1,1,1,1,0,1,1,1,0,1,1,14,8,14,Moderate,Mild,Normal
3,3,2,2,2,3,0,2,2,3,3,2,3,3,0,2,3,1,1,1,3,36,18,34,Extremely Severe,Severe,Extremely Severe
3,3,3,3,3,3,3,2,3,3,3,0,3,2,0,3,3,0,0,1,3,42,26,26,Extremely Severe,Extremely Severe,Severe
1,0,0,0,0,1,0,2,1,0,1,1,0,1,0,0,0,1,0,0,0,0,2,16,Normal,Normal,Mild
2,2,0,0,0,1,1,0,1,0,2,1,1,2,1,0,0,0,1,0,0,2,12,16,Normal,Moderate,Mild
2,0,1,1,2,2,1,2,2,1,3,2,2,2,2,1,2,1,2,2,1,20,20,28,Moderate,Extremely Severe,Severe
0,0,0,0,1,1,0,0,1,1,0,0,0,0,0,0,0,3,0,0,0,4,2,8,Normal,Normal,Normal
1,2,1,1,1,1,1,1,1,0,1,1,1,1,1,2,0,1,2,1,1,12,18,14,Mild,Severe,Normal
1,0,1,0,1,0,0,1,2,3,1,1,2,2,0,3,3,1,0,0,3,32,4,14,Extremely Severe,Normal,Normal
0,2,0,0,0,0,0,1,0,0,0,0,0,0,0,0,1,1,0,0,0,2,4,4,Normal,Normal,Normal
2,2,2,2,2,2,1,3,1,1,2,2,2,3,1,2,2,2,1,2,1,24,20,32,Severe,Extremely Severe,Severe
1,2,0,1,1,2,2,1,3,1,1,1,2,1,2,2,1,1,2,2,2,18,28,16,Moderate,Extremely Severe,Mild
1,0,0,0,0,0,0,0,0,0,0,0,0,2,0,1,0,0,0,1,0,2,2,6,Normal,Normal,Normal
1,0,1,1,0,0,0,0,1,1,1,1,1,1,0,1,3,0,0,0,1,16,4,8,Moderate,Normal,Normal
2,0,2,0,2,2,0,1,1,2,2,1,2,0,0,2,1,1,2,0,2,26,6,18,Severe,Normal,Mild
3,0,1,0,2,3,0,3,3,2,3,3,2,0,0,2,2,3,0,2,3,28,10,36,Extremely Severe,Moderate,Extremely Severe
0,1,0,0,0,0,2,0,1,1,1,0,0,0,0,0,0,0,0,0,0,2,8,2,Normal,Mild,Normal
0,1,1,1,1,0,0,1,1,2,1,1,2,1,0,0,1,0,0,2,1,16,10,8,Moderate,Moderate,Normal
2,0,2,0,3,2,0,2,2,1,3,1,2,1,1,2,2,3,0,1,2,28,8,28,Extremely Severe,Mild,Severe
0,1,0,0,0,1,0,2,0,0,0,0,0,1,0,0,0,1,1,0,0,0,4,10,Normal,Normal,Normal
2,1,3,2,2,2,3,2,1,3,3,2,3,3,1,3,3,1,2,2,3,40,24,30,Extremely Severe,Extremely Severe,Severe
2,0,2,3,3,2,3,3,3,2,2,2,2,2,3,2,2,3,1,2,2,30,30,32,Extremely Severe,Extremely Severe,Severe
1,0,1,0,0,1,0,0,1,0,1,0,1,1,0,1,0,0,0,0,0,6,2,8,Normal,Normal,Normal
1,0,1,1,2,0,2,2,2,2,0,1,2,2,1,3,3,1,2,2,3,32,20,14,Extremely Severe,Extremely Severe,Normal
1,0,2,1,3,1,0,1,0,2,1,1,2,0,0,2,1,1,0,1,1,26,4,12,Severe,Normal,Normal
3,3,3,3,3,3,3,3,3,3,3,3,3,2,2,3,3,3,3,3,3,42,40,40,Extremely Severe,Extremely Severe,Extremely Severe
2,2,2,1,3,2,1,3,3,3,3,3,3,1,1,1,3,3,1,3,3,36,24,34,Extremely Severe,Extremely Severe,Extremely Severe
1,1,1,0,3,1,0,2,1,3,2,1,3,1,1,1,1,1,0,2,2,28,10,18,Extremely Severe,Moderate,Mild
3,3,1,0,2,2,1,1,3,3,2,1,1,3,1,3,3,1,1,0,3,32,18,26,Extremely Severe,Severe,Severe
1,3,1,0,0,0,2,0,1,0,2,2,1,2,1,0,1,1,1,0,1,8,16,16,Normal,Severe,Mild
3,1,2,1,3,3,0,1,3,2,3,3,2,3,1,2,1,1,2,3,1,26,22,34,Severe,Extremely Severe,Extremely Severe
2,0,3,0,3,1,0,1,1,3,3,2,3,0,0,3,3,2,0,1,3,42,4,22,Extremely Severe,Normal,Moderate
2,2,1,0,0,3,0,1,2,2,1,1,1,2,0,1,3,3,0,2,1,18,12,26,Moderate,Moderate,Severe
2,1,1,0,2,2,0,2,1,0,2,1,2,3,1,2,2,2,1,1,1,20,10,28,Moderate,Moderate,Severe
0,1,0,2,0,0,1,1,3,0,0,1,1,1,1,0,0,1,0,0,0,2,16,8,Normal,Severe,Normal
1,2,3,2,2,1,3,2,2,1,1,3,2,3,1,1,2,0,3,1,1,24,28,22,Severe,Extremely Severe,Moderate
1,2,1,1,1,2,1,1,2,1,2,1,2,2,2,1,2,2,0,2,2,20,20,22,Moderate,Extremely Severe,Moderate
1,3,1,1,2,2,2,3,2,2,3,2,3,1,0,3,3,3,1,3,3,34,24,30,Extremely Severe,Extremely Severe,Severe
2,0,0,2,0,1,0,0,1,2,1,2,1,1,0,2,0,1,0,0,1,12,6,16,Mild,Normal,Mild
0,0,0,0,2,0,1,0,1,2,1,2,3,1,0,3,2,2,1,1,3,30,8,12,Extremely Severe,Mild,Normal
0,0,0,0,0,0,1,0,0,0,0,0,0,0,0,0,0,0,1,0,0,0,4,0,Normal,Normal,Normal
0,3,1,3,1,3,2,1,3,3,2,3,1,3,0,2,2,2,1,0,3,26,24,28,Severe,Extremely Severe,Severe
2,0,2,1,1,2,2,2,1,2,2,2,2,2,1,1,3,2,0,2,1,24,14,28,Severe,Moderate,Severe
2,0,2,1,1,2,2,2,2,1,2,1,2,1,0,2,2,2,1,2,1,22,16,24,Severe,Severe,Moderate
0,1,0,0,0,1,0,0,1,0,0,0,1,3,0,0,1,2,0,0,0,4,4,12,Normal,Normal,Normal
1,1,1,0,1,3,0,1,1,0,3,1,1,3,0,1,0,0,0,3,0,8,10,24,Normal,Moderate,Moderate
1,1,3,1,3,3,3,2,1,2,3,1,1,3,0,3,1,2,2,1,1,28,18,30,Extremely Severe,Severe,Severe
2,1,0,3,2,1,0,1,1,0,2,3,2,3,3,0,1,3,3,3,0,10,28,30,Mild,Extremely Severe,Severe
0,2,0,0,1,2,1,0,1,0,1,1,1,2,0,1,1,2,0,0,0,8,8,16,Normal,Mild,Mild
0,0,0,0,0,0,0,1,0,0,1,0,1,1,0,0,0,0,0,0,1,4,0,6,Normal,Normal,Normal
3,2,1,2,2,3,1,3,0,0,3,3,1,3,1,1,2,3,3,3,2,18,24,42,Moderate,Extremely Severe,Extremely Severe
3,3,3,3,2,3,3,3,3,3,3,3,2,3,2,3,3,2,1,3,3,38,36,40,Extremely Severe,Extremely Severe,Extremely Severe
3,1,3,3,3,3,3,3,3,3,3,3,2,3,3,3,3,3,3,2,2,38,36,42,Extremely Severe,Extremely Severe,Extremely Severe
1,1,2,0,1,1,1,2,1,2,1,0,2,3,0,3,2,1,1,1,1,26,10,18,Severe,Moderate,Mild
2,0,1,0,2,1,0,1,2,1,2,0,2,2,1,1,2,0,0,0,1,20,6,16,Moderate,Normal,Mild
2,1,1,1,2,0,0,1,2,0,1,1,1,1,0,2,2,0,0,0,2,20,8,12,Moderate,Mild,Normal
3,1,1,0,3,3,2,1,2,3,2,3,3,3,0,3,3,3,0,1,1,34,12,36,Extremely Severe,Moderate,Extremely Severe
1,0,2,0,3,2,0,3,3,1,3,1,2,2,0,3,2,0,0,3,1,28,12,24,Extremely Severe,Moderate,Moderate
0,2,0,0,0,0,0,1,0,0,0,0,1,0,0,1,0,1,1,2,0,4,10,4,Normal,Moderate,Normal
1,1,2,0,1,0,0,0,1,2,0,1,1,2,0,1,2,2,0,1,2,22,6,12,Severe,Normal,Normal
2,2,0,1,2,3,0,3,0,0,3,3,1,3,1,0,1,3,0,1,0,8,10,40,Normal,Moderate,Extremely Severe
3,1,3,3,3,3,3,3,0,3,3,2,3,3,3,3,3,3,3,3,3,42,32,40,Extremely Severe,Extremely Severe,Extremely Severe
1,0,2,1,2,3,0,3,2,2,2,1,2,2,1,3,3,2,3,1,1,30,16,28,Extremely Severe,Severe,Severe
2,3,1,1,1,2,1,3,2,1,3,2,2,2,0,1,2,2,2,3,0,16,24,32,Moderate,Extremely Severe,Severe
0,0,0,1,0,0,1,0,1,0,0,1,0,0,1,0,0,0,1,1,0,0,12,2,Normal,Moderate,Normal
3,3,3,3,3,3,3,3,0,3,3,3,3,2,3,3,3,3,3,3,3,42,36,40,Extremely Severe,Extremely Severe,Extremely Severe
3,3,2,3,2,3,3,3,3,2,3,3,3,3,3,3,3,3,3,2,3,36,40,42,Extremely Severe,Extremely Severe,Extremely Severe
3,3,3,2,3,3,0,3,3,1,2,1,3,2,1,3,1,1,1,3,2,32,26,30,Extremely Severe,Extremely Severe,Severe
3,3,3,3,3,2,1,2,3,3,3,2,3,3,1,3,3,3,1,1,3,42,26,36,Extremely Severe,Extremely Severe,Extremely Severe
2,0,0,0,0,2,0,0,0,0,2,0,2,0,0,0,0,0,0,0,0,4,0,12,Normal,Normal,Normal
3,1,2,1,1,1,1,3,2,3,2,2,3,3,1,1,3,2,3,3,3,32,24,32,Extremely Severe,Extremely Severe,Severe
3,3,2,2,3,3,2,3,2,3,3,3,3,3,2,3,3,2,2,1,2,38,28,40,Extremely Severe,Extremely Severe,Extremely Severe
2,2,2,1,3,3,0,2,1,3,2,1,3,1,0,3,3,2,1,3,3,40,16,26,Extremely Severe,Severe,Severe
2,2,0,0,0,3,0,1,1,0,2,0,1,1,1,0,0,0,0,0,0,2,8,18,Normal,Mild,Mild
1,0,0,1,2,3,1,2,3,0,3,3,0,0,0,0,0,2,3,0,0,4,16,28,Normal,Severe,Severe
1,3,0,0,2,1,0,1,2,1,1,1,1,0,0,0,3,1,1,1,0,14,14,12,Moderate,Moderate,Normal
2,1,1,2,3,3,2,3,3,2,3,2,2,1,2,2,2,1,3,3,3,30,32,30,Extremely Severe,Extremely Severe,Severe
1,1,1,2,1,1,0,2,2,0,3,2,2,1,1,0,0,3,0,3,0,8,18,26,Normal,Severe,Severe
3,3,2,3,2,3,3,2,3,3,3,3,3,3,3,3,3,3,3,3,2,36,42,40,Extremely Severe,Extremely Severe,Extremely Severe
1,1,0,1,0,1,0,0,1,0,0,0,0,1,0,0,0,1,0,0,0,0,6,8,Normal,Normal,Normal
1,0,1,1,0,2,0,0,1,0,2,1,1,1,0,1,0,0,2,1,0,6,10,14,Normal,Moderate,Normal
2,2,1,1,3,2,2,2,2,3,2,1,1,2,1,2,0,0,2,0,1,22,20,22,Severe,Extremely Severe,Moderate
0,2,0,0,3,0,2,2,2,3,3,2,3,3,0,2,2,0,0,2,1,28,16,20,Extremely Severe,Severe,Moderate
3,2,0,1,1,1,2,2,3,1,3,1,3,0,0,3,1,3,2,3,0,18,26,26,Moderate,Extremely Severe,Severe
1,0,2,0,1,1,2,1,1,2,3,0,2,1,0,2,3,2,3,0,3,30,12,18,Extremely Severe,Moderate,Mild
1,2,1,2,2,2,1,1,2,1,2,2,2,2,1,1,2,3,1,1,2,22,20,26,Severe,Extremely Severe,Severe
3,2,1,1,2,3,1,3,1,1,3,0,2,3,1,1,1,1,1,1,2,20,16,32,Moderate,Severe,Severe
2,0,1,2,1,2,1,3,2,1,3,1,1,2,1,1,3,1,1,2,1,18,18,28,Moderate,Severe,Severe
3,1,3,0,2,2,1,2,1,3,3,1,3,1,1,3,3,3,2,2,3,40,16,30,Extremely Severe,Severe,Severe
3,1,3,3,3,3,3,1,3,3,3,2,3,3,3,3,3,3,1,0,3,42,28,36,Extremely Severe,Extremely Severe,Extremely Severe
0,0,1,1,1,0,1,0,1,0,0,0,2,2,1,0,1,1,0,0,2,14,8,6,Moderate,Mild,Normal
2,1,2,0,2,2,0,1,2,1,1,2,1,1,1,2,1,2,3,1,1,20,16,22,Moderate,Severe,Moderate
3,1,3,1,3,2,0,1,3,3,3,2,3,3,1,3,3,3,0,3,2,40,18,34,Extremely Severe,Severe,Extremely Severe
0,0,1,0,2,0,0,1,0,2,0,0,0,0,0,2,0,0,0,1,0,14,2,2,Moderate,Normal,Normal
1,2,0,0,0,1,0,0,0,1,1,1,1,0,0,2,3,0,2,0,1,16,8,8,Moderate,Mild,Normal
1,2,0,1,0,1,2,0,0,0,1,1,0,0,0,0,0,1,1,0,0,0,12,10,Normal,Moderate,Normal
1,0,0,2,0,1,2,3,1,0,1,1,1,1,0,0,1,1,0,1,0,4,12,18,Normal,Moderate,Mild
3,3,3,3,3,1,1,1,3,3,3,3,3,0,0,3,3,1,0,3,3,42,26,24,Extremely Severe,Extremely Severe,Moderate
0,1,1,0,0,1,0,1,1,0,2,0,1,2,0,1,1,1,0,0,0,8,4,14,Normal,Normal,Normal
0,1,0,1,0,0,0,0,0,0,1,0,0,0,0,0,0,0,1,0,0,0,6,2,Normal,Normal,Normal
0,0,0,0,0,1,0,0,0,0,1,0,0,0,0,0,0,0,0,0,0,0,0,4,Normal,Normal,Normal
3,1,1,0,1,1,0,1,1,1,3,0,3,1,0,1,3,3,1,1,0,20,8,24,Moderate,Mild,Moderate
2,1,1,0,1,0,1,2,2,0,0,2,3,1,1,2,2,1,0,2,3,24,14,16,Severe,Moderate,Mild
3,2,2,2,3,2,1,3,3,2,3,2,3,1,2,3,3,3,2,1,2,36,26,34,Extremely Severe,Extremely Severe,Extremely Severe
1,0,2,3,1,1,3,1,3,3,3,1,3,1,1,2,3,0,0,0,2,32,20,16,Extremely Severe,Extremely Severe,Mild
1,0,0,1,3,0,1,1,1,3,1,1,2,0,0,1,1,1,1,1,0,20,10,10,Moderate,Moderate,Normal
3,3,3,2,3,3,2,3,3,2,3,1,3,3,1,3,3,2,0,2,3,40,26,36,Extremely Severe,Extremely Severe,Extremely Severe
2,2,1,0,3,1,0,2,2,3,2,2,2,0,0,3,2,1,0,2,2,32,12,20,Extremely Severe,Moderate,Moderate
3,1,1,1,1,1,1,1,1,0,2,1,3,1,0,1,1,1,1,1,2,18,12,20,Moderate,Moderate,Moderate
2,1,1,0,1,2,2,1,2,1,1,1,2,1,0,0,1,1,1,2,1,14,16,18,Moderate,Severe,Mild
3,1,3,1,3,3,1,3,3,3,3,1,3,3,3,3,3,3,1,3,3,42,26,38,Extremely Severe,Extremely Severe,Extremely Severe
2,0,1,0,2,2,0,1,0,2,2,0,2,2,0,2,3,2,0,0,2,28,0,22,Extremely Severe,Normal,Moderate
0,0,0,0,1,2,0,3,2,0,1,2,2,2,2,1,1,1,0,0,2,14,8,22,Moderate,Mild,Moderate
3,2,3,3,3,3,3,3,3,3,3,3,3,3,3,3,3,3,3,3,3,42,40,42,Extremely Severe,Extremely Severe,Extremely Severe
2,3,2,3,2,2,2,2,3,2,3,2,3,3,2,2,3,2,3,2,3,34,36,32,Extremely Severe,Extremely Severe,Severe
2,0,1,1,1,3,3,1,2,2,3,0,2,3,2,1,2,1,0,1,2,22,18,26,Severe,Severe,Severe
3,2,3,2,2,3,1,2,3,2,2,2,3,1,3,2,3,3,3,2,2,34,32,32,Extremely Severe,Extremely Severe,Severe
3,1,1,1,3,3,1,2,2,2,2,1,1,2,1,3,1,0,0,2,1,24,16,26,Severe,Severe,Severe
0,0,1,0,1,1,0,2,1,1,2,1,2,1,1,1,1,0,1,1,0,14,8,14,Moderate,Mild,Normal
1,2,0,0,0,1,0,0,1,0,1,0,1,0,1,0,1,0,0,1,0,4,10,6,Normal,Moderate,Normal
2,3,0,1,1,2,2,0,1,0,2,1,0,1,1,0,1,2,2,0,0,4,20,20,Normal,Extremely Severe,Moderate
2,1,1,0,1,2,1,2,2,1,3,1,1,1,0,1,3,2,0,2,1,18,12,26,Moderate,Moderate,Severe
3,2,3,3,3,3,1,3,3,3,3,3,3,2,3,3,3,3,3,3,3,42,36,40,Extremely Severe,Extremely Severe,Extremely Severe
2,0,0,2,1,0,0,0,0,1,0,0,1,0,0,0,0,0,0,0,0,6,4,4,Normal,Normal,Normal
1,0,1,0,3,1,0,0,1,3,1,0,2,0,0,2,3,2,0,3,1,30,8,10,Extremely Severe,Mild,Normal
0,1,2,2,3,1,0,1,1,2,3,3,3,2,1,3,2,2,1,3,3,36,18,24,Extremely Severe,Severe,Moderate
3,3,3,2,3,3,3,3,3,1,3,3,3,3,3,3,1,3,3,3,1,30,40,42,Extremely Severe,Extremely Severe,Extremely Severe
3,3,1,3,2,2,1,1,1,3,3,2,3,3,2,3,1,3,0,1,1,28,22,34,Extremely Severe,Extremely Severe,Extremely Severe
3,1,3,0,3,3,0,2,3,3,3,1,3,3,1,3,3,3,2,0,3,42,14,36,Extremely Severe,Moderate,Extremely Severe
1,0,1,0,3,3,3,1,3,3,1,3,3,1,1,1,3,1,3,3,3,34,26,22,Extremely Severe,Extremely Severe,Moderate
3,3,3,1,1,1,1,3,3,1,3,1,3,3,1,3,1,3,1,3,3,30,26,34,Extremely Severe,Extremely Severe,Extremely Severe
3,1,2,1,3,2,1,3,3,3,3,2,3,2,2,3,3,2,3,3,3,40,28,34,Extremely Severe,Extremely Severe,Extremely Severe
1,2,0,1,2,1,1,1,1,1,1,1,1,1,2,0,1,1,1,0,0,10,16,14,Mild,Severe,Normal
1,1,1,1,1,2,0,1,1,0,1,1,2,0,0,0,0,1,1,0,0,8,8,14,Normal,Mild,Normal
1,1,0,0,0,1,1,1,1,0,1,1,1,1,1,1,0,0,0,1,0,4,10,12,Normal,Moderate,Normal
1,2,2,0,1,1,0,2,2,2,2,1,1,1,1,1,2,2,0,0,0,18,10,20,Moderate,Moderate,Moderate
3,1,2,2,2,1,0,3,2,2,2,3,2,2,1,2,3,1,1,1,2,30,16,30,Extremely Severe,Severe,Severe
1,0,0,0,0,0,0,0,0,0,0,0,1,1,1,1,2,1,0,0,0,8,2,6,Normal,Normal,Normal
0,0,1,0,2,1,0,1,1,1,0,0,1,1,0,1,2,0,0,0,1,18,2,6,Moderate,Normal,Normal
1,1,1,2,1,1,3,2,2,1,3,2,3,0,3,3,1,3,2,1,1,22,28,24,Severe,Extremely Severe,Moderate
3,2,1,3,3,3,2,3,3,3,3,3,3,3,1,3,1,3,1,3,3,34,30,42,Extremely Severe,Extremely Severe,Extremely Severe
3,1,2,0,2,1,1,2,2,2,3,1,2,2,0,2,2,3,0,3,3,30,14,30,Extremely Severe,Moderate,Severe
3,3,3,1,3,2,1,3,1,3,1,3,3,1,1,3,3,2,0,2,3,42,18,30,Extremely Severe,Severe,Severe
1,0,2,0,2,2,3,2,3,1,1,2,2,1,0,2,3,2,0,2,2,28,16,22,Extremely Severe,Severe,Moderate
3,1,1,0,2,1,3,1,1,3,3,0,2,1,1,1,2,1,3,2,1,24,22,20,Severe,Extremely Severe,Moderate
3,2,3,2,3,3,1,2,2,3,3,2,3,2,2,3,3,2,0,2,3,42,22,34,Extremely Severe,Extremely Severe,Extremely Severe
1,1,0,0,0,1,0,0,2,0,0,1,0,0,0,0,0,2,3,1,1,2,14,10,Normal,Moderate,Normal
2,1,0,2,1,1,1,2,2,1,1,1,1,2,1,2,2,2,1,2,1,16,20,22,Moderate,Extremely Severe,Moderate
0,1,0,0,1,1,0,0,0,0,1,0,0,0,0,0,0,1,0,0,0,2,2,6,Normal,Normal,Normal
3,0,2,0,2,3,0,1,1,2,3,0,2,0,0,3,2,1,0,0,1,28,2,22,Extremely Severe,Normal,Moderate
3,0,1,2,3,3,0,3,3,3,3,3,3,3,3,2,3,3,3,3,1,32,28,42,Extremely Severe,Extremely Severe,Extremely Severe
3,0,2,2,2,3,1,2,2,1,3,1,3,2,1,2,2,3,0,1,2,28,14,34,Extremely Severe,Moderate,Extremely Severe
1,1,1,1,1,1,1,1,1,0,0,1,1,1,2,0,1,1,1,1,0,8,16,12,Normal,Severe,Normal
0,2,1,3,3,1,2,1,2,2,1,2,0,0,0,3,1,0,1,0,1,22,20,10,Severe,Extremely Severe,Normal
1,1,2,1,3,1,1,3,3,3,2,2,3,1,0,3,2,1,0,2,1,34,16,22,Extremely Severe,Severe,Moderate
2,3,3,2,3,3,2,2,3,3,2,3,1,3,2,3,2,1,2,3,3,36,34,32,Extremely Severe,Extremely Severe,Severe
3,1,3,0,2,3,0,2,2,3,3,1,3,1,0,3,3,2,0,2,3,40,10,30,Extremely Severe,Moderate,Severe
0,1,0,1,2,0,1,1,2,0,0,1,1,2,0,0,1,1,2,0,0,8,14,10,Normal,Moderate,Normal
1,0,1,0,2,2,1,1,0,1,1,1,2,1,0,2,1,0,0,2,1,20,6,14,Moderate,Normal,Normal
2,0,0,0,0,2,0,2,2,3,2,1,1,3,0,0,0,1,3,2,0,8,14,26,Normal,Moderate,Severe
2,1,0,1,1,2,0,1,1,0,2,2,1,1,1,1,1,2,2,1,1,10,14,24,Mild,Moderate,Moderate
3,1,0,0,0,0,0,0,1,1,2,1,2,1,1,1,0,2,3,2,0,8,16,18,Normal,Severe,Mild
1,0,1,0,1,1,0,3,1,1,1,1,2,1,0,1,2,0,1,2,2,20,8,16,Moderate,Mild,Mild
2,0,0,2,2,1,2,1,0,0,3,1,2,2,2,0,1,2,0,1,1,12,14,24,Mild,Moderate,Moderate
2,1,2,1,1,2,3,3,3,1,1,3,2,2,1,2,3,3,2,3,1,24,28,32,Severe,Extremely Severe,Severe
0,2,1,1,0,0,1,1,1,0,1,0,1,0,1,0,0,0,0,0,0,4,12,4,Normal,Moderate,Normal
3,1,2,0,1,3,0,2,3,1,3,2,2,3,1,0,1,3,0,1,1,16,12,38,Moderate,Moderate,Extremely Severe
0,2,0,0,0,0,0,2,2,0,0,2,0,1,0,0,0,0,1,0,0,0,10,10,Normal,Moderate,Normal
2,0,3,0,2,3,0,3,2,2,1,0,3,1,0,3,1,1,2,0,2,32,8,22,Extremely Severe,Mild,Moderate
2,2,3,2,3,1,0,3,0,3,2,2,1,3,3,3,3,2,3,2,1,34,24,30,Extremely Severe,Extremely Severe,Severe
0,1,3,0,2,3,1,0,2,3,0,1,2,0,0,2,2,0,1,2,2,32,14,8,Extremely Severe,Moderate,Normal
2,1,2,1,2,2,1,2,1,2,2,1,3,2,0,2,3,2,0,1,3,34,10,26,Extremely Severe,Moderate,Severe
2,1,1,1,3,1,3,3,2,0,2,3,2,3,1,3,1,1,3,2,2,24,26,30,Severe,Extremely Severe,Severe
1,0,0,0,0,1,0,0,2,1,2,2,2,1,0,2,1,0,2,3,3,18,14,14,Moderate,Moderate,Normal
1,0,1,0,1,1,1,0,0,0,1,0,1,1,0,1,2,2,0,1,0,12,4,12,Mild,Normal,Normal
2,3,3,3,3,2,3,2,3,3,2,3,3,3,3,2,3,3,3,3,3,40,42,34,Extremely Severe,Extremely Severe,Extremely Severe
0,1,1,0,1,1,0,1,1,0,1,0,1,0,0,0,0,0,0,0,0,6,4,6,Normal,Normal,Normal
3,3,3,1,3,3,1,3,3,3,3,1,3,3,1,3,3,3,1,3,3,42,26,38,Extremely Severe,Extremely Severe,Extremely Severe
0,0,0,0,0,1,0,0,0,1,1,1,0,1,0,0,1,0,0,0,0,4,0,8,Normal,Normal,Normal
1,0,3,3,3,2,3,3,2,3,3,2,3,2,3,3,3,2,1,2,2,40,28,30,Extremely Severe,Extremely Severe,Severe
3,3,3,0,0,3,0,1,3,3,3,1,3,3,0,2,3,3,2,2,2,32,20,34,Extremely Severe,Extremely Severe,Extremely Severe
2,0,1,0,1,1,3,1,1,1,2,0,1,2,0,1,2,2,3,1,1,16,16,20,Moderate,Severe,Moderate
0,1,0,0,0,0,0,0,1,0,0,0,0,0,0,0,0,0,1,0,0,0,6,0,Normal,Normal,Normal
2,1,0,0,0,1,0,1,2,1,2,1,2,1,0,1,1,2,0,1,1,12,8,20,Mild,Mild,Moderate
1,3,3,3,0,1,2,0,2,0,1,3,1,3,0,0,0,0,3,1,0,8,28,18,Normal,Extremely Severe,Mild
2,0,1,1,1,1,1,1,2,0,2,2,1,2,1,0,1,2,2,2,1,10,18,24,Mild,Severe,Moderate
1,1,1,0,0,1,0,1,0,0,1,2,2,1,0,0,0,1,1,1,0,6,6,16,Normal,Normal,Mild
3,2,1,3,2,3,3,2,3,1,2,2,3,2,2,1,1,3,3,3,1,20,38,34,Moderate,Extremely Severe,Extremely Severe
3,3,3,2,3,1,3,3,2,3,2,1,3,3,1,3,3,3,3,3,3,42,34,32,Extremely Severe,Extremely Severe,Severe
1,0,1,0,0,1,1,1,1,2,1,1,1,1,0,1,1,1,0,1,1,14,6,14,Moderate,Normal,Normal
0,1,0,1,1,1,1,1,1,1,0,1,1,1,1,0,1,2,0,1,0,8,12,12,Normal,Moderate,Normal
0,2,0,0,0,0,0,0,0,0,0,0,0,1,0,0,0,1,0,0,0,0,4,4,Normal,Normal,Normal
3,3,3,3,3,1,1,3,3,3,1,3,3,3,2,3,3,3,3,3,3,42,36,34,Extremely Severe,Extremely Severe,Extremely Severe
1,0,0,0,0,1,0,0,1,0,2,0,0,2,0,0,0,2,0,1,0,0,4,16,Normal,Normal,Mild
3,1,1,0,2,3,3,3,3,1,3,3,1,3,0,1,1,2,3,3,2,18,26,40,Moderate,Extremely Severe,Extremely Severe
0,1,1,0,1,0,0,0,1,2,0,2,1,0,2,2,0,0,1,1,1,16,12,4,Moderate,Moderate,Normal
0,0,0,0,0,0,1,0,0,0,1,0,0,1,0,0,0,1,0,0,0,0,2,6,Normal,Normal,Normal
2,0,3,1,3,1,2,2,2,0,2,1,3,3,2,3,3,2,1,0,1,32,16,26,Extremely Severe,Severe,Severe
3,1,1,2,3,1,0,0,3,2,2,0,2,1,0,1,1,2,3,1,3,26,20,18,Severe,Extremely Severe,Mild
0,0,0,0,0,0,0,0,0,1,0,0,1,0,0,0,1,0,0,0,0,6,0,0,Normal,Normal,Normal
2,0,0,0,0,0,0,0,1,0,1,1,0,1,0,1,0,2,0,2,0,2,6,14,Normal,Normal,Normal
3,0,0,0,2,1,0,1,1,1,3,3,2,1,0,0,2,0,0,0,0,14,2,24,Moderate,Normal,Moderate
2,0,1,1,2,2,2,3,3,1,2,3,1,1,1,2,2,2,0,3,0,18,20,30,Moderate,Extremely Severe,Severe
1,1,0,0,3,1,2,2,1,1,2,1,1,3,1,1,1,1,2,2,1,16,18,22,Moderate,Severe,Moderate
3,3,1,1,1,3,2,2,2,2,3,2,1,1,1,1,2,3,2,1,2,20,24,34,Moderate,Extremely Severe,Extremely Severe
2,0,1,0,2,1,1,2,3,1,3,1,3,0,0,1,2,0,2,2,0,20,16,18,Moderate,Severe,Mild
1,3,0,0,0,2,1,1,3,0,1,0,1,1,0,0,1,1,1,0,0,4,16,14,Normal,Severe,Normal
1,0,2,1,1,0,2,2,2,0,1,1,3,1,0,1,1,1,2,1,0,16,16,14,Moderate,Severe,Normal
1,0,0,0,0,1,0,0,0,0,0,1,0,0,0,0,0,1,0,0,0,0,0,8,Normal,Normal,Normal
0,3,0,0,0,2,0,1,1,0,0,1,0,0,0,0,1,0,0,0,0,2,8,8,Normal,Mild,Normal
1,1,1,1,2,2,0,0,1,1,2,0,1,0,0,1,2,0,0,1,1,18,8,10,Moderate,Mild,Normal
2,0,0,0,1,0,3,1,1,3,0,3,1,1,0,1,1,3,0,3,0,14,14,20,Moderate,Moderate,Moderate
2,0,1,2,3,0,0,3,3,1,3,2,2,3,0,1,1,0,1,3,1,20,18,26,Moderate,Severe,Severe
1,2,2,0,2,1,1,2,3,3,2,1,2,3,0,2,3,1,1,1,2,32,16,22,Extremely Severe,Severe,Moderate
2,2,1,2,1,3,0,2,1,1,2,2,2,2,1,3,2,3,2,2,2,24,20,32,Severe,Extremely Severe,Severe
0,0,1,0,0,0,1,0,0,1,0,1,0,0,0,0,0,0,0,0,1,6,2,2,Normal,Normal,Normal
0,0,0,0,1,1,0,0,0,2,2,1,1,2,0,0,2,1,0,0,2,16,0,14,Moderate,Normal,Normal
3,0,2,1,3,3,0,3,2,1,3,3,1,3,3,1,0,3,0,2,0,16,16,42,Moderate,Severe,Extremely Severe
0,0,0,0,1,1,1,0,1,0,1,0,1,1,0,0,0,1,0,2,0,4,8,8,Normal,Mild,Normal
1,1,0,0,1,2,0,1,2,0,2,1,1,0,0,1,1,2,2,2,1,10,14,18,Mild,Moderate,Mild
3,0,3,1,3,3,0,2,3,3,3,3,1,1,0,1,2,1,3,1,0,26,16,32,Severe,Severe,Severe
0,0,1,1,1,1,0,1,0,1,0,0,2,0,1,2,1,0,0,2,1,18,8,4,Moderate,Mild,Normal
2,1,3,3,2,3,3,2,3,3,3,3,3,3,1,3,3,1,3,3,3,40,34,34,Extremely Severe,Extremely Severe,Extremely Severe
1,0,0,0,0,0,0,0,1,1,0,0,0,0,0,1,1,0,0,1,0,6,4,2,Normal,Normal,Normal
2,1,1,1,2,1,1,1,3,1,3,2,2,3,0,1,3,1,0,0,2,24,12,26,Severe,Moderate,Severe
1,0,0,0,0,0,1,1,0,0,0,0,0,1,1,0,1,0,0,0,0,2,4,6,Normal,Normal,Normal
3,0,2,0,2,2,0,1,1,3,1,2,3,2,1,2,3,3,0,0,2,34,4,28,Extremely Severe,Normal,Severe
1,1,1,0,1,1,1,2,3,0,1,3,1,1,0,0,1,3,0,2,0,8,14,24,Normal,Moderate,Moderate
0,1,1,3,1,0,0,2,2,1,1,1,3,2,0,0,1,1,0,1,3,20,14,14,Moderate,Moderate,Normal
0,0,2,0,1,2,0,2,3,3,1,0,2,3,0,3,0,2,0,2,0,22,10,20,Severe,Moderate,Moderate
3,1,1,0,0,3,0,3,3,1,3,3,3,3,0,1,3,2,1,1,1,20,12,40,Moderate,Moderate,Extremely Severe
1,3,0,0,2,1,2,0,2,1,0,2,2,0,1,2,0,0,1,2,1,16,22,8,Moderate,Extremely Severe,Normal
0,0,0,0,1,0,0,1,2,0,0,2,1,2,1,0,0,0,1,0,1,6,8,10,Normal,Mild,Normal
1,1,1,0,3,1,1,3,1,1,1,1,3,2,1,2,1,1,1,2,1,24,14,20,Severe,Moderate,Moderate
0,0,3,2,2,0,0,0,0,2,0,0,0,2,3,2,3,0,0,0,2,28,10,4,Extremely Severe,Moderate,Normal
3,3,3,0,3,3,0,3,0,3,3,0,3,3,3,3,3,0,3,0,3,42,18,30,Extremely Severe,Severe,Severe
1,0,0,0,1,1,0,1,1,0,1,1,1,1,0,1,0,1,0,0,0,6,2,14,Normal,Normal,Normal
2,3,2,3,3,3,3,3,3,3,3,3,3,3,3,3,3,3,3,3,3,40,42,40,Extremely Severe,Extremely Severe,Extremely Severe
0,0,0,0,0,1,0,0,1,1,1,1,1,1,1,0,0,1,0,0,0,4,4,10,Normal,Normal,Normal
2,3,2,1,3,2,1,1,2,2,2,1,2,2,1,3,3,3,1,3,2,34,24,26,Extremely Severe,Extremely Severe,Severe
1,0,2,0,2,3,0,1,2,2,3,3,2,1,0,2,3,1,0,0,3,32,4,26,Extremely Severe,Normal,Severe
3,1,1,1,2,3,0,3,2,3,3,3,3,2,2,3,3,0,1,2,1,32,18,34,Extremely Severe,Severe,Extremely Severe
2,1,1,0,1,2,2,1,1,2,2,1,2,3,0,2,3,3,0,2,2,26,12,28,Severe,Moderate,Severe
1,3,1,0,3,2,0,1,0,2,3,0,2,2,0,1,3,2,0,0,2,28,6,22,Extremely Severe,Normal,Moderate
1,0,1,1,1,0,0,2,3,1,2,1,1,1,0,1,2,1,1,2,2,18,14,16,Moderate,Moderate,Mild
1,2,1,2,2,1,2,2,2,1,1,2,2,2,1,1,3,2,3,1,2,24,26,22,Severe,Extremely Severe,Moderate
1,0,0,1,0,1,2,0,1,2,0,1,1,1,0,0,0,2,0,2,0,6,12,12,Normal,Moderate,Normal
3,0,3,3,2,3,2,3,3,2,3,3,3,3,2,3,3,1,1,2,3,38,26,38,Extremely Severe,Extremely Severe,Extremely Severe
2,3,2,1,2,2,2,2,2,1,3,2,3,1,2,2,2,0,3,1,2,28,28,24,Extremely Severe,Extremely Severe,Moderate
1,2,2,1,1,1,0,1,1,2,3,1,2,2,2,3,2,1,2,1,2,28,18,20,Extremely Severe,Severe,Moderate
1,3,2,2,0,1,2,3,2,3,2,2,3,2,1,3,2,2,2,3,2,30,30,26,Extremely Severe,Extremely Severe,Severe
2,1,0,0,0,1,0,0,1,1,0,0,0,1,0,0,0,1,0,0,0,2,4,10,Normal,Normal,Normal
3,1,1,0,1,3,0,1,1,0,3,1,2,1,0,0,0,2,0,1,0,8,6,28,Normal,Normal,Severe
2,1,1,1,1,1,1,2,1,1,3,2,1,2,0,2,3,2,1,1,1,20,12,28,Moderate,Moderate,Severe
3,0,1,0,0,3,1,3,3,0,3,3,3,3,0,0,0,3,1,3,0,8,16,42,Normal,Severe,Extremely Severe
1,1,1,1,3,3,0,3,1,1,2,1,3,3,1,2,1,1,1,1,2,26,12,28,Severe,Moderate,Severe
1,0,1,0,1,0,0,0,2,1,1,1,1,0,0,1,1,2,2,1,0,12,10,10,Mild,Moderate,Normal
3,2,3,0,3,3,3,3,3,3,3,2,3,3,0,3,3,3,3,3,3,42,28,40,Extremely Severe,Extremely Severe,Extremely Severe
1,1,0,0,0,0,0,0,0,0,1,0,0,1,0,0,0,0,0,0,0,0,2,6,Normal,Normal,Normal
0,0,1,0,1,0,0,0,0,0,0,1,0,1,0,0,0,0,1,1,0,4,4,4,Normal,Normal,Normal
1,2,1,1,2,3,1,2,3,2,2,2,2,3,1,2,2,3,3,2,2,26,26,32,Severe,Extremely Severe,Severe
2,2,1,0,1,1,0,1,0,0,1,2,1,2,0,0,1,1,0,1,1,10,6,20,Mild,Normal,Moderate
1,0,1,0,1,1,1,2,1,1,2,3,1,3,0,1,1,0,0,2,1,14,8,24,Moderate,Mild,Moderate
1,0,3,0,3,3,1,2,3,2,3,2,2,2,0,0,3,3,1,2,1,28,14,32,Extremely Severe,Moderate,Severe
2,0,3,0,3,1,0,3,1,3,0,3,1,3,0,3,1,1,0,0,0,28,2,26,Extremely Severe,Normal,Severe
2,0,3,0,3,2,1,3,1,3,3,1,3,1,0,3,3,1,2,3,3,42,14,26,Extremely Severe,Moderate,Severe
1,1,0,2,0,1,0,1,1,0,1,0,0,1,0,0,0,0,0,2,0,0,12,10,Normal,Moderate,Normal
1,0,3,1,3,0,1,1,1,3,2,1,3,3,1,3,3,0,0,1,2,40,10,16,Extremely Severe,Moderate,Mild
3,0,2,3,3,3,3,3,3,3,3,3,3,3,3,3,3,3,1,2,3,40,30,42,Extremely Severe,Extremely Severe,Extremely Severe
1,0,0,0,0,2,0,0,1,0,1,0,1,1,0,1,0,2,0,1,2,8,4,14,Normal,Normal,Normal
1,1,1,0,1,1,0,1,1,1,1,1,1,1,0,1,1,1,1,1,1,14,8,14,Moderate,Mild,Normal
3,3,2,3,3,0,2,2,3,3,3,3,2,1,3,3,2,2,2,3,3,36,38,28,Extremely Severe,Extremely Severe,Severe
1,0,1,1,2,1,0,2,1,2,1,2,2,1,1,0,1,2,0,0,1,18,6,20,Moderate,Normal,Moderate
3,0,1,1,1,2,0,1,1,3,1,1,3,1,0,2,3,2,1,2,2,30,10,22,Extremely Severe,Moderate,Moderate
2,2,1,0,1,3,0,1,2,1,3,1,2,1,1,1,1,2,1,1,1,16,14,26,Moderate,Moderate,Severe
0,1,0,1,3,0,1,1,0,1,1,1,1,0,0,1,1,1,2,0,1,16,10,8,Moderate,Moderate,Normal
1,1,1,1,1,1,2,1,3,3,1,2,2,1,1,3,3,0,2,1,0,26,22,14,Severe,Extremely Severe,Normal
3,0,2,0,3,2,1,1,0,3,3,0,1,3,0,0,0,0,0,2,1,20,6,24,Moderate,Normal,Moderate
0,1,0,1,0,0,0,0,0,0,1,0,0,0,0,0,0,1,0,0,0,0,4,4,Normal,Normal,Normal
1,3,1,1,1,1,0,1,1,1,2,1,2,2,0,1,1,1,1,1,1,16,14,18,Moderate,Moderate,Mild
3,1,3,1,3,3,3,3,3,3,3,3,3,3,1,3,3,3,2,3,3,42,28,42,Extremely Severe,Extremely Severe,Extremely Severe
2,2,2,0,1,0,0,1,2,2,2,1,2,1,0,3,2,2,0,0,1,26,8,18,Severe,Mild,Mild
0,0,1,1,0,0,1,1,1,0,2,2,2,1,1,2,0,1,0,2,0,10,12,14,Mild,Moderate,Normal
2,1,0,2,3,3,1,2,3,0,2,1,1,1,1,1,1,1,1,2,0,12,22,24,Mild,Extremely Severe,Moderate
2,2,0,1,0,1,0,1,1,2,2,0,1,3,0,2,2,2,2,0,0,14,12,22,Moderate,Moderate,Moderate
1,1,1,0,2,1,0,1,2,1,3,3,1,0,1,0,2,1,1,1,1,16,12,20,Moderate,Moderate,Moderate
1,0,1,2,0,0,1,1,1,0,0,1,1,2,0,0,1,3,0,0,1,8,8,16,Normal,Mild,Mild
3,3,1,1,1,3,1,2,3,1,3,1,1,3,1,1,2,3,0,0,2,18,18,36,Moderate,Severe,Extremely Severe
2,0,3,0,3,1,0,2,1,3,3,0,3,1,0,2,3,2,0,0,2,38,2,22,Extremely Severe,Normal,Moderate
2,1,1,0,1,3,0,1,1,1,1,0,1,0,0,1,1,1,0,0,1,14,4,16,Moderate,Normal,Mild
3,2,2,3,2,3,3,3,2,3,3,2,3,2,3,2,3,2,2,2,3,36,34,36,Extremely Severe,Extremely Severe,Extremely Severe
2,0,1,3,3,3,2,2,3,1,3,2,2,3,0,3,2,3,2,2,2,28,24,36,Extremely Severe,Extremely Severe,Extremely Severe
3,0,2,0,3,3,0,3,3,3,3,3,3,3,2,3,3,3,1,2,3,40,16,42,Extremely Severe,Severe,Extremely Severe
1,1,1,1,1,1,3,1,3,1,3,3,3,3,3,3,3,0,3,1,3,30,30,24,Extremely Severe,Extremely Severe,Moderate
2,1,1,1,0,1,0,2,3,1,2,1,1,2,0,2,3,2,2,1,3,22,16,24,Severe,Severe,Moderate
2,1,1,0,1,1,0,3,1,2,1,2,1,0,0,1,1,1,0,0,1,16,4,20,Moderate,Normal,Moderate
1,1,1,1,1,1,1,2,2,2,1,1,1,1,0,1,2,2,1,1,1,18,14,18,Moderate,Moderate,Mild
3,3,2,0,2,3,1,3,3,3,3,0,3,1,0,3,3,3,0,3,1,34,20,32,Extremely Severe,Extremely Severe,Severe
0,1,0,0,0,0,0,0,1,0,0,0,0,1,0,0,0,0,3,0,0,0,10,2,Normal,Moderate,Normal
3,1,3,1,2,3,1,3,3,3,3,2,3,3,1,3,3,2,2,2,3,40,22,38,Extremely Severe,Extremely Severe,Extremely Severe
1,0,0,1,0,1,0,1,1,0,0,1,0,1,1,0,0,1,0,0,0,0,6,12,Normal,Normal,Normal
0,0,2,3,3,1,3,0,3,3,2,1,3,3,3,3,3,1,3,1,3,40,32,16,Extremely Severe,Extremely Severe,Mild
3,1,2,2,3,2,0,2,2,3,2,0,3,3,3,3,3,1,2,0,3,40,20,26,Extremely Severe,Extremely Severe,Severe
3,3,3,0,3,3,0,3,1,3,3,1,3,0,1,3,1,3,0,0,2,36,10,32,Extremely Severe,Moderate,Severe
1,2,1,0,2,1,0,0,3,2,0,0,3,0,0,2,2,1,1,0,3,30,12,6,Extremely Severe,Moderate,Normal
3,3,3,1,3,3,3,1,2,3,3,3,3,3,0,3,3,1,1,0,3,42,20,34,Extremely Severe,Extremely Severe,Extremely Severe
0,0,0,0,1,0,0,0,0,0,0,0,0,1,0,0,0,0,0,1,0,2,2,2,Normal,Normal,Normal
1,2,0,0,1,1,0,2,2,0,1,1,0,2,0,1,0,0,1,1,0,4,12,16,Normal,Moderate,Mild
3,1,3,0,3,0,2,3,2,3,0,2,3,3,1,3,3,3,0,0,3,42,12,28,Extremely Severe,Moderate,Severe
1,0,2,1,3,0,0,1,0,0,1,0,1,0,1,3,0,0,0,0,0,18,4,6,Moderate,Normal,Normal
1,0,3,3,2,3,0,3,3,1,3,2,1,0,0,1,3,1,0,0,2,26,12,26,Severe,Moderate,Severe
2,2,0,1,1,2,1,1,2,0,2,1,1,1,0,1,0,2,0,1,0,6,14,22,Normal,Moderate,Moderate
2,0,1,0,2,1,0,3,1,0,2,2,1,3,1,2,0,0,0,0,0,12,4,26,Mild,Normal,Severe
3,0,1,1,2,3,2,3,2,2,2,2,2,1,1,1,2,2,1,2,2,24,18,32,Severe,Severe,Severe
3,0,0,2,0,3,2,1,2,0,3,2,2,1,1,1,2,0,2,1,2,14,20,26,Moderate,Extremely Severe,Severe
1,3,0,1,3,1,2,3,3,3,1,2,1,1,0,0,3,1,1,2,1,22,24,20,Severe,Extremely Severe,Moderate
3,0,3,0,3,3,1,3,3,3,3,3,3,0,1,3,3,2,3,1,3,42,18,34,Extremely Severe,Severe,Extremely Severe
1,3,3,1,2,1,2,2,1,1,2,2,1,2,1,1,0,2,0,1,0,16,18,24,Moderate,Severe,Moderate
1,0,1,0,0,1,0,0,1,1,1,1,1,1,0,0,1,0,0,0,1,10,2,10,Mild,Normal,Normal
1,0,2,3,3,2,3,2,3,3,2,1,3,0,2,3,3,0,3,2,3,40,32,16,Extremely Severe,Extremely Severe,Mild
1,1,0,1,0,1,0,0,1,0,1,0,0,0,0,0,0,1,1,0,0,0,8,8,Normal,Mild,Normal
0,0,0,0,1,0,0,0,0,1,0,0,1,0,0,0,2,0,0,0,3,16,0,0,Moderate,Normal,Normal
1,0,0,0,0,2,3,3,3,1,1,3,1,1,3,0,3,0,3,1,0,10,26,22,Mild,Extremely Severe,Moderate
1,0,0,0,1,2,1,1,0,0,1,0,1,1,0,0,0,1,0,1,0,4,4,14,Normal,Normal,Normal
2,0,2,0,1,1,0,2,3,0,1,1,3,1,2,3,1,1,0,3,3,26,16,18,Severe,Severe,Mild
1,2,1,0,2,1,0,1,0,1,1,0,2,1,0,2,0,1,0,0,1,18,4,12,Moderate,Normal,Normal
3,3,2,1,3,2,2,2,2,3,3,2,1,3,0,3,3,1,3,2,3,36,26,32,Extremely Severe,Extremely Severe,Severe
3,2,3,1,3,2,2,3,3,2,2,3,3,3,1,2,2,2,2,3,2,34,28,36,Extremely Severe,Extremely Severe,Extremely Severe
3,3,2,3,2,2,1,3,1,3,2,2,3,3,3,3,3,3,1,3,3,38,30,36,Extremely Severe,Extremely Severe,Extremely Severe
0,1,0,0,1,0,1,1,1,1,0,1,1,0,0,1,0,0,0,0,0,8,6,4,Normal,Normal,Normal
1,1,1,0,1,0,1,1,1,1,1,0,1,1,0,1,0,0,0,0,1,12,6,8,Mild,Normal,Normal
3,3,2,2,3,2,1,2,2,3,3,1,3,2,1,3,3,2,2,1,1,36,24,30,Extremely Severe,Extremely Severe,Severe
0,0,1,0,0,0,0,1,0,1,1,1,1,1,0,0,0,0,0,0,1,8,0,8,Normal,Normal,Normal
1,0,3,2,2,0,0,3,0,3,0,3,3,1,2,3,1,2,0,3,1,32,14,20,Extremely Severe,Moderate,Moderate
1,0,0,3,2,3,1,2,3,0,1,3,1,1,0,0,1,2,3,2,0,8,24,26,Normal,Extremely Severe,Severe
3,3,3,2,3,2,2,2,2,3,3,3,3,1,1,2,3,3,1,3,2,38,28,34,Extremely Severe,Extremely Severe,Extremely Severe
1,1,1,0,0,1,2,2,3,0,2,1,2,3,0,0,0,2,1,1,2,10,16,24,Mild,Severe,Moderate
3,3,1,2,3,2,2,2,3,1,3,2,3,3,1,2,3,3,3,3,1,28,34,36,Extremely Severe,Extremely Severe,Extremely Severe
1,1,0,0,0,0,0,0,0,0,0,0,0,0,0,0,0,0,0,0,0,0,2,2,Normal,Normal,Normal
3,0,0,2,1,0,0,1,1,1,3,0,2,1,0,1,2,0,0,1,0,14,8,16,Moderate,Mild,Mild
1,3,3,3,3,1,3,3,3,3,3,3,3,1,1,3,3,2,3,3,3,42,38,28,Extremely Severe,Extremely Severe,Severe
3,1,1,0,3,2,1,3,3,1,3,3,3,3,1,2,3,1,0,0,3,32,12,36,Extremely Severe,Moderate,Extremely Severe
1,1,0,0,0,0,0,0,1,0,0,1,1,2,0,0,1,0,0,0,0,4,4,8,Normal,Normal,Normal
0,0,2,1,1,1,1,1,0,3,2,0,2,1,1,3,3,2,1,0,3,34,8,14,Extremely Severe,Mild,Normal
3,3,3,2,3,2,1,3,2,3,3,2,3,3,1,2,3,1,1,1,3,40,22,34,Extremely Severe,Extremely Severe,Extremely Severe
2,0,1,2,1,2,1,1,1,1,2,1,2,2,0,0,3,2,0,1,1,18,10,24,Moderate,Moderate,Moderate
3,1,3,3,3,3,3,3,3,3,3,3,3,3,3,3,3,3,3,3,3,42,38,42,Extremely Severe,Extremely Severe,Extremely Severe
2,2,1,0,3,2,0,2,2,2,2,1,2,2,2,1,2,2,3,1,1,24,20,26,Severe,Extremely Severe,Severe
0,1,0,0,1,0,0,0,1,1,1,1,0,0,0,1,1,0,0,1,0,8,6,4,Normal,Normal,Normal
0,0,0,1,0,0,0,0,1,0,1,0,0,1,0,0,0,1,0,0,0,0,4,6,Normal,Normal,Normal
2,0,2,0,3,2,1,3,1,2,2,2,3,3,0,3,2,2,1,1,2,34,8,32,Extremely Severe,Mild,Severe
1,0,1,0,1,0,0,1,1,1,0,1,1,1,0,2,1,2,0,1,2,18,4,12,Moderate,Normal,Normal
1,1,0,0,1,1,1,1,1,1,1,1,1,1,1,1,1,1,1,1,1,12,12,14,Mild,Moderate,Normal
3,3,3,1,3,3,1,3,3,3,3,1,3,1,1,3,3,0,1,3,3,42,26,28,Extremely Severe,Extremely Severe,Severe
1,2,1,1,1,1,1,2,1,0,2,1,1,1,1,1,1,1,2,0,1,12,16,18,Mild,Severe,Mild
3,2,3,1,3,1,1,3,2,3,3,2,3,3,2,3,3,2,0,3,3,42,22,34,Extremely Severe,Extremely Severe,Extremely Severe
3,0,1,2,2,3,1,1,3,2,3,1,3,1,1,2,3,1,0,1,3,32,16,26,Extremely Severe,Severe,Severe
3,1,1,1,1,3,3,1,1,3,2,1,3,1,1,2,2,0,1,2,3,30,20,22,Extremely Severe,Extremely Severe,Moderate
1,0,1,1,1,1,1,0,2,1,1,1,1,1,0,1,0,1,0,0,0,10,8,12,Mild,Mild,Normal
0,0,0,1,0,0,0,0,1,0,0,0,0,0,0,0,0,0,1,1,0,0,8,0,Normal,Mild,Normal
3,2,1,2,3,3,1,2,2,1,3,3,2,2,1,2,3,1,1,2,1,26,22,34,Severe,Extremely Severe,Extremely Severe
1,1,0,0,1,1,0,0,1,0,1,0,1,0,0,1,0,2,0,1,0,6,6,10,Normal,Normal,Normal
3,1,1,1,1,1,2,1,1,1,2,1,1,1,1,1,3,2,2,3,1,18,22,22,Moderate,Extremely Severe,Moderate
2,0,0,0,1,0,0,0,1,0,1,1,1,0,1,0,1,1,0,0,0,6,4,10,Normal,Normal,Normal
1,0,0,1,0,1,0,0,0,0,3,1,1,0,0,3,3,0,1,0,0,14,4,12,Moderate,Normal,Normal
3,0,3,0,0,3,0,1,3,3,3,3,3,1,1,3,3,3,0,3,1,32,14,34,Extremely Severe,Moderate,Extremely Severe
1,1,0,0,2,0,0,1,1,0,0,2,1,1,0,0,0,1,0,1,0,6,6,12,Normal,Normal,Normal
3,3,2,1,1,3,0,2,3,1,1,3,2,3,1,1,3,3,3,3,1,22,28,36,Severe,Extremely Severe,Extremely Severe
1,0,0,0,1,3,0,0,2,1,1,2,1,1,0,0,0,3,3,0,0,6,10,22,Normal,Moderate,Moderate
1,1,3,3,3,3,3,3,3,3,3,3,3,0,0,3,3,1,3,3,3,42,32,28,Extremely Severe,Extremely Severe,Severe
1,0,1,0,1,1,1,2,2,1,1,1,1,1,1,2,1,2,1,1,1,16,12,18,Moderate,Moderate,Mild
3,0,0,0,1,0,2,1,1,2,3,0,1,2,1,1,1,1,1,0,0,12,10,20,Mild,Moderate,Moderate
0,0,0,0,0,0,0,0,0,1,0,0,0,1,0,1,0,1,0,0,0,4,0,4,Normal,Normal,Normal
0,0,1,0,1,3,0,0,2,3,1,2,0,0,0,3,3,0,0,1,3,28,6,12,Extremely Severe,Normal,Normal
1,2,0,0,3,0,0,2,0,0,1,2,1,2,0,0,1,1,2,1,1,12,10,18,Mild,Moderate,Mild
3,2,2,1,3,3,2,3,2,2,3,3,3,3,1,2,3,2,2,3,2,34,26,40,Extremely Severe,Extremely Severe,Extremely Severe
3,3,1,1,3,2,1,3,3,2,3,3,3,1,2,3,3,3,3,3,2,34,32,36,Extremely Severe,Extremely Severe,Extremely Severe
1,3,1,1,2,3,1,2,3,2,2,3,3,2,3,1,2,3,2,1,3,28,28,32,Extremely Severe,Extremely Severe,Severe
2,1,2,0,1,1,1,1,3,1,2,3,2,3,2,3,2,1,3,2,1,24,24,26,Severe,Extremely Severe,Severe
0,1,0,0,1,1,1,1,2,0,0,1,0,2,0,0,1,0,0,0,0,4,8,10,Normal,Mild,Normal
1,1,0,0,1,1,0,0,0,0,1,1,1,0,0,0,1,1,2,1,1,8,8,10,Normal,Mild,Normal
1,0,0,3,0,1,1,0,0,0,2,0,0,1,0,0,0,2,0,0,0,0,8,14,Normal,Mild,Normal
1,1,1,1,1,2,1,1,1,2,1,1,1,3,0,1,1,2,2,1,1,16,14,22,Moderate,Moderate,Moderate
0,0,0,2,0,3,2,1,3,0,1,1,0,0,0,0,0,0,2,1,0,0,20,12,Normal,Extremely Severe,Normal
2,0,0,1,1,0,0,1,3,1,1,2,1,2,0,2,0,1,1,1,0,10,12,18,Mild,Moderate,Mild
2,0,2,0,2,3,0,1,2,2,3,1,2,1,0,2,2,2,2,2,1,26,12,26,Severe,Moderate,Severe
1,2,0,0,0,1,0,1,1,0,1,1,0,1,0,0,0,1,0,1,0,0,8,14,Normal,Mild,Normal
2,1,1,1,1,2,0,3,2,1,2,1,2,2,1,1,1,2,0,2,1,16,14,28,Moderate,Moderate,Severe
1,3,1,0,1,0,0,1,1,0,1,1,1,0,2,0,1,2,1,1,0,8,16,12,Normal,Severe,Normal
2,0,1,2,2,2,1,1,1,3,3,2,1,3,1,2,3,2,2,2,1,26,18,30,Severe,Severe,Severe
3,2,3,3,2,1,1,2,2,3,3,1,3,2,0,2,3,0,0,1,3,38,18,24,Extremely Severe,Severe,Moderate
2,0,0,2,1,1,0,1,2,0,1,2,1,1,1,0,2,2,1,1,0,8,14,20,Normal,Moderate,Moderate
1,0,0,0,0,0,0,0,0,0,0,0,0,0,0,0,1,0,0,0,0,2,0,2,Normal,Normal,Normal
0,0,0,0,1,0,1,0,1,0,0,0,0,1,0,0,0,0,0,0,0,2,4,2,Normal,Normal,Normal
1,0,0,0,0,0,0,0,1,1,0,0,0,0,0,0,0,0,0,0,1,4,2,2,Normal,Normal,Normal
3,2,3,2,3,3,1,3,2,3,0,3,3,2,3,3,3,3,0,1,2,40,22,34,Extremely Severe,Extremely Severe,Extremely Severe
3,3,3,1,3,3,2,3,2,3,3,3,3,3,1,3,3,3,3,3,3,42,30,42,Extremely Severe,Extremely Severe,Extremely Severe
1,2,0,1,0,0,1,1,2,0,0,1,2,0,1,0,3,1,2,1,0,10,20,8,Mild,Extremely Severe,Normal
3,0,3,0,3,3,3,3,0,3,3,3,3,1,0,3,3,3,3,2,3,42,16,38,Extremely Severe,Severe,Extremely Severe
2,1,0,0,0,3,1,1,2,1,1,0,1,3,0,2,0,2,1,1,0,8,12,24,Normal,Moderate,Moderate
1,0,0,1,1,0,1,2,0,1,1,1,1,3,1,1,1,1,0,1,0,10,8,18,Mild,Mild,Mild
2,2,1,2,2,0,2,1,2,1,2,1,3,1,0,3,3,3,1,2,1,28,22,20,Extremely Severe,Extremely Severe,Moderate
3,3,2,3,2,2,3,1,3,3,3,3,3,1,3,3,3,3,1,3,3,38,38,32,Extremely Severe,Extremely Severe,Severe
1,0,0,1,1,1,1,0,0,1,1,0,1,1,0,1,1,1,0,0,1,12,4,10,Mild,Normal,Normal
2,0,0,0,1,1,0,1,2,0,2,1,3,1,0,2,0,0,0,0,1,14,4,16,Moderate,Normal,Mild
3,3,3,3,3,3,3,3,3,3,3,3,3,3,3,3,3,3,3,3,3,42,42,42,Extremely Severe,Extremely Severe,Extremely Severe
3,0,1,1,2,1,2,3,3,0,3,3,1,3,2,1,2,3,2,1,0,14,22,38,Moderate,Extremely Severe,Extremely Severe
0,1,0,2,0,1,0,1,0,0,0,1,1,0,0,0,2,0,1,1,0,6,10,6,Normal,Moderate,Normal
0,0,0,0,0,1,0,0,0,0,0,1,0,0,0,1,1,1,1,1,0,4,4,6,Normal,Normal,Normal
3,0,0,0,1,0,2,3,1,1,2,0,3,0,3,1,3,1,1,1,2,22,16,18,Severe,Severe,Mild
1,0,1,1,1,0,1,1,1,0,1,1,1,0,0,0,1,1,1,1,1,10,10,10,Mild,Moderate,Normal
2,0,1,2,3,3,0,1,2,1,3,2,2,3,1,2,2,2,0,2,2,26,14,32,Severe,Moderate,Severe
2,0,1,1,2,1,2,1,2,1,2,1,3,3,3,1,3,3,0,0,2,26,16,26,Severe,Severe,Severe
2,2,1,2,1,2,0,1,2,1,3,0,1,1,0,2,2,2,0,2,1,18,16,22,Moderate,Severe,Moderate
0,3,3,3,3,0,3,3,0,3,1,0,3,3,3,3,3,3,1,2,3,42,30,20,Extremely Severe,Extremely Severe,Moderate
1,1,1,0,1,1,0,0,2,1,2,1,1,1,2,0,1,0,0,1,2,14,12,12,Moderate,Moderate,Normal
1,2,1,0,1,0,0,1,1,1,3,1,2,3,0,3,1,2,0,2,0,18,10,22,Moderate,Moderate,Moderate
3,0,0,1,1,3,0,1,2,2,3,1,3,3,1,1,3,3,2,1,1,22,14,34,Severe,Moderate,Extremely Severe
3,2,3,3,3,2,3,3,3,3,3,3,3,2,3,3,3,3,2,3,3,42,38,38,Extremely Severe,Extremely Severe,Extremely Severe
1,0,0,0,0,0,0,0,1,0,0,0,0,1,0,0,0,1,0,0,1,2,2,6,Normal,Normal,Normal
2,1,1,0,1,1,1,2,2,2,1,1,2,1,1,3,2,2,0,1,2,26,12,20,Severe,Moderate,Moderate
3,3,3,2,3,3,3,3,3,3,3,3,3,3,3,3,3,3,3,3,3,42,40,42,Extremely Severe,Extremely Severe,Extremely Severe
0,1,0,0,0,0,1,0,0,1,0,0,0,0,0,0,0,0,0,0,0,2,4,0,Normal,Normal,Normal
1,3,0,1,0,1,0,0,1,1,0,0,0,1,1,1,0,1,0,0,0,4,12,8,Normal,Moderate,Normal
1,0,1,1,1,2,1,0,2,3,3,0,3,2,0,3,3,1,1,3,3,34,16,18,Extremely Severe,Severe,Mild
3,1,1,0,3,3,0,3,3,0,3,3,3,2,1,1,0,2,1,2,0,16,16,38,Moderate,Severe,Extremely Severe
3,3,1,0,2,1,0,2,3,3,3,1,3,3,1,2,3,2,1,3,2,32,22,30,Extremely Severe,Extremely Severe,Severe
3,2,3,1,2,3,3,2,3,3,2,3,3,2,2,3,3,2,0,1,3,40,24,34,Extremely Severe,Extremely Severe,Extremely Severe
1,1,0,2,1,1,0,1,1,2,0,0,1,1,1,2,3,0,0,1,2,22,12,8,Severe,Moderate,Normal
2,0,2,0,1,1,0,1,2,2,1,3,3,2,0,2,1,0,1,2,2,26,10,20,Severe,Moderate,Moderate
2,3,1,0,2,2,1,3,3,1,1,2,2,1,1,3,3,2,3,3,1,26,28,26,Severe,Extremely Severe,Severe
3,2,1,1,1,1,1,1,1,3,2,1,2,2,2,2,3,3,2,1,2,28,20,26,Extremely Severe,Extremely Severe,Severe
1,1,1,0,1,0,1,1,3,1,1,3,0,2,1,3,3,0,1,1,0,18,16,16,Moderate,Severe,Mild
2,0,2,1,1,1,1,0,3,1,1,1,1,3,1,1,1,3,0,1,0,14,14,22,Moderate,Moderate,Moderate
2,3,3,3,3,3,3,3,2,3,2,3,3,3,2,3,3,1,1,3,3,42,34,34,Extremely Severe,Extremely Severe,Extremely Severe
1,2,1,0,1,1,1,1,1,1,1,1,2,0,0,1,1,0,1,0,1,16,10,10,Moderate,Moderate,Normal
1,3,0,0,1,1,1,1,1,0,1,1,1,1,0,1,1,1,0,2,0,8,14,14,Normal,Moderate,Normal
2,0,2,1,3,2,2,3,3,1,3,3,3,2,3,3,3,3,1,3,3,36,26,36,Extremely Severe,Extremely Severe,Extremely Severe
2,3,3,3,2,3,3,3,3,3,3,2,3,3,3,3,2,2,3,1,2,36,38,36,Extremely Severe,Extremely Severe,Extremely Severe
1,1,1,1,0,1,1,1,1,1,1,1,1,1,1,2,1,1,1,1,1,14,14,14,Moderate,Moderate,Normal
1,0,2,0,2,3,0,1,1,0,1,0,2,2,0,3,2,2,0,0,0,22,2,20,Severe,Normal,Moderate
1,1,1,1,1,2,2,1,2,2,2,1,1,2,0,1,3,3,0,2,1,20,16,24,Moderate,Severe,Moderate
1,1,1,2,1,3,0,1,1,1,3,1,2,1,1,1,2,1,0,2,2,20,14,22,Moderate,Moderate,Moderate
1,1,0,1,0,1,1,0,1,0,1,1,0,0,1,0,0,1,0,0,0,0,10,10,Normal,Moderate,Normal
2,1,0,3,1,2,2,2,3,0,1,2,0,1,0,0,0,2,0,3,0,2,24,24,Normal,Extremely Severe,Moderate
3,3,3,0,2,2,0,3,3,2,3,2,3,2,0,3,2,0,1,3,0,30,20,30,Extremely Severe,Extremely Severe,Severe
1,1,1,0,1,0,0,0,2,1,1,0,1,3,0,1,2,1,0,1,1,16,8,12,Moderate,Mild,Normal
2,3,1,1,1,3,1,3,3,1,1,2,2,1,1,2,2,1,2,2,3,24,26,26,Severe,Extremely Severe,Severe
3,1,1,0,1,3,1,2,1,2,3,2,2,2,0,2,3,1,2,0,1,24,10,32,Severe,Moderate,Severe
3,0,3,0,3,3,0,3,1,3,3,3,3,3,2,3,3,3,0,3,3,42,12,42,Extremely Severe,Moderate,Extremely Severe
2,2,1,1,1,1,1,1,2,1,2,2,1,1,1,1,1,1,2,1,1,14,20,20,Moderate,Extremely Severe,Moderate
0,1,0,0,1,1,0,1,0,0,1,0,1,1,1,0,0,1,0,0,0,4,4,10,Normal,Normal,Normal
2,1,2,1,3,3,3,1,3,3,1,2,3,3,0,2,3,0,2,3,2,36,26,24,Extremely Severe,Extremely Severe,Moderate
3,1,3,3,3,3,1,2,2,3,3,3,3,3,1,3,3,3,1,3,3,42,24,40,Extremely Severe,Extremely Severe,Extremely Severe
1,0,1,0,1,2,2,1,2,2,2,2,1,2,1,2,3,0,0,1,1,22,12,20,Severe,Moderate,Moderate
3,3,2,3,2,1,3,3,3,3,1,3,3,3,3,3,3,3,2,3,3,38,40,34,Extremely Severe,Extremely Severe,Extremely Severe
1,1,0,0,0,1,0,0,1,0,1,0,0,1,0,0,0,1,0,0,0,0,4,10,Normal,Normal,Normal
3,2,3,3,3,2,3,2,3,3,3,3,3,3,2,3,3,3,2,3,3,42,36,38,Extremely Severe,Extremely Severe,Extremely Severe
0,0,0,1,1,1,2,1,3,1,2,3,2,1,0,0,1,3,2,1,0,10,18,22,Mild,Severe,Moderate
1,2,1,0,2,1,0,1,2,2,1,1,1,1,1,1,2,0,0,0,1,20,10,12,Moderate,Moderate,Normal
1,1,2,2,2,1,1,1,1,2,2,3,2,1,1,3,2,2,0,1,2,30,14,22,Extremely Severe,Moderate,Moderate
2,3,1,1,1,1,1,3,2,3,2,1,2,3,1,2,3,1,2,1,3,30,22,26,Extremely Severe,Extremely Severe,Severe
3,2,1,0,1,1,1,1,1,1,1,3,1,1,0,1,3,1,1,1,0,16,12,22,Moderate,Moderate,Moderate
2,1,0,2,1,2,2,2,2,1,1,2,2,3,1,2,2,2,1,2,1,18,22,28,Moderate,Extremely Severe,Severe
1,1,1,2,1,1,1,1,2,1,1,2,2,1,1,0,0,2,2,0,0,10,18,18,Mild,Severe,Mild
2,0,2,0,2,0,0,2,2,0,0,1,0,1,2,3,0,1,0,1,1,16,10,14,Moderate,Moderate,Normal
1,1,1,0,0,2,0,1,0,2,2,2,2,2,0,3,1,2,0,1,1,20,4,24,Moderate,Normal,Moderate
3,0,2,0,3,3,1,3,3,2,3,3,3,3,1,3,2,3,0,3,2,34,16,42,Extremely Severe,Severe,Extremely Severe
2,0,1,0,0,1,0,2,0,0,2,1,1,0,1,1,1,1,0,2,1,10,6,18,Mild,Normal,Mild
1,0,1,1,1,0,0,1,1,2,1,1,2,0,0,3,1,1,0,2,1,22,8,10,Severe,Mild,Normal
2,0,0,0,0,1,1,1,1,0,1,1,1,1,1,0,1,0,0,1,0,4,8,14,Normal,Mild,Normal
2,3,0,0,1,2,2,1,1,0,1,1,1,1,2,2,0,2,0,1,0,8,18,20,Normal,Severe,Moderate
3,1,1,1,0,2,2,1,3,2,2,1,2,2,1,1,2,2,1,2,1,18,22,26,Moderate,Extremely Severe,Severe
2,3,1,1,2,1,1,1,2,0,2,1,1,2,2,1,1,1,1,0,1,14,20,20,Moderate,Extremely Severe,Moderate
1,0,0,0,0,1,0,0,1,0,0,1,0,0,0,1,0,1,0,1,1,4,4,8,Normal,Normal,Normal
3,0,0,2,1,3,1,1,2,2,3,3,3,1,0,1,3,3,0,3,1,22,16,34,Severe,Severe,Extremely Severe
3,3,1,3,3,3,3,3,3,3,3,3,3,3,3,3,2,3,2,3,3,36,40,42,Extremely Severe,Extremely Severe,Extremely Severe
2,2,0,2,0,3,1,3,3,1,3,3,1,2,2,0,2,2,0,2,0,8,24,36,Normal,Extremely Severe,Extremely Severe
1,3,1,2,1,2,1,1,1,2,2,2,2,1,3,1,2,1,3,1,1,20,28,20,Moderate,Extremely Severe,Moderate
1,1,2,1,2,2,1,3,3,2,2,2,3,1,2,1,1,3,3,1,2,26,24,28,Severe,Extremely Severe,Severe
2,1,1,2,3,1,1,2,1,3,2,2,3,2,1,3,3,1,1,1,3,38,16,24,Extremely Severe,Severe,Moderate
1,3,1,2,2,3,3,3,2,0,1,1,1,2,0,1,1,1,1,1,0,12,24,24,Mild,Extremely Severe,Moderate
3,3,0,0,0,1,0,0,3,1,3,2,2,3,0,0,2,0,0,1,1,12,14,24,Mild,Moderate,Moderate
3,0,0,1,2,3,0,3,2,0,3,3,0,3,0,1,2,2,0,3,1,12,12,40,Mild,Moderate,Extremely Severe
0,0,0,0,0,0,0,0,0,0,0,1,0,0,0,0,0,1,0,0,0,0,0,4,Normal,Normal,Normal
0,2,2,2,1,0,0,1,0,1,1,1,2,2,1,1,1,1,0,0,1,18,10,12,Moderate,Moderate,Normal
2,1,0,0,0,1,0,0,0,0,1,0,1,1,0,0,2,1,0,1,0,6,4,12,Normal,Normal,Normal
1,0,1,1,2,2,1,3,2,1,3,3,2,1,0,2,1,3,1,3,2,22,16,32,Severe,Severe,Severe
1,2,1,2,1,1,1,1,1,2,2,2,1,2,1,1,1,1,1,2,1,16,20,20,Moderate,Extremely Severe,Moderate
1,0,2,0,1,2,2,1,1,1,3,1,1,3,3,2,1,2,3,1,1,18,20,26,Moderate,Extremely Severe,Severe
3,0,2,1,3,2,0,2,3,3,3,3,3,3,0,3,3,3,3,3,3,40,20,38,Extremely Severe,Extremely Severe,Extremely Severe
3,0,0,1,3,2,1,0,2,1,2,0,2,3,0,1,1,1,3,1,0,16,16,22,Moderate,Severe,Moderate
3,0,1,0,1,3,0,3,1,3,3,1,3,3,0,3,3,3,1,1,2,32,6,38,Extremely Severe,Normal,Extremely Severe
1,1,1,1,0,0,1,0,2,1,1,1,2,1,1,2,2,1,0,1,1,18,14,10,Moderate,Moderate,Normal
2,2,1,0,3,2,0,2,2,1,2,2,1,2,0,1,0,2,0,1,0,14,10,28,Moderate,Moderate,Severe
3,3,0,0,3,1,0,1,1,2,1,1,2,2,0,1,2,2,0,0,0,20,8,22,Moderate,Mild,Moderate
1,0,1,0,1,2,1,1,2,1,1,0,1,0,0,1,0,1,0,0,0,10,6,12,Mild,Normal,Normal
3,3,3,2,3,3,3,3,3,3,3,3,3,2,2,3,3,3,1,3,3,42,34,40,Extremely Severe,Extremely Severe,Extremely Severe
3,3,3,3,3,0,2,2,3,3,3,2,3,2,2,3,3,3,3,3,3,42,38,30,Extremely Severe,Extremely Severe,Severe
2,1,1,1,1,2,2,2,1,1,1,2,2,1,2,1,2,1,1,1,1,18,18,22,Moderate,Severe,Moderate
3,3,3,0,2,3,0,0,1,2,3,3,2,1,0,2,3,2,0,0,2,32,8,30,Extremely Severe,Mild,Severe
3,0,3,0,1,2,3,3,1,3,3,1,3,3,0,1,3,3,0,1,3,34,10,36,Extremely Severe,Moderate,Extremely Severe
1,0,0,0,1,0,1,0,1,1,1,1,1,0,0,2,1,1,1,1,1,14,8,8,Moderate,Mild,Normal
3,2,1,3,3,3,3,2,3,0,3,3,3,3,2,1,3,2,0,3,1,24,32,38,Severe,Extremely Severe,Extremely Severe
2,1,1,2,1,2,2,3,3,1,3,3,1,3,3,0,0,2,0,2,0,8,26,36,Normal,Extremely Severe,Extremely Severe
0,0,0,0,0,1,0,0,0,0,1,1,0,1,1,0,0,1,0,0,0,0,2,10,Normal,Normal,Normal
3,2,1,3,3,3,2,1,3,2,2,3,3,0,2,2,0,0,0,2,1,24,28,24,Severe,Extremely Severe,Moderate
2,1,1,3,2,2,2,2,2,2,2,2,3,2,2,2,2,2,1,2,3,30,26,28,Extremely Severe,Extremely Severe,Severe
1,0,1,1,3,2,0,0,0,3,3,1,2,1,1,3,2,2,0,0,2,32,4,20,Extremely Severe,Normal,Moderate
2,3,2,0,3,2,0,1,0,3,2,1,3,0,0,3,3,0,0,0,2,38,6,16,Extremely Severe,Normal,Mild
1,0,0,0,0,2,0,0,0,0,1,1,1,1,1,0,0,1,0,0,0,2,2,14,Normal,Normal,Normal
1,0,1,1,0,1,0,0,1,0,1,0,1,0,0,0,1,1,0,1,1,8,6,8,Normal,Normal,Normal
2,2,2,1,2,2,1,2,1,2,2,2,2,2,1,2,2,2,2,2,1,26,20,28,Severe,Extremely Severe,Severe
3,2,0,0,0,1,1,0,3,0,3,1,1,3,3,1,3,0,1,2,3,16,24,22,Moderate,Extremely Severe,Moderate
2,0,2,0,1,2,0,1,1,2,2,1,1,1,1,1,0,2,0,1,1,16,6,22,Moderate,Normal,Moderate
0,0,0,1,0,0,1,0,1,0,3,0,0,3,0,0,0,0,0,1,0,0,8,12,Normal,Mild,Normal
2,1,1,1,1,2,1,2,1,2,2,1,1,2,1,1,0,1,0,1,1,14,12,24,Moderate,Moderate,Moderate
1,0,0,0,1,1,0,0,0,0,1,1,1,0,0,0,0,0,0,0,0,4,0,8,Normal,Normal,Normal
1,2,1,1,1,0,0,0,1,2,1,0,2,0,0,2,1,0,0,0,0,18,8,4,Moderate,Mild,Normal
3,1,2,2,2,3,1,2,0,3,3,1,3,2,1,3,3,3,0,0,3,38,10,34,Extremely Severe,Moderate,Extremely Severe
3,0,1,1,3,1,0,1,3,3,3,3,3,2,0,1,1,3,0,0,3,30,8,32,Extremely Severe,Mild,Severe
2,0,1,0,2,3,0,3,1,2,3,1,3,1,0,2,2,1,0,1,2,28,4,28,Extremely Severe,Normal,Severe
2,1,0,1,1,2,3,1,3,1,2,1,1,2,3,0,0,1,1,2,0,6,28,22,Normal,Extremely Severe,Moderate
2,1,1,2,2,2,1,2,3,2,3,2,3,2,1,2,2,3,3,2,3,30,26,32,Extremely Severe,Extremely Severe,Severe
1,2,2,2,1,1,1,2,3,2,1,2,1,2,0,2,3,1,2,1,1,24,22,20,Severe,Extremely Severe,Moderate
1,0,0,0,0,0,0,0,1,0,1,1,1,1,0,1,0,0,0,0,0,4,2,8,Normal,Normal,Normal
2,3,3,2,0,2,2,0,3,2,3,3,2,0,0,2,3,3,2,3,3,30,30,26,Extremely Severe,Extremely Severe,Severe
1,0,2,1,1,1,0,1,1,2,1,0,3,2,0,1,3,2,0,0,2,28,4,16,Extremely Severe,Normal,Mild
1,1,0,1,3,1,0,2,1,2,3,2,1,3,1,1,1,2,0,3,0,16,14,28,Moderate,Moderate,Severe
3,0,0,0,2,3,0,1,2,1,3,1,3,1,0,1,3,2,0,3,3,26,10,28,Severe,Moderate,Severe
1,1,3,2,2,0,1,3,1,1,0,1,2,0,1,3,2,1,1,0,2,30,14,12,Extremely Severe,Moderate,Normal
1,1,2,2,3,1,2,2,3,3,1,3,3,1,1,1,3,0,1,3,3,36,26,18,Extremely Severe,Extremely Severe,Mild
2,2,0,1,1,2,2,2,3,0,0,2,1,2,1,0,3,2,3,0,0,10,24,24,Mild,Extremely Severe,Moderate
1,1,1,1,2,0,1,1,3,1,2,2,3,2,0,1,2,0,0,2,2,24,16,16,Severe,Severe,Mild
1,1,0,1,1,1,1,0,1,0,1,1,1,0,0,1,0,1,0,0,0,6,8,10,Normal,Mild,Normal
0,0,1,0,1,1,0,0,0,0,1,1,0,0,0,0,1,1,3,0,0,6,6,8,Normal,Normal,Normal
0,0,0,0,1,0,0,1,0,0,0,0,0,2,0,0,1,1,0,0,0,4,0,8,Normal,Normal,Normal
1,3,2,0,0,3,0,3,3,2,1,1,1,1,0,1,0,1,0,1,1,14,14,22,Moderate,Moderate,Moderate
2,1,3,1,2,3,1,3,2,2,3,1,3,1,3,3,2,2,1,1,2,34,20,30,Extremely Severe,Extremely Severe,Severe
3,3,3,2,3,3,3,3,3,3,3,3,3,3,1,2,2,3,2,3,3,38,34,42,Extremely Severe,Extremely Severe,Extremely Severe
1,0,1,0,3,1,0,1,3,3,1,0,1,1,0,1,3,3,0,2,3,30,10,16,Extremely Severe,Moderate,Mild
1,2,1,1,2,1,1,1,2,1,2,1,1,3,1,1,1,2,1,1,1,16,18,22,Moderate,Severe,Moderate
3,1,1,0,1,2,2,1,1,3,3,1,3,0,1,1,3,1,1,3,2,28,18,22,Extremely Severe,Severe,Moderate
1,0,0,0,1,1,0,3,1,1,2,1,1,1,1,1,0,0,2,1,1,10,10,18,Mild,Moderate,Mild
1,0,1,0,1,2,0,1,0,2,1,0,2,3,0,0,0,2,0,2,0,12,4,20,Mild,Normal,Moderate
1,0,2,0,2,1,0,0,1,2,1,0,3,0,0,3,3,0,0,1,3,36,4,6,Extremely Severe,Normal,Normal
3,3,3,2,3,3,2,2,3,3,3,3,3,3,1,3,3,2,0,2,3,42,26,38,Extremely Severe,Extremely Severe,Extremely Severe
2,2,1,0,2,0,0,3,3,2,1,2,2,2,0,1,1,0,1,0,1,20,12,20,Moderate,Moderate,Moderate
3,1,0,0,1,0,1,1,3,1,3,0,3,3,3,0,1,3,0,1,0,12,18,26,Mild,Severe,Severe
1,1,1,1,1,1,1,1,1,1,1,1,0,1,1,1,1,1,2,1,1,12,16,14,Mild,Severe,Normal
1,1,1,0,1,1,0,1,1,1,0,1,3,3,0,1,3,1,0,0,2,24,4,16,Severe,Normal,Mild
3,1,1,3,1,0,1,0,0,0,3,3,3,0,3,1,1,3,0,0,0,14,16,24,Moderate,Severe,Moderate
3,0,1,1,1,0,2,1,2,1,3,2,3,2,1,0,2,2,1,1,3,22,16,26,Severe,Severe,Severe
1,1,0,0,2,0,0,2,1,1,0,1,1,1,0,2,1,1,0,0,0,14,4,12,Moderate,Normal,Normal
0,1,0,0,0,0,0,0,0,0,0,0,0,2,0,0,0,0,0,0,0,0,2,4,Normal,Normal,Normal
1,1,2,2,2,1,2,3,1,3,2,3,3,0,3,2,1,3,3,3,0,26,30,26,Severe,Extremely Severe,Severe
3,1,3,2,2,2,1,1,2,2,3,1,3,1,0,2,2,1,3,2,2,32,22,24,Extremely Severe,Extremely Severe,Moderate
2,1,1,1,2,2,1,2,3,3,2,2,3,1,1,3,2,1,2,3,1,30,24,24,Extremely Severe,Extremely Severe,Moderate
2,3,3,3,3,3,1,3,3,3,3,1,3,3,2,3,3,2,2,2,3,42,32,34,Extremely Severe,Extremely Severe,Extremely Severe
2,2,3,2,2,1,3,2,3,2,3,2,3,3,1,3,3,2,2,3,2,36,32,30,Extremely Severe,Extremely Severe,Severe
0,2,1,1,2,0,0,1,0,2,0,0,2,0,0,1,3,0,0,0,0,22,6,2,Severe,Normal,Normal
2,3,0,0,3,1,1,1,2,1,2,2,1,0,0,0,0,0,1,3,0,10,20,16,Mild,Extremely Severe,Mild
3,3,3,2,3,3,2,2,2,3,3,1,3,2,3,3,3,2,2,1,3,42,30,32,Extremely Severe,Extremely Severe,Severe
1,2,2,2,2,1,0,1,2,2,2,2,2,2,2,2,1,1,1,0,2,26,18,20,Severe,Severe,Moderate
0,0,0,0,1,0,0,1,1,2,1,0,1,0,0,1,1,0,2,1,2,16,8,4,Moderate,Mild,Normal
2,1,1,0,2,2,1,1,2,2,2,1,1,2,1,2,2,2,0,1,2,24,12,24,Severe,Moderate,Moderate
3,2,2,1,2,2,1,3,3,3,3,2,3,3,3,3,2,3,2,1,2,34,26,38,Extremely Severe,Extremely Severe,Extremely Severe
1,3,1,0,3,1,0,2,0,0,1,0,1,1,1,3,0,2,3,1,1,18,16,16,Moderate,Severe,Mild
3,3,3,3,3,3,3,3,3,3,3,3,3,3,3,3,3,0,3,3,3,42,42,36,Extremely Severe,Extremely Severe,Extremely Severe
2,1,2,1,1,1,0,0,1,0,1,0,0,0,0,2,0,1,0,0,0,10,6,10,Mild,Normal,Normal
3,3,3,2,2,3,1,2,3,1,3,2,3,3,2,2,1,3,3,3,1,26,34,38,Severe,Extremely Severe,Extremely Severe
2,0,2,3,1,2,1,1,2,2,2,2,3,1,2,2,3,2,0,3,1,28,22,24,Extremely Severe,Extremely Severe,Moderate
2,1,3,2,3,3,3,3,3,3,3,3,3,2,1,3,3,1,1,3,3,42,28,34,Extremely Severe,Extremely Severe,Extremely Severe
0,0,0,0,0,0,0,0,0,0,0,0,0,0,0,0,0,0,0,0,0,0,0,0,Normal,Normal,Normal
2,2,2,3,1,3,3,3,3,1,3,3,1,3,1,1,2,2,3,3,1,18,36,38,Moderate,Extremely Severe,Extremely Severe
1,0,1,0,3,1,1,3,1,2,2,3,3,3,1,1,1,2,0,1,1,24,8,30,Severe,Mild,Severe
3,1,1,1,2,3,1,1,1,1,3,1,1,3,0,2,2,2,2,2,1,20,16,32,Moderate,Severe,Severe
2,2,2,1,2,2,1,2,2,2,2,2,2,2,1,1,2,2,1,2,2,26,20,28,Severe,Extremely Severe,Severe
2,3,2,3,2,3,3,2,3,3,3,2,3,1,3,2,2,1,2,3,2,32,40,28,Extremely Severe,Extremely Severe,Severe
0,0,0,0,0,2,0,1,1,0,0,1,0,1,0,1,0,0,0,0,0,2,2,10,Normal,Normal,Normal
3,0,3,0,3,3,3,1,2,3,3,3,3,0,2,3,3,2,0,3,3,42,20,30,Extremely Severe,Extremely Severe,Severe
2,1,2,2,2,0,2,1,1,2,2,3,2,2,0,2,2,0,2,2,0,24,20,20,Severe,Extremely Severe,Moderate
1,1,2,1,1,1,0,0,1,1,3,0,2,1,0,1,2,2,2,0,0,18,10,16,Moderate,Moderate,Mild
2,1,0,0,0,1,0,1,1,0,1,0,1,1,1,0,1,0,2,0,0,4,10,12,Normal,Moderate,Normal
3,1,3,1,3,3,1,3,3,3,3,3,3,3,3,3,3,3,1,1,3,42,22,42,Extremely Severe,Extremely Severe,Extremely Severe
0,1,0,1,1,1,0,0,0,1,1,1,2,0,1,2,1,0,0,1,0,14,8,6,Moderate,Mild,Normal
1,2,1,1,3,0,1,3,2,2,1,2,1,1,2,1,1,0,1,2,2,22,22,16,Severe,Extremely Severe,Mild
2,2,1,1,2,2,1,1,1,1,2,1,1,1,0,1,1,2,2,2,0,14,18,22,Moderate,Severe,Moderate
2,0,3,3,3,3,1,3,3,2,3,3,3,3,0,2,1,3,0,1,3,34,16,40,Extremely Severe,Severe,Extremely Severe
2,1,0,0,1,1,0,0,1,1,0,0,0,0,0,0,0,0,0,0,0,4,4,6,Normal,Normal,Normal
1,2,1,1,2,2,2,3,0,1,2,2,0,2,1,2,3,1,1,1,1,20,16,26,Moderate,Severe,Severe
3,1,3,2,2,0,2,3,2,0,3,3,3,2,1,3,1,2,0,3,2,28,22,32,Extremely Severe,Extremely Severe,Severe
1,0,3,1,1,2,0,2,2,1,3,2,2,0,0,0,2,0,0,1,1,20,8,20,Moderate,Mild,Moderate
3,3,3,3,1,3,3,3,3,3,3,3,3,3,1,3,3,3,3,3,3,38,38,42,Extremely Severe,Extremely Severe,Extremely Severe
3,3,2,3,2,3,2,3,3,1,3,2,3,3,1,2,2,3,2,3,1,26,34,40,Severe,Extremely Severe,Extremely Severe
2,2,1,1,1,2,2,2,2,1,2,1,2,3,0,1,2,3,2,2,1,18,22,30,Moderate,Extremely Severe,Severe
3,3,3,2,2,3,0,2,2,2,3,3,3,0,1,3,3,2,3,3,0,32,28,32,Extremely Severe,Extremely Severe,Severe
2,2,1,1,2,1,3,3,2,3,2,3,2,2,2,2,3,2,1,2,1,28,26,30,Extremely Severe,Extremely Severe,Severe
1,0,1,0,0,0,0,0,0,0,1,1,1,1,0,0,1,0,0,1,0,6,2,8,Normal,Normal,Normal
1,1,1,0,0,0,0,0,0,0,1,0,0,0,0,0,0,1,0,0,0,2,2,6,Normal,Normal,Normal
3,1,2,3,3,2,1,2,3,1,3,2,3,3,3,3,3,3,1,2,3,36,28,36,Extremely Severe,Extremely Severe,Extremely Severe
1,3,0,2,2,0,1,0,1,3,1,0,3,3,2,3,2,1,0,3,3,32,24,12,Extremely Severe,Extremely Severe,Normal
1,0,2,0,3,0,0,2,1,3,0,0,3,2,2,3,2,0,0,0,3,38,6,10,Extremely Severe,Normal,Normal
2,3,2,2,2,2,1,2,3,3,3,1,3,3,1,2,3,2,3,2,3,36,30,30,Extremely Severe,Extremely Severe,Severe
3,3,3,2,3,3,0,3,3,2,3,2,3,2,0,2,3,3,0,3,3,38,22,38,Extremely Severe,Extremely Severe,Extremely Severe
3,1,1,0,1,3,0,0,0,1,3,0,2,1,0,1,1,2,0,0,1,16,2,24,Moderate,Normal,Moderate
2,1,1,1,1,2,1,2,2,1,2,1,1,2,0,0,2,1,1,2,0,12,16,24,Mild,Severe,Moderate
1,3,2,0,0,0,0,0,2,0,0,0,1,3,0,0,0,0,0,0,0,6,10,8,Normal,Moderate,Normal
2,0,1,1,1,2,0,1,2,1,1,1,1,2,0,0,1,3,0,0,1,12,6,24,Mild,Normal,Moderate
3,3,0,0,1,2,0,1,1,1,3,1,1,1,0,0,2,3,3,0,1,12,14,28,Mild,Moderate,Severe
3,0,1,0,0,3,0,2,0,0,3,0,1,2,0,0,0,3,0,0,0,4,0,32,Normal,Normal,Severe
0,0,1,1,0,0,2,0,0,2,0,0,2,0,1,2,3,0,0,0,2,24,8,0,Severe,Mild,Normal
1,0,0,0,2,0,0,2,1,1,1,2,2,1,0,1,1,3,0,2,1,16,6,20,Moderate,Normal,Moderate
3,3,3,3,3,3,3,3,3,3,3,3,3,3,3,3,3,3,3,3,3,42,42,42,Extremely Severe,Extremely Severe,Extremely Severe
1,1,0,2,0,1,2,2,1,1,1,1,1,2,0,0,0,1,0,1,1,6,14,18,Normal,Moderate,Mild
2,1,1,2,0,3,2,3,2,2,3,3,0,3,2,1,2,2,2,2,2,16,26,38,Moderate,Extremely Severe,Extremely Severe
0,3,0,3,0,0,3,3,3,0,2,1,3,3,0,0,0,3,3,3,0,6,36,24,Normal,Extremely Severe,Moderate
3,1,2,0,2,1,1,1,2,2,2,1,2,2,0,2,3,3,2,1,1,28,14,26,Extremely Severe,Moderate,Severe
2,3,2,3,3,3,1,2,3,3,3,2,1,3,2,1,3,1,0,2,3,32,28,32,Extremely Severe,Extremely Severe,Severe
2,1,0,0,2,1,0,0,1,0,0,0,0,0,0,0,0,2,0,0,0,4,4,10,Normal,Normal,Normal
1,1,1,1,1,1,0,1,2,1,1,2,2,1,0,0,2,1,0,1,1,16,10,16,Moderate,Moderate,Mild
1,3,1,1,1,2,0,1,3,1,1,0,1,2,0,0,0,1,1,1,0,8,18,16,Normal,Severe,Mild
2,0,0,0,1,1,1,1,2,1,2,2,1,1,0,1,1,2,0,0,1,12,6,22,Mild,Normal,Moderate
1,1,0,1,0,2,1,1,2,1,1,2,0,2,0,0,0,1,1,0,0,2,12,20,Normal,Moderate,Moderate
3,2,2,3,2,2,2,2,2,3,3,1,2,3,2,3,2,1,1,2,2,32,28,30,Extremely Severe,Extremely Severe,Severe
2,0,1,0,2,1,0,3,1,1,1,1,1,0,1,2,2,2,0,1,1,20,6,20,Moderate,Normal,Moderate
2,0,2,0,3,3,0,3,1,3,3,2,3,3,1,3,3,3,0,1,3,40,6,38,Extremely Severe,Normal,Extremely Severe
2,0,2,0,2,3,0,0,0,2,3,0,2,3,0,2,3,0,0,0,2,30,0,22,Extremely Severe,Normal,Moderate
2,1,1,2,2,1,2,3,2,1,2,1,3,1,2,3,1,1,2,1,2,26,24,22,Severe,Extremely Severe,Moderate
0,1,3,0,1,3,1,1,1,1,3,2,1,0,0,1,0,0,0,2,0,14,10,18,Moderate,Moderate,Mild
2,0,0,1,2,1,2,0,0,0,1,1,3,1,2,2,1,0,1,0,1,18,12,12,Moderate,Moderate,Normal
3,3,3,3,3,3,3,3,3,3,3,3,3,3,3,3,3,3,3,3,3,42,42,42,Extremely Severe,Extremely Severe,Extremely Severe
0,0,0,0,1,1,0,2,1,0,0,2,0,0,0,1,2,0,0,3,1,10,8,10,Mild,Mild,Normal
2,0,1,1,0,1,1,1,1,1,3,2,2,2,0,1,2,2,0,1,1,16,8,26,Moderate,Mild,Severe
1,0,1,0,1,0,1,2,1,0,0,1,1,0,1,1,0,1,3,0,0,8,12,10,Normal,Moderate,Normal
3,0,1,1,1,3,0,3,3,3,3,0,3,1,0,3,1,3,0,0,1,26,8,32,Severe,Mild,Severe
2,1,1,0,1,3,0,1,1,3,2,1,1,2,0,2,0,0,0,1,1,18,6,22,Moderate,Normal,Moderate
3,0,2,1,3,3,3,3,3,1,1,2,2,3,1,2,1,1,0,2,1,24,20,32,Severe,Extremely Severe,Severe
2,0,0,1,1,3,0,1,1,1,1,0,2,1,0,1,1,3,0,0,1,14,4,22,Moderate,Normal,Moderate
2,0,3,2,3,0,2,2,3,1,1,0,3,1,1,3,0,0,0,0,0,26,16,12,Severe,Severe,Normal
2,1,0,0,1,3,3,1,2,1,3,1,1,3,0,3,0,2,0,1,0,12,14,30,Mild,Moderate,Severe
1,0,1,3,1,1,1,2,3,1,2,1,1,3,0,1,1,1,1,3,1,14,22,22,Moderate,Extremely Severe,Moderate
1,0,0,0,0,0,1,0,0,0,0,0,0,0,0,0,0,2,1,1,0,0,6,6,Normal,Normal,Normal
2,1,2,2,2,2,1,2,2,2,2,2,2,2,2,2,2,2,2,2,2,28,24,28,Extremely Severe,Extremely Severe,Severe
1,0,2,0,2,1,0,1,1,2,1,2,1,3,0,1,0,2,1,2,0,16,8,22,Moderate,Mild,Moderate
0,0,0,0,0,0,0,0,0,0,1,0,0,0,0,0,0,0,0,0,0,0,0,2,Normal,Normal,Normal
2,0,2,0,2,2,0,0,1,2,1,0,2,2,0,3,2,1,0,1,1,28,4,16,Extremely Severe,Normal,Mild
3,3,0,3,1,0,0,0,0,3,3,0,3,1,0,1,2,3,0,3,0,20,18,20,Moderate,Severe,Moderate
2,0,2,0,3,1,0,3,2,1,3,3,3,1,0,2,3,3,0,3,1,30,10,32,Extremely Severe,Moderate,Severe
2,0,1,0,2,2,0,1,1,1,2,2,1,2,1,1,2,1,0,1,2,20,6,24,Moderate,Normal,Moderate
3,1,3,1,1,2,0,1,0,3,3,0,3,1,0,3,3,3,0,0,3,38,4,26,Extremely Severe,Normal,Severe
2,1,2,0,2,1,1,2,1,3,1,2,1,2,1,1,2,1,1,2,3,28,14,22,Extremely Severe,Moderate,Moderate
3,0,3,3,3,3,0,0,0,3,3,0,3,3,3,3,3,2,0,3,3,42,18,28,Extremely Severe,Severe,Severe
1,1,2,3,2,2,2,1,3,2,2,1,3,3,2,2,3,1,1,1,2,32,26,22,Extremely Severe,Extremely Severe,Moderate
3,3,3,1,1,0,3,0,2,0,1,1,2,3,0,3,3,2,1,0,1,26,20,20,Severe,Extremely Severe,Moderate
1,1,1,0,2,2,1,3,1,3,3,0,3,2,0,3,3,2,0,2,3,36,10,26,Extremely Severe,Moderate,Severe
1,2,0,0,0,2,0,0,1,0,1,1,0,2,1,1,0,1,1,1,0,2,12,16,Normal,Moderate,Mild
1,3,0,0,1,0,0,1,2,0,2,2,3,0,0,1,1,3,0,0,0,12,10,18,Mild,Moderate,Mild
1,1,3,0,1,1,1,1,1,3,3,1,3,1,0,3,3,1,0,1,3,38,8,18,Extremely Severe,Mild,Mild
0,0,0,1,0,0,0,0,3,0,1,1,1,3,2,1,0,1,2,0,0,4,16,12,Normal,Severe,Normal
2,3,0,2,2,3,1,2,1,0,3,2,1,1,1,0,1,2,0,0,0,8,16,30,Normal,Severe,Severe
0,1,1,0,1,0,0,1,0,1,0,0,1,0,0,1,1,1,1,0,0,12,4,4,Mild,Normal,Normal
1,0,1,0,0,2,0,3,3,0,3,2,1,3,0,1,0,2,0,1,0,6,8,32,Normal,Mild,Severe
3,0,1,1,1,2,3,3,1,2,3,2,1,3,0,1,2,3,1,3,1,18,18,38,Moderate,Severe,Extremely Severe
1,0,0,0,1,0,0,0,0,0,0,0,0,0,0,1,0,1,0,0,0,4,0,4,Normal,Normal,Normal
2,1,0,1,2,1,1,1,3,0,3,2,1,3,1,1,1,2,0,2,1,12,18,28,Mild,Severe,Severe
1,1,1,1,2,2,2,1,1,1,1,2,2,1,1,2,3,2,2,0,2,26,16,20,Severe,Severe,Moderate
1,1,1,0,2,1,0,1,1,1,2,0,2,0,0,1,1,1,0,0,1,18,4,12,Moderate,Normal,Normal
3,0,1,0,1,3,0,3,3,2,3,3,2,1,0,3,3,3,0,3,1,26,12,38,Severe,Moderate,Extremely Severe
0,0,1,0,2,0,0,2,1,0,0,2,1,0,0,1,1,0,0,0,0,12,2,8,Mild,Normal,Normal
1,1,1,0,1,1,0,1,1,1,1,1,1,0,0,1,1,1,1,0,1,14,6,12,Moderate,Normal,Normal
0,1,1,1,0,0,0,0,2,0,0,0,1,1,0,1,1,1,0,1,1,10,10,4,Mild,Moderate,Normal
1,3,1,0,3,3,1,1,1,1,2,1,2,0,1,3,3,1,3,0,1,28,18,18,Extremely Severe,Severe,Mild
0,1,0,0,0,1,1,2,1,1,1,0,0,2,0,1,2,1,1,1,0,8,10,14,Normal,Moderate,Normal
3,0,2,1,3,0,0,1,1,3,3,3,3,0,0,3,3,0,0,0,3,40,4,20,Extremely Severe,Normal,Moderate
1,2,1,0,2,2,0,1,3,2,2,1,1,3,2,1,3,2,2,1,2,24,20,24,Severe,Extremely Severe,Moderate
0,3,0,0,0,0,0,0,0,0,0,0,0,0,0,0,2,0,0,0,1,6,6,0,Normal,Normal,Normal
3,0,3,0,3,2,3,3,3,2,3,3,3,3,3,2,3,3,0,3,3,38,24,40,Extremely Severe,Extremely Severe,Extremely Severe
3,3,2,2,3,2,1,2,3,3,2,2,3,2,2,2,3,2,2,2,3,38,30,30,Extremely Severe,Extremely Severe,Severe
1,3,3,3,3,1,3,3,3,3,1,3,3,3,1,3,2,3,1,3,1,36,34,30,Extremely Severe,Extremely Severe,Severe
1,1,1,1,0,2,1,2,2,1,3,1,1,2,1,1,0,2,0,2,0,8,16,26,Normal,Severe,Severe
2,0,3,0,3,3,0,2,1,3,2,0,3,3,0,3,2,1,0,1,2,38,4,26,Extremely Severe,Normal,Severe
0,0,1,1,3,0,3,3,3,2,0,3,1,0,0,2,3,2,0,3,0,24,20,16,Severe,Extremely Severe,Mild
3,3,1,3,3,3,3,3,3,3,3,3,3,3,3,3,3,3,3,3,3,38,42,42,Extremely Severe,Extremely Severe,Extremely Severe
2,0,0,0,1,2,0,2,1,0,3,2,0,2,0,0,0,2,1,0,0,2,4,30,Normal,Normal,Severe
0,1,0,1,2,0,2,0,2,0,0,0,0,2,0,0,0,0,0,0,0,4,12,4,Normal,Moderate,Normal
3,1,2,2,1,1,0,2,2,2,3,2,3,2,2,2,1,1,2,1,1,24,20,28,Severe,Extremely Severe,Severe
3,0,3,0,3,3,0,3,3,3,3,0,3,3,0,3,3,3,0,3,3,42,12,36,Extremely Severe,Moderate,Extremely Severe
1,2,2,1,3,0,1,2,1,2,1,1,3,0,0,2,3,1,1,2,2,34,16,12,Extremely Severe,Severe,Normal
1,0,2,1,1,3,2,1,2,3,2,2,1,1,0,1,3,1,0,1,3,28,12,22,Extremely Severe,Moderate,Moderate
2,0,0,0,1,1,0,2,2,0,3,2,2,2,0,0,0,0,0,1,0,6,6,24,Normal,Normal,Moderate
3,1,2,3,3,2,2,3,2,2,3,3,3,1,2,2,3,3,1,3,0,30,28,36,Extremely Severe,Extremely Severe,Extremely Severe
2,2,1,0,1,0,1,1,3,2,0,1,2,0,1,2,1,1,0,2,1,20,18,10,Moderate,Severe,Normal
1,3,2,3,1,1,0,2,3,0,1,1,1,3,0,3,2,3,0,2,0,18,22,24,Moderate,Extremely Severe,Moderate
2,1,2,0,2,1,0,1,1,1,2,0,3,0,0,1,3,1,0,3,1,26,10,14,Severe,Moderate,Normal
2,1,0,0,0,1,1,0,1,0,1,0,0,2,1,1,0,1,0,1,0,2,10,14,Normal,Moderate,Normal
2,0,2,1,2,3,1,2,2,2,3,2,3,2,0,1,2,0,0,2,2,28,12,28,Extremely Severe,Moderate,Severe
1,0,1,0,0,0,0,2,3,3,1,2,2,2,0,3,3,0,2,0,3,30,10,16,Extremely Severe,Moderate,Mild
2,1,0,0,0,0,0,2,0,0,1,1,2,2,0,1,2,0,0,1,0,10,4,16,Mild,Normal,Mild
1,1,3,3,3,3,3,3,3,3,3,2,3,1,2,3,3,3,2,3,3,42,34,32,Extremely Severe,Extremely Severe,Severe
2,0,2,1,1,1,2,1,2,1,2,1,3,1,1,1,2,1,1,2,1,22,18,18,Severe,Severe,Mild
2,0,3,0,3,3,0,3,3,3,2,3,3,3,0,3,3,0,0,3,3,42,12,32,Extremely Severe,Moderate,Severe
0,1,0,0,2,0,0,0,0,0,0,0,0,0,0,0,0,0,0,0,0,4,2,0,Normal,Normal,Normal
0,0,1,0,0,0,0,0,1,0,1,0,0,3,0,1,1,1,3,0,0,6,8,10,Normal,Mild,Normal
1,2,2,0,1,3,1,1,2,1,3,0,3,0,0,3,2,1,0,0,2,28,10,18,Extremely Severe,Moderate,Mild
1,1,2,2,2,2,2,2,2,0,2,1,2,2,1,1,2,2,2,1,1,20,22,24,Moderate,Extremely Severe,Moderate
1,2,0,3,0,3,1,2,3,1,2,2,0,3,1,0,2,2,3,2,1,8,30,30,Normal,Extremely Severe,Severe
1,0,0,0,1,1,0,0,0,0,1,0,0,1,0,0,0,1,0,0,0,2,0,10,Normal,Normal,Normal
1,0,0,0,1,1,0,1,0,0,2,2,1,2,0,1,0,1,0,0,0,6,0,20,Normal,Normal,Moderate
1,0,3,1,2,1,0,3,1,3,1,1,2,1,0,3,2,1,2,2,2,34,12,18,Extremely Severe,Moderate,Mild
3,1,3,3,3,3,3,3,3,3,3,2,3,3,2,3,3,3,3,3,3,42,36,40,Extremely Severe,Extremely Severe,Extremely Severe
3,2,0,1,3,3,1,1,3,3,3,2,2,3,1,1,3,3,1,3,3,30,24,36,Extremely Severe,Extremely Severe,Extremely Severe
3,1,2,3,3,1,2,2,3,3,3,2,0,3,1,2,2,3,1,3,0,24,28,34,Severe,Extremely Severe,Extremely Severe
1,0,1,0,0,3,0,3,0,1,2,1,1,1,0,0,0,1,0,0,0,6,0,24,Normal,Normal,Moderate
2,1,3,0,2,2,0,1,1,1,1,0,0,3,0,1,2,1,2,0,2,22,8,20,Severe,Mild,Moderate
2,1,1,1,2,1,0,3,2,1,1,1,1,3,0,2,1,2,1,1,1,18,12,26,Moderate,Moderate,Severe
0,0,2,0,0,0,0,1,1,3,1,0,1,1,0,3,1,0,0,0,3,26,2,6,Severe,Normal,Normal
2,0,1,0,3,0,0,2,0,3,1,0,3,0,0,3,3,0,0,1,1,34,2,10,Extremely Severe,Normal,Normal
2,1,1,3,3,1,3,3,3,1,1,3,1,3,1,2,3,2,3,1,1,24,30,30,Severe,Extremely Severe,Severe
3,1,0,1,3,3,3,3,2,2,3,3,2,3,1,2,2,3,2,3,2,26,26,42,Severe,Extremely Severe,Extremely Severe
3,3,3,3,2,1,0,0,3,3,1,0,3,2,3,2,3,1,2,0,3,38,28,16,Extremely Severe,Extremely Severe,Mild
0,0,0,0,0,0,0,0,0,0,0,2,0,0,0,0,2,0,0,0,0,4,0,4,Normal,Normal,Normal
3,0,3,0,3,1,0,3,3,3,3,0,3,3,0,3,3,3,1,3,3,42,14,32,Extremely Severe,Moderate,Severe
1,0,2,1,3,1,2,1,3,3,3,2,3,1,1,2,3,1,3,2,3,38,24,20,Extremely Severe,Extremely Severe,Moderate
3,0,2,1,3,1,1,2,3,3,3,2,3,1,2,3,3,3,2,2,3,40,22,30,Extremely Severe,Extremely Severe,Severe
0,0,0,0,1,0,1,0,0,3,0,0,3,0,0,1,3,0,0,0,2,26,2,0,Severe,Normal,Normal
0,0,1,0,2,0,0,1,0,1,0,0,1,0,0,1,1,0,0,0,1,16,0,2,Moderate,Normal,Normal
1,0,1,0,1,1,0,1,3,1,1,2,1,1,0,3,2,2,0,1,1,20,8,18,Moderate,Mild,Mild
3,3,3,3,3,3,2,3,3,3,3,3,3,3,3,3,3,3,2,3,3,42,38,42,Extremely Severe,Extremely Severe,Extremely Severe
2,3,2,3,3,3,3,3,3,3,3,2,2,2,2,3,3,2,3,3,3,38,40,34,Extremely Severe,Extremely Severe,Extremely Severe
1,1,0,0,0,1,0,0,1,0,1,0,2,1,0,1,0,1,0,0,0,6,4,10,Normal,Normal,Normal
1,1,0,1,1,2,0,1,1,0,2,0,1,1,1,1,1,2,0,0,0,8,8,18,Normal,Mild,Mild
3,1,0,1,0,3,2,3,1,3,3,2,3,2,3,1,3,3,1,3,3,26,24,38,Severe,Extremely Severe,Extremely Severe
1,1,1,0,3,3,0,3,2,3,1,1,2,1,1,3,3,0,1,2,1,32,14,20,Extremely Severe,Moderate,Moderate
0,0,0,0,0,0,1,0,0,0,0,1,0,0,1,0,1,1,0,1,0,2,6,4,Normal,Normal,Normal
2,1,1,0,2,1,0,0,0,1,2,2,2,0,0,1,1,1,0,1,1,18,4,16,Moderate,Normal,Mild
1,3,2,0,2,3,2,2,1,3,1,1,3,2,1,0,3,3,0,1,3,32,16,26,Extremely Severe,Severe,Severe
1,0,1,0,1,1,0,0,1,1,1,0,1,1,0,0,1,1,1,1,0,10,6,10,Mild,Normal,Normal
1,3,0,0,1,1,1,1,1,1,1,1,1,2,0,0,1,1,0,1,0,8,12,16,Normal,Moderate,Mild
0,0,0,0,0,0,0,0,0,0,0,0,1,0,1,0,0,0,0,0,0,2,2,0,Normal,Normal,Normal
1,0,1,0,1,1,0,2,1,0,1,0,1,1,0,0,0,1,0,0,0,6,2,14,Normal,Normal,Normal
1,3,1,0,1,3,1,1,1,1,2,2,1,2,2,1,2,2,1,2,1,16,20,26,Moderate,Extremely Severe,Severe
1,1,0,0,0,1,0,0,0,0,1,0,1,1,1,0,0,1,0,0,0,2,4,10,Normal,Normal,Normal
1,1,0,1,0,0,0,2,1,0,1,1,0,0,0,0,0,0,0,1,0,0,8,10,Normal,Mild,Normal
2,2,1,2,2,1,1,1,2,3,3,2,3,3,1,2,3,2,1,3,3,34,24,28,Extremely Severe,Extremely Severe,Severe
3,2,1,1,0,1,0,0,3,1,3,0,2,3,0,3,3,2,1,0,3,26,14,24,Severe,Moderate,Moderate
1,0,2,2,3,1,0,1,3,2,2,3,3,2,1,2,3,2,0,3,1,32,18,24,Extremely Severe,Severe,Moderate
0,0,0,0,0,0,0,0,0,0,0,0,0,0,0,0,0,0,0,0,0,0,0,0,Normal,Normal,Normal
0,1,1,0,2,1,0,0,1,0,2,0,1,2,0,1,0,1,0,1,0,10,6,12,Mild,Normal,Normal
2,3,0,0,2,3,1,1,3,3,3,1,2,3,1,3,1,1,0,1,1,24,18,28,Severe,Severe,Severe
0,1,0,0,0,0,0,0,0,1,1,1,0,1,0,1,0,0,0,0,0,4,2,6,Normal,Normal,Normal
0,0,0,0,1,1,0,0,0,0,1,0,1,0,0,1,1,0,0,0,0,8,0,4,Normal,Normal,Normal
3,3,1,3,3,2,1,2,3,2,3,3,3,2,0,2,2,2,1,3,2,30,28,34,Extremely Severe,Extremely Severe,Extremely Severe
1,2,1,2,2,2,3,3,2,2,1,0,2,0,0,1,2,1,0,1,2,24,20,16,Severe,Extremely Severe,Mild
3,2,1,2,2,3,1,3,3,1,3,3,2,3,1,1,2,2,1,3,2,22,26,40,Severe,Extremely Severe,Extremely Severe
2,2,1,2,1,2,3,2,3,1,2,2,1,3,1,1,1,2,3,1,1,14,30,30,Moderate,Extremely Severe,Severe
1,2,1,3,2,1,0,0,1,0,1,1,1,0,0,1,0,3,0,2,0,10,16,14,Mild,Severe,Normal
2,1,1,1,0,2,0,2,0,0,2,2,1,3,0,0,0,2,0,0,0,4,4,30,Normal,Normal,Severe
2,2,0,2,2,3,1,3,3,1,1,3,0,3,2,0,1,3,2,2,2,12,28,36,Mild,Extremely Severe,Extremely Severe
2,2,1,2,2,0,3,1,3,3,2,2,3,3,2,3,3,3,3,2,2,34,34,26,Extremely Severe,Extremely Severe,Severe
2,1,3,0,3,0,1,1,0,3,2,0,3,2,1,3,3,2,0,3,3,42,12,18,Extremely Severe,Moderate,Mild
1,0,0,0,0,1,0,0,1,0,0,0,0,1,0,0,0,1,0,0,0,0,2,8,Normal,Normal,Normal
0,1,0,0,1,1,0,1,0,0,1,1,1,1,1,0,2,2,0,0,0,8,4,14,Normal,Normal,Normal
1,0,0,0,1,1,0,0,0,0,1,0,1,3,0,0,1,0,0,0,0,6,0,12,Normal,Normal,Normal
2,1,2,0,2,2,1,2,2,3,2,2,3,3,0,3,2,3,0,3,3,36,14,32,Extremely Severe,Moderate,Severe
1,0,3,3,3,2,2,2,3,3,3,2,2,2,2,3,2,0,0,1,3,38,22,24,Extremely Severe,Extremely Severe,Moderate
3,0,3,3,3,3,3,3,3,3,3,3,3,3,1,3,3,3,1,3,2,40,28,42,Extremely Severe,Extremely Severe,Extremely Severe
1,0,1,1,1,1,1,3,2,3,3,1,3,1,1,3,3,3,1,1,3,34,14,26,Extremely Severe,Moderate,Severe
3,3,2,1,1,2,0,1,2,2,2,3,2,0,0,3,2,1,0,0,3,30,12,24,Extremely Severe,Moderate,Moderate
3,2,1,1,2,2,1,2,1,3,2,1,3,2,2,3,3,2,0,1,3,36,16,28,Extremely Severe,Severe,Severe
1,1,0,1,0,1,2,0,2,0,0,1,1,1,1,0,1,3,0,1,0,4,16,14,Normal,Severe,Normal
1,0,1,0,3,0,0,2,1,0,0,2,1,0,0,0,0,1,2,0,1,12,6,12,Mild,Normal,Normal
1,0,0,0,0,0,0,0,0,0,1,0,1,0,0,0,1,0,0,0,0,4,0,4,Normal,Normal,Normal
3,2,3,2,3,3,3,3,3,2,3,3,3,3,3,3,2,3,3,3,1,34,38,42,Extremely Severe,Extremely Severe,Extremely Severe
2,0,3,0,2,1,1,2,2,3,3,1,3,0,0,3,1,2,0,2,1,32,10,22,Extremely Severe,Moderate,Moderate
2,1,3,2,2,1,3,2,0,1,3,2,0,1,2,2,3,3,2,0,0,22,20,28,Severe,Extremely Severe,Severe
1,0,1,1,0,0,0,1,0,0,1,1,0,1,0,0,0,0,0,1,0,2,4,10,Normal,Normal,Normal
2,1,3,1,1,2,1,2,1,2,2,3,2,2,0,3,2,0,0,2,1,28,12,26,Extremely Severe,Moderate,Severe
1,1,0,1,1,1,0,1,1,0,1,2,1,0,0,1,1,1,0,1,0,8,8,14,Normal,Mild,Normal
1,1,1,0,1,0,0,1,1,1,2,1,1,1,1,0,0,1,0,2,0,8,10,14,Normal,Moderate,Normal
1,0,0,0,0,0,0,1,1,0,1,0,0,0,0,0,0,1,0,0,0,0,2,8,Normal,Normal,Normal
2,1,1,1,3,2,0,3,1,1,3,3,2,0,1,1,0,1,1,2,0,16,14,28,Moderate,Moderate,Severe
1,0,0,0,1,0,0,1,0,1,2,0,1,0,0,1,2,1,0,1,0,12,2,10,Mild,Normal,Normal
1,1,0,0,0,1,0,0,2,0,1,1,1,1,1,1,2,0,0,2,0,8,12,10,Normal,Moderate,Normal
1,0,0,0,0,2,0,0,2,0,1,0,1,1,0,1,2,2,1,2,0,8,10,14,Normal,Moderate,Normal
2,0,2,0,2,2,0,1,1,1,1,1,1,3,1,2,3,1,0,1,2,26,6,22,Severe,Normal,Moderate
2,0,2,2,3,2,2,3,3,2,2,2,2,2,1,2,2,3,3,3,3,32,28,32,Extremely Severe,Extremely Severe,Severe
2,1,3,3,3,3,2,3,2,3,3,2,3,3,2,2,3,1,1,3,3,40,28,34,Extremely Severe,Extremely Severe,Extremely Severe
0,0,2,0,1,0,0,0,1,0,2,0,1,0,1,0,1,0,0,0,0,10,4,4,Mild,Normal,Normal
2,1,0,0,0,1,2,0,2,0,1,0,0,0,0,1,1,2,0,3,1,6,16,12,Normal,Severe,Normal
1,2,0,3,1,3,2,3,3,1,2,3,1,2,1,1,0,1,2,3,0,8,32,30,Normal,Extremely Severe,Severe
2,1,1,1,2,1,1,2,2,2,2,1,3,1,2,2,3,1,1,3,2,30,22,20,Extremely Severe,Extremely Severe,Moderate
1,1,1,1,1,1,1,0,1,0,1,1,1,1,1,2,0,1,0,1,0,10,12,12,Mild,Moderate,Normal
0,0,0,0,0,0,1,0,1,0,0,0,0,0,1,0,0,0,0,0,0,0,6,0,Normal,Normal,Normal
1,0,1,0,0,1,0,1,1,1,1,1,1,0,1,1,1,0,0,1,1,12,6,10,Mild,Normal,Normal
0,1,1,2,2,1,1,3,3,2,2,3,2,0,2,1,1,0,2,2,1,20,26,18,Moderate,Extremely Severe,Mild
3,3,1,3,2,2,3,2,3,2,3,3,3,2,1,3,3,3,2,3,2,32,36,36,Extremely Severe,Extremely Severe,Extremely Severe
3,0,0,3,2,3,3,3,3,2,3,1,3,3,1,1,1,2,3,3,1,20,32,36,Moderate,Extremely Severe,Extremely Severe
2,1,0,0,1,1,0,2,1,0,1,0,1,3,1,2,1,3,0,0,0,10,6,24,Mild,Normal,Moderate
1,3,1,0,1,2,0,0,3,1,2,2,1,1,1,1,1,0,0,1,0,12,16,16,Mild,Severe,Mild
3,0,1,1,1,3,0,1,2,1,3,3,1,1,1,1,0,2,1,2,0,10,14,32,Mild,Moderate,Severe
2,2,2,0,3,1,3,3,3,3,3,2,3,2,2,3,3,2,0,3,3,40,26,30,Extremely Severe,Extremely Severe,Severe
2,1,2,3,0,0,1,2,3,0,1,3,2,1,3,1,0,0,2,2,1,12,30,18,Mild,Extremely Severe,Mild
0,0,0,0,1,1,0,0,3,3,1,3,0,2,0,0,0,2,2,0,0,8,10,18,Normal,Moderate,Mild
3,0,1,0,2,2,0,2,2,1,3,0,3,3,1,2,3,1,0,1,2,28,8,28,Extremely Severe,Mild,Severe
3,3,3,3,3,3,3,3,3,3,3,3,3,3,1,3,3,3,3,3,3,42,38,42,Extremely Severe,Extremely Severe,Extremely Severe
2,0,1,2,3,1,3,2,3,1,3,3,3,1,0,3,3,2,0,1,1,30,18,28,Extremely Severe,Severe,Severe
3,0,3,1,3,3,0,3,0,3,3,3,3,3,1,3,3,3,1,3,3,42,12,42,Extremely Severe,Moderate,Extremely Severe
1,0,1,0,1,0,1,1,2,1,3,1,1,1,0,1,1,0,1,1,0,12,10,14,Mild,Moderate,Normal
3,3,3,2,3,3,1,3,3,3,3,3,3,3,3,3,3,3,3,3,3,42,36,42,Extremely Severe,Extremely Severe,Extremely Severe
3,1,2,1,2,3,3,3,3,3,3,2,3,3,1,3,3,2,0,2,3,38,22,38,Extremely Severe,Extremely Severe,Extremely Severe
1,1,2,1,2,1,0,2,1,2,2,1,3,1,1,3,2,1,0,1,1,30,10,18,Extremely Severe,Moderate,Mild
3,0,3,0,3,3,3,3,2,3,3,1,3,3,0,2,3,3,0,3,3,40,16,38,Extremely Severe,Severe,Extremely Severe
1,2,0,1,1,2,1,1,2,1,2,0,1,2,0,2,2,1,0,1,1,16,14,18,Moderate,Moderate,Mild
0,0,0,0,0,0,0,0,0,0,0,0,0,0,0,0,0,0,0,0,0,0,0,0,Normal,Normal,Normal
2,1,1,2,1,2,1,2,2,1,2,3,0,2,0,1,2,1,3,2,2,16,22,28,Moderate,Extremely Severe,Severe
1,0,0,0,1,1,0,1,2,1,2,1,0,2,0,0,3,1,1,2,0,10,10,18,Mild,Moderate,Mild
1,1,2,2,2,3,2,3,1,3,3,0,2,2,2,2,3,2,0,0,3,34,16,28,Extremely Severe,Severe,Severe
1,1,0,0,1,1,0,1,1,0,0,1,0,1,1,0,0,0,0,1,0,2,8,10,Normal,Mild,Normal
3,0,2,0,1,3,0,2,1,0,3,0,1,1,1,2,1,0,0,1,1,16,6,24,Moderate,Normal,Moderate
3,3,3,3,3,1,3,3,3,3,3,3,3,3,1,3,3,3,3,3,3,42,38,38,Extremely Severe,Extremely Severe,Extremely Severe
3,1,2,2,2,3,2,3,3,3,3,3,3,2,2,3,3,3,1,3,3,38,28,40,Extremely Severe,Extremely Severe,Extremely Severe
3,3,3,2,3,2,3,2,3,3,3,3,3,3,1,3,3,3,3,3,3,42,36,38,Extremely Severe,Extremely Severe,Extremely Severe
2,0,2,1,1,2,0,2,1,3,1,3,2,0,1,3,2,0,0,1,1,28,8,20,Extremely Severe,Mild,Moderate
2,0,3,2,3,2,1,1,2,3,2,1,3,2,1,3,3,2,0,2,3,42,16,24,Extremely Severe,Severe,Moderate
3,3,2,1,1,1,3,2,3,3,3,2,3,3,3,3,3,1,3,1,2,34,34,30,Extremely Severe,Extremely Severe,Severe
3,2,2,2,3,2,2,1,3,3,3,3,3,3,1,2,2,3,1,3,2,34,28,36,Extremely Severe,Extremely Severe,Extremely Severe
2,0,0,0,2,0,0,1,0,1,1,0,1,2,0,1,0,0,0,0,1,12,0,12,Mild,Normal,Normal
1,2,1,2,1,3,3,1,3,1,2,3,3,3,0,2,2,1,1,3,2,24,28,28,Severe,Extremely Severe,Severe
2,3,1,0,1,0,1,2,2,0,3,0,3,2,2,1,0,1,0,2,1,14,20,20,Moderate,Extremely Severe,Moderate
3,1,1,1,1,2,2,3,3,1,3,3,3,3,0,2,3,1,1,0,3,28,16,36,Extremely Severe,Severe,Extremely Severe
1,1,3,2,3,1,0,3,2,3,2,1,3,3,0,3,3,1,0,1,3,42,12,24,Extremely Severe,Moderate,Moderate
0,3,0,0,0,0,0,1,0,0,0,1,0,0,1,0,0,1,0,1,0,0,10,6,Normal,Moderate,Normal
1,0,0,0,1,1,0,0,0,1,0,0,1,2,0,1,1,0,0,0,1,12,0,8,Mild,Normal,Normal
2,1,1,2,2,2,2,1,1,3,3,1,3,1,1,2,3,3,1,2,2,32,20,26,Extremely Severe,Extremely Severe,Severe
1,1,3,1,2,1,2,2,2,2,2,2,2,1,2,3,3,1,1,2,3,36,22,20,Extremely Severe,Extremely Severe,Moderate
3,1,1,2,3,2,1,2,2,1,2,2,3,0,2,1,1,2,0,3,1,22,22,26,Severe,Extremely Severe,Severe
2,1,1,0,1,3,1,1,2,2,3,1,2,3,1,1,1,2,1,1,3,22,14,30,Severe,Moderate,Severe
2,2,1,0,2,3,0,3,3,0,2,3,3,3,1,3,3,3,0,0,1,26,12,38,Severe,Moderate,Extremely Severe
0,0,1,0,1,0,0,0,0,2,0,0,1,0,0,1,1,1,0,0,1,16,0,2,Moderate,Normal,Normal
3,3,3,1,3,3,1,3,3,3,3,3,3,3,1,3,3,3,1,3,3,42,26,42,Extremely Severe,Extremely Severe,Extremely Severe
2,2,1,1,2,2,2,1,2,2,2,2,3,1,2,2,2,2,1,2,3,30,24,24,Extremely Severe,Extremely Severe,Moderate
1,0,1,0,1,1,0,1,2,2,1,1,2,1,0,3,2,1,0,1,2,26,6,14,Severe,Normal,Normal
1,0,2,1,0,2,1,1,1,0,2,1,3,1,0,1,1,0,0,2,0,14,10,16,Moderate,Moderate,Mild
2,2,1,2,3,3,1,2,2,2,3,2,3,3,0,2,2,2,0,3,2,30,20,34,Extremely Severe,Extremely Severe,Extremely Severe
3,1,3,2,3,3,3,3,3,3,3,3,3,3,1,3,3,3,0,3,3,42,26,42,Extremely Severe,Extremely Severe,Extremely Severe
0,0,0,0,0,1,0,1,0,0,1,0,0,0,0,0,0,1,0,1,0,0,2,8,Normal,Normal,Normal
2,0,0,1,2,2,1,1,3,1,3,2,3,1,1,1,1,2,2,1,0,16,18,26,Moderate,Severe,Severe
3,0,0,1,1,2,0,1,2,1,2,1,1,2,0,1,2,1,0,1,1,14,8,24,Moderate,Mild,Moderate
2,0,2,1,2,2,0,2,1,1,2,2,2,2,0,2,2,2,2,1,1,24,10,28,Severe,Moderate,Severe
2,0,0,0,1,1,0,1,0,0,1,1,0,2,0,1,1,2,0,0,1,8,0,20,Normal,Normal,Moderate
2,0,1,0,1,1,2,1,1,0,2,1,2,1,0,1,0,1,0,0,1,12,6,18,Mild,Normal,Mild
0,0,0,1,1,0,1,2,1,1,0,0,2,0,1,2,2,0,1,1,2,20,12,4,Moderate,Moderate,Normal
3,3,2,3,3,3,1,2,3,3,3,3,3,3,1,2,3,2,2,3,3,38,32,38,Extremely Severe,Extremely Severe,Extremely Severe
1,0,0,0,1,1,0,1,1,0,1,1,0,0,0,0,0,1,0,0,0,2,2,12,Normal,Normal,Normal
1,0,0,0,1,0,0,0,0,0,1,0,1,1,0,0,1,2,0,1,0,6,2,10,Normal,Normal,Normal
1,1,2,1,0,1,0,1,1,1,2,1,3,1,0,0,2,2,0,1,2,20,8,18,Moderate,Mild,Mild
3,0,2,0,2,3,0,1,1,3,3,2,3,3,0,3,3,3,0,1,3,38,4,36,Extremely Severe,Normal,Extremely Severe
0,0,1,0,0,0,0,1,2,1,2,0,1,1,0,1,1,0,0,0,1,12,4,8,Mild,Normal,Normal
0,1,0,1,0,0,1,0,0,0,1,1,0,0,0,0,0,1,0,0,0,0,6,6,Normal,Normal,Normal
1,2,1,2,1,1,1,2,1,1,1,1,1,1,1,1,2,1,1,1,1,16,18,16,Moderate,Severe,Mild
0,0,0,1,2,2,1,2,1,2,0,0,2,2,2,0,0,2,1,1,0,12,14,16,Mild,Moderate,Mild
1,1,0,1,1,1,0,1,3,1,2,2,2,1,0,0,1,1,2,2,1,12,18,18,Mild,Severe,Mild
0,0,0,0,0,1,1,1,2,1,1,1,1,2,0,1,1,1,3,0,1,10,12,14,Mild,Moderate,Normal
1,3,2,0,1,1,1,1,2,1,2,1,1,1,0,2,1,1,0,1,0,16,14,16,Moderate,Moderate,Mild
1,1,0,0,1,0,0,0,2,0,0,1,1,2,1,0,1,2,2,1,0,6,14,12,Normal,Moderate,Normal
1,1,3,1,3,3,0,3,3,3,2,3,3,2,0,3,3,2,0,1,3,42,12,32,Extremely Severe,Moderate,Severe
0,2,0,0,1,0,0,0,2,0,0,0,0,2,0,0,0,1,1,1,0,2,12,6,Normal,Moderate,Normal
3,1,1,0,2,3,3,3,3,0,2,3,0,2,0,0,0,2,0,1,0,6,16,36,Normal,Severe,Extremely Severe
3,1,2,1,1,2,3,3,3,1,3,3,3,3,2,2,3,3,0,0,2,28,20,40,Extremely Severe,Extremely Severe,Extremely Severe
2,3,2,0,1,3,1,2,2,2,3,3,3,2,3,3,3,3,2,2,3,34,26,36,Extremely Severe,Extremely Severe,Extremely Severe
3,0,3,0,3,1,0,1,3,2,3,2,3,2,0,2,2,0,0,1,3,36,8,24,Extremely Severe,Mild,Moderate
0,0,0,0,1,0,0,0,1,0,0,0,1,1,0,0,2,0,0,0,0,8,2,2,Normal,Normal,Normal
0,0,0,0,0,0,0,1,0,0,0,0,0,1,0,0,0,1,0,0,0,0,0,6,Normal,Normal,Normal
0,1,1,0,0,0,0,0,1,0,0,0,1,1,0,1,0,0,0,1,0,6,6,2,Normal,Normal,Normal
1,3,3,0,3,1,0,2,2,3,2,2,3,2,0,1,3,0,0,0,3,38,10,20,Extremely Severe,Moderate,Moderate
1,1,0,0,1,0,1,0,1,0,2,0,0,1,0,1,1,1,0,1,0,6,8,10,Normal,Mild,Normal
3,1,2,2,3,2,2,1,1,2,3,3,3,3,3,3,3,0,3,2,3,38,28,30,Extremely Severe,Extremely Severe,Severe
1,2,1,1,0,1,0,0,2,2,1,0,1,3,0,1,1,1,1,0,0,12,12,14,Mild,Moderate,Normal
0,0,0,0,0,1,0,0,0,0,0,0,0,0,0,0,0,0,0,0,0,0,0,2,Normal,Normal,Normal
3,0,2,1,3,1,0,1,3,3,3,2,3,1,0,3,3,3,1,2,3,40,14,28,Extremely Severe,Moderate,Severe
1,0,0,0,1,1,0,1,0,0,0,1,0,0,0,0,0,1,1,0,0,2,2,10,Normal,Normal,Normal
2,3,3,2,3,3,2,2,3,3,3,3,3,3,2,2,3,3,3,3,3,40,36,38,Extremely Severe,Extremely Severe,Extremely Severe
3,1,1,1,3,2,1,1,2,2,3,2,2,1,3,2,3,3,3,1,1,28,24,30,Extremely Severe,Extremely Severe,Severe
0,3,0,0,0,1,0,0,0,0,0,0,0,1,0,0,0,0,2,0,0,0,10,4,Normal,Moderate,Normal
3,0,3,0,3,3,0,3,3,2,2,2,1,3,3,1,3,3,3,2,1,28,22,38,Extremely Severe,Extremely Severe,Extremely Severe
2,3,1,1,2,2,3,1,3,3,2,2,3,2,2,3,2,2,3,2,2,32,34,26,Extremely Severe,Extremely Severe,Severe
0,0,0,1,1,1,1,1,0,0,1,1,1,0,1,0,1,1,1,1,0,6,10,10,Normal,Moderate,Normal
3,1,2,0,2,2,2,3,3,1,2,1,3,0,1,2,3,1,2,2,3,32,22,24,Extremely Severe,Extremely Severe,Moderate
3,2,3,1,2,3,1,1,1,3,3,1,3,3,3,3,3,3,0,3,3,40,22,34,Extremely Severe,Extremely Severe,Extremely Severe
3,3,3,3,3,3,3,2,3,2,3,3,3,3,3,3,3,0,3,2,3,40,40,34,Extremely Severe,Extremely Severe,Extremely Severe
2,1,2,1,2,2,1,2,2,2,2,2,2,2,1,2,2,2,1,2,2,28,18,28,Extremely Severe,Severe,Severe
1,1,1,0,1,0,0,1,1,2,1,1,1,1,0,1,1,0,0,0,2,18,4,10,Moderate,Normal,Normal
3,1,2,2,2,3,3,3,2,2,3,3,3,2,1,1,2,2,2,3,1,26,28,38,Severe,Extremely Severe,Extremely Severe
1,2,2,1,2,2,2,3,2,2,2,2,3,3,2,2,2,2,3,2,2,30,28,30,Extremely Severe,Extremely Severe,Severe
1,1,1,0,1,1,1,1,2,2,1,2,2,3,0,1,1,2,1,2,1,18,14,22,Moderate,Moderate,Moderate
1,3,1,1,3,3,3,3,3,3,3,3,3,3,1,1,3,3,3,3,2,32,34,38,Extremely Severe,Extremely Severe,Extremely Severe
2,0,2,2,3,3,1,3,2,2,3,3,3,1,3,1,3,3,1,1,3,34,20,36,Extremely Severe,Extremely Severe,Extremely Severe
1,1,1,0,2,1,0,1,1,1,1,1,1,1,0,1,1,1,0,0,0,14,4,14,Moderate,Normal,Normal
3,2,2,3,2,3,3,3,3,3,3,3,2,3,3,2,3,3,3,3,2,32,40,42,Extremely Severe,Extremely Severe,Extremely Severe
2,2,2,1,2,2,1,2,2,3,1,1,3,3,2,3,3,2,1,0,3,38,18,26,Extremely Severe,Severe,Severe
2,2,2,3,1,3,2,2,3,1,3,2,3,3,3,3,2,3,0,1,3,30,28,36,Extremely Severe,Extremely Severe,Extremely Severe
2,3,0,2,1,2,2,2,2,0,2,2,0,2,1,0,1,2,3,0,0,4,26,28,Normal,Extremely Severe,Severe
2,2,1,1,1,1,1,1,2,2,1,1,2,1,1,1,2,1,0,2,2,22,18,16,Severe,Severe,Mild
1,1,1,1,1,1,1,1,0,1,2,1,1,1,0,1,1,1,1,1,1,14,10,16,Moderate,Moderate,Mild
1,0,0,1,1,2,0,1,1,1,1,0,2,2,0,1,1,1,0,1,0,12,6,16,Mild,Normal,Mild
1,3,2,1,2,2,2,2,2,1,3,2,2,1,2,1,3,2,0,3,2,26,26,26,Severe,Extremely Severe,Severe
1,0,0,0,0,1,0,0,0,0,1,0,0,1,0,1,0,1,0,1,0,2,2,10,Normal,Normal,Normal
3,1,2,0,1,3,0,1,1,0,0,2,0,0,0,2,0,0,0,2,2,14,8,18,Moderate,Mild,Mild
2,0,0,0,1,2,0,1,2,0,2,1,2,3,0,0,1,1,0,0,0,8,4,24,Normal,Normal,Moderate
3,3,2,3,2,1,2,3,3,1,3,3,3,0,1,2,2,1,1,2,2,28,30,28,Extremely Severe,Extremely Severe,Severe
2,2,3,1,1,1,1,1,3,3,2,2,2,1,1,2,3,3,0,2,3,34,20,24,Extremely Severe,Extremely Severe,Moderate
3,3,3,1,3,3,2,3,0,3,3,1,3,2,0,3,3,3,1,3,3,42,20,36,Extremely Severe,Extremely Severe,Extremely Severe
1,1,1,2,0,0,1,1,2,1,1,1,1,1,0,1,2,3,2,0,1,14,16,16,Moderate,Severe,Mild
1,0,2,2,3,2,2,3,2,3,3,2,3,1,0,3,3,3,2,3,2,38,22,30,Extremely Severe,Extremely Severe,Severe
2,3,1,0,1,2,0,1,2,1,1,1,1,3,1,3,2,1,0,0,1,20,12,22,Moderate,Moderate,Moderate
1,0,0,1,1,3,3,1,3,2,2,2,1,3,0,1,1,0,1,2,0,12,20,24,Mild,Extremely Severe,Moderate
2,0,1,0,2,3,0,1,3,3,2,2,3,0,2,3,1,1,2,2,3,32,18,22,Extremely Severe,Severe,Moderate
2,3,1,0,2,1,1,1,3,1,3,2,1,2,1,2,3,3,0,0,1,22,16,28,Severe,Severe,Severe
1,1,1,2,2,0,2,0,1,2,1,2,2,2,2,2,2,1,3,0,2,26,22,14,Severe,Extremely Severe,Normal
1,0,0,1,1,1,1,3,0,0,2,2,0,0,0,0,0,1,2,1,0,2,10,20,Normal,Moderate,Moderate
1,0,0,0,1,1,0,0,0,0,1,1,0,0,0,0,0,1,0,0,0,2,0,10,Normal,Normal,Normal
1,3,1,3,1,3,0,3,3,3,0,1,3,3,0,3,3,3,3,1,3,34,26,28,Extremely Severe,Extremely Severe,Severe
0,2,1,0,3,0,0,0,0,1,1,0,2,0,3,2,1,3,0,0,1,22,10,8,Severe,Moderate,Normal
3,0,3,3,3,3,3,3,3,3,3,2,3,3,2,3,3,3,0,3,3,42,28,40,Extremely Severe,Extremely Severe,Extremely Severe
1,0,0,0,1,1,0,1,1,0,1,0,0,1,0,0,0,1,0,0,0,2,2,12,Normal,Normal,Normal
1,0,0,0,1,1,0,0,0,1,1,0,1,1,1,1,1,1,0,0,1,12,2,10,Mild,Normal,Normal
3,0,2,0,2,1,0,1,0,2,2,3,3,2,0,2,3,2,0,0,2,32,0,28,Extremely Severe,Normal,Severe
2,1,0,0,0,1,0,0,2,0,1,0,1,2,1,0,1,3,1,1,0,4,12,18,Normal,Moderate,Mild
0,1,0,0,0,0,0,0,1,0,1,0,1,1,0,0,1,1,0,1,1,6,6,6,Normal,Normal,Normal
1,0,0,1,0,1,1,0,0,1,1,0,0,1,1,1,1,0,0,0,0,6,6,8,Normal,Normal,Normal
3,1,2,2,2,2,2,3,2,1,3,2,3,3,3,2,3,3,1,3,2,30,28,38,Extremely Severe,Extremely Severe,Extremely Severe
2,2,3,3,3,3,2,2,3,3,1,2,3,3,2,3,3,1,0,3,3,42,30,28,Extremely Severe,Extremely Severe,Severe
3,3,1,2,3,0,1,3,3,3,3,2,3,1,3,3,3,3,0,3,2,36,30,30,Extremely Severe,Extremely Severe,Severe
2,1,1,0,3,0,0,0,2,1,2,0,2,0,0,2,1,1,0,2,2,24,10,10,Severe,Moderate,Normal
1,1,0,0,0,2,1,3,2,0,0,2,1,0,1,0,0,1,2,0,0,2,14,18,Normal,Moderate,Mild
1,3,0,0,0,1,1,2,3,0,3,0,0,3,0,0,1,0,1,2,0,2,20,20,Normal,Extremely Severe,Moderate
1,2,0,0,1,1,1,0,1,1,2,1,2,1,1,2,1,1,3,1,1,16,18,14,Moderate,Severe,Normal
1,0,1,0,1,1,0,1,1,0,1,1,2,1,1,1,1,1,1,1,1,14,8,14,Moderate,Mild,Normal
1,0,1,0,0,0,0,0,0,1,0,0,0,2,0,0,0,1,0,1,0,4,2,8,Normal,Normal,Normal
1,1,0,0,0,0,1,0,0,0,1,0,1,1,0,0,0,0,1,0,0,2,6,6,Normal,Normal,Normal
0,0,1,0,0,1,0,1,0,1,0,1,2,0,0,0,0,0,0,1,0,8,2,6,Normal,Normal,Normal
1,0,1,1,1,1,1,3,2,0,2,3,0,2,0,1,1,1,1,1,0,8,12,26,Normal,Moderate,Severe
2,3,1,2,1,2,3,2,2,1,3,2,2,3,1,2,2,2,2,3,1,20,32,32,Moderate,Extremely Severe,Severe
0,0,0,0,1,0,0,1,2,1,1,0,1,1,0,1,1,1,0,1,1,12,6,8,Mild,Normal,Normal
2,3,1,2,3,3,1,2,2,2,3,2,3,3,3,2,3,1,3,1,3,34,30,32,Extremely Severe,Extremely Severe,Severe
2,2,2,0,1,1,1,2,2,1,3,3,2,2,0,2,0,2,0,2,1,18,14,30,Moderate,Moderate,Severe
1,1,1,1,1,1,1,1,1,1,1,1,1,1,1,1,1,1,1,1,0,12,14,14,Mild,Moderate,Normal
1,1,1,0,1,1,0,0,2,1,1,1,1,2,0,1,0,1,1,0,0,10,8,14,Mild,Mild,Normal
3,0,3,0,3,3,3,3,3,1,3,3,3,2,3,3,3,3,3,3,3,38,30,40,Extremely Severe,Extremely Severe,Extremely Severe
0,1,0,0,0,1,0,0,0,1,0,0,0,1,0,0,0,0,0,0,0,2,2,4,Normal,Normal,Normal
2,0,3,1,1,3,0,0,2,2,3,2,2,2,1,3,1,1,0,1,2,28,10,26,Extremely Severe,Moderate,Severe
1,0,1,1,1,2,1,1,2,1,1,1,1,2,2,0,1,0,2,2,0,10,20,16,Mild,Extremely Severe,Mild
1,1,0,0,0,1,0,0,1,0,1,0,0,1,0,0,1,1,0,1,0,2,6,10,Normal,Normal,Normal
0,1,2,0,2,1,1,0,1,3,0,0,3,1,2,3,2,0,0,0,2,34,10,4,Extremely Severe,Moderate,Normal
1,2,2,2,3,1,1,2,1,2,1,1,2,1,1,2,2,2,1,2,2,30,20,18,Extremely Severe,Extremely Severe,Mild
1,1,1,0,0,1,1,1,1,1,1,0,1,1,0,1,1,1,0,1,1,12,8,12,Mild,Mild,Normal
2,3,2,2,2,1,3,2,2,3,2,3,3,1,0,3,2,2,0,1,3,36,22,26,Extremely Severe,Extremely Severe,Severe
3,3,0,2,2,2,2,3,3,3,3,3,3,3,3,2,3,0,3,2,3,32,36,34,Extremely Severe,Extremely Severe,Extremely Severe
1,1,2,0,2,0,0,1,1,2,3,1,2,1,0,2,3,1,1,1,1,28,8,16,Extremely Severe,Mild,Mild
1,1,2,0,0,0,0,0,1,0,1,0,2,2,0,1,2,1,0,0,1,16,4,10,Moderate,Normal,Normal
3,1,1,1,2,3,3,2,2,0,3,3,3,3,2,0,2,3,3,2,3,22,28,40,Severe,Extremely Severe,Extremely Severe
0,0,1,0,1,1,1,1,2,1,1,1,2,2,0,1,1,2,2,1,0,14,12,16,Moderate,Moderate,Mild
2,0,1,2,1,2,1,1,2,1,2,2,2,3,1,0,3,2,1,1,1,18,16,28,Moderate,Severe,Severe
3,1,1,2,3,3,0,3,3,3,3,3,3,3,1,3,2,0,2,3,3,36,24,36,Extremely Severe,Extremely Severe,Extremely Severe
1,0,1,0,2,1,0,1,0,1,1,2,1,1,0,2,1,1,0,1,1,18,2,16,Moderate,Normal,Mild
2,2,3,0,3,2,0,1,1,2,3,2,3,1,0,3,3,3,1,1,3,40,10,28,Extremely Severe,Moderate,Severe
2,1,1,0,2,2,0,1,2,2,2,0,1,1,0,0,3,0,2,0,2,22,10,16,Severe,Moderate,Mild
1,2,2,1,1,1,1,1,0,2,1,0,1,2,1,2,2,1,2,1,2,24,16,14,Severe,Severe,Normal
1,0,0,0,1,1,0,1,1,0,1,0,0,0,0,0,0,0,0,0,0,2,2,8,Normal,Normal,Normal
1,0,0,0,1,0,1,0,0,0,2,0,1,3,0,1,3,3,0,0,1,14,2,18,Moderate,Normal,Mild
1,1,1,1,3,2,1,2,3,3,2,3,2,2,1,3,3,3,1,1,3,36,18,30,Extremely Severe,Severe,Severe
3,1,3,3,3,1,1,3,3,3,3,3,3,1,3,3,3,2,1,3,3,42,30,32,Extremely Severe,Extremely Severe,Severe
1,3,1,0,1,0,0,0,0,1,1,1,1,2,0,2,1,1,0,3,1,16,12,12,Moderate,Moderate,Normal
1,1,0,1,1,1,2,1,3,1,2,2,3,2,0,1,2,1,2,2,0,16,22,20,Moderate,Extremely Severe,Moderate
2,0,0,0,1,3,0,1,2,1,2,1,1,1,0,0,1,1,0,0,1,10,4,22,Mild,Normal,Moderate
2,2,2,0,3,2,1,3,3,0,2,3,2,3,1,1,0,2,2,0,0,16,18,34,Moderate,Severe,Extremely Severe
1,3,2,1,2,0,1,2,2,2,1,2,2,1,1,1,1,0,0,1,3,26,18,14,Severe,Severe,Normal
0,0,1,0,1,0,0,0,1,0,1,1,1,1,0,0,1,1,0,0,0,8,2,8,Normal,Normal,Normal
3,0,2,1,3,1,2,3,3,3,3,3,3,3,0,3,3,2,3,3,3,40,24,36,Extremely Severe,Extremely Severe,Extremely Severe
0,1,2,1,1,1,1,0,2,0,2,1,1,1,0,2,2,2,2,0,1,18,14,14,Moderate,Moderate,Normal
1,0,1,3,1,0,3,1,1,3,1,0,2,3,1,1,2,0,2,1,1,22,22,12,Severe,Extremely Severe,Normal
3,3,1,1,2,2,1,1,2,2,3,3,3,2,1,1,1,2,2,3,1,22,26,32,Severe,Extremely Severe,Severe
1,0,0,0,2,0,2,2,1,1,0,0,1,1,1,1,1,0,1,0,1,14,10,8,Moderate,Moderate,Normal
1,0,0,0,0,1,0,0,1,0,1,1,1,1,0,0,0,1,0,2,0,2,6,12,Normal,Normal,Normal
2,0,1,1,2,2,1,1,3,2,1,1,2,2,1,2,3,3,3,1,3,30,20,24,Extremely Severe,Extremely Severe,Moderate
2,0,0,0,0,1,0,0,0,2,1,0,1,1,0,1,0,1,0,0,0,8,0,12,Normal,Normal,Normal
2,2,1,0,1,3,0,0,2,1,3,0,1,2,0,1,2,3,0,0,1,16,8,26,Moderate,Mild,Severe
1,1,1,1,2,1,0,1,0,0,3,0,2,0,0,3,3,1,0,0,0,22,4,14,Severe,Normal,Normal
2,3,0,1,1,2,0,1,2,2,2,1,2,3,0,2,2,0,2,2,2,22,20,22,Severe,Extremely Severe,Moderate
0,0,0,0,0,0,0,2,1,0,1,1,1,0,0,1,0,0,0,0,1,6,2,8,Normal,Normal,Normal
3,1,1,3,2,3,2,2,2,2,3,2,3,3,2,2,2,2,2,3,1,26,30,36,Severe,Extremely Severe,Extremely Severe
2,1,2,1,2,2,1,1,2,3,3,1,3,2,1,3,2,2,2,3,3,36,22,26,Extremely Severe,Extremely Severe,Severe
0,2,3,0,2,0,1,1,1,3,0,0,2,0,1,2,2,0,1,1,1,30,14,2,Extremely Severe,Moderate,Normal
2,2,1,1,2,2,1,2,1,2,3,1,3,1,2,2,1,1,1,1,1,24,18,24,Severe,Severe,Moderate
0,2,2,0,1,0,0,1,2,1,0,0,1,0,0,3,0,1,1,0,0,16,10,4,Moderate,Moderate,Normal
2,2,1,2,2,1,2,2,2,0,1,2,3,1,1,3,0,1,2,2,1,20,26,20,Moderate,Extremely Severe,Moderate
3,3,3,3,2,3,2,1,2,3,3,2,3,0,2,3,3,3,1,3,3,40,32,30,Extremely Severe,Extremely Severe,Severe
1,2,1,1,1,3,2,1,2,2,1,3,3,1,1,3,1,3,2,3,3,28,26,26,Extremely Severe,Extremely Severe,Severe
1,1,0,1,1,1,1,2,3,3,2,0,1,2,0,1,3,3,0,1,2,22,14,22,Severe,Moderate,Moderate
3,1,1,1,2,3,1,2,1,1,2,2,2,3,2,1,3,2,1,2,1,22,18,34,Severe,Severe,Extremely Severe
3,1,0,1,0,2,1,2,1,1,2,1,1,2,0,1,1,1,0,1,0,8,10,26,Normal,Moderate,Severe
1,0,0,1,2,2,2,0,1,1,3,1,1,1,1,2,2,1,0,1,0,16,12,18,Moderate,Moderate,Mild
3,0,1,3,2,3,2,3,3,2,2,3,2,3,1,2,3,1,1,3,2,28,26,36,Extremely Severe,Extremely Severe,Extremely Severe
2,3,2,2,3,3,1,2,2,2,3,2,3,3,1,2,3,3,1,3,1,32,26,36,Extremely Severe,Extremely Severe,Extremely Severe
1,3,1,0,3,1,2,2,2,3,1,2,2,1,0,3,3,0,0,1,1,32,16,16,Extremely Severe,Severe,Mild
3,0,2,2,2,2,2,2,1,3,2,2,3,0,1,0,3,0,0,0,3,32,12,22,Extremely Severe,Moderate,Moderate
1,2,0,0,1,2,0,0,2,2,3,2,3,1,0,2,1,1,0,2,1,20,12,20,Moderate,Moderate,Moderate
3,2,3,3,3,2,2,3,3,3,3,2,3,3,1,3,3,3,2,2,3,42,30,38,Extremely Severe,Extremely Severe,Extremely Severe
2,3,2,2,1,1,2,2,1,2,1,2,3,3,2,3,3,3,1,2,2,32,26,28,Extremely Severe,Extremely Severe,Severe
1,2,1,2,1,2,0,2,1,2,2,0,2,2,1,2,1,2,0,1,1,20,14,22,Moderate,Moderate,Moderate
3,3,3,3,3,2,3,3,3,3,3,3,3,3,3,3,2,0,2,1,3,40,36,34,Extremely Severe,Extremely Severe,Extremely Severe
0,0,0,0,1,1,0,0,1,0,0,0,1,1,0,0,0,0,0,0,0,4,2,4,Normal,Normal,Normal
3,1,1,1,2,2,2,2,2,1,2,2,2,2,0,0,2,2,2,2,1,18,20,30,Moderate,Extremely Severe,Severe
3,0,3,0,3,2,0,2,3,3,2,0,3,0,0,3,3,3,0,3,3,42,12,24,Extremely Severe,Moderate,Moderate
2,0,1,0,1,1,0,1,1,3,3,1,3,0,0,3,3,0,0,1,3,34,4,16,Extremely Severe,Normal,Mild
3,1,1,0,2,1,1,0,3,1,3,2,3,1,0,2,3,3,2,3,1,26,20,26,Severe,Extremely Severe,Severe
1,0,3,0,3,3,3,3,3,3,0,3,3,3,1,3,3,0,2,3,3,42,24,26,Extremely Severe,Extremely Severe,Severe
1,2,0,0,0,0,0,0,1,0,0,1,1,1,0,1,0,0,1,0,0,4,8,6,Normal,Mild,Normal
1,0,2,0,1,0,0,0,2,1,1,2,1,0,0,1,3,0,1,1,1,20,8,8,Moderate,Mild,Normal
0,0,0,0,0,0,0,0,0,1,0,0,1,0,0,0,0,0,0,0,0,4,0,0,Normal,Normal,Normal
2,3,1,1,3,1,0,1,3,3,2,1,2,1,1,3,3,1,0,1,3,36,18,18,Extremely Severe,Severe,Mild
2,1,3,2,3,3,3,2,2,3,3,3,3,1,1,2,3,3,1,3,3,40,26,34,Extremely Severe,Extremely Severe,Extremely Severe
1,2,1,0,1,2,0,2,0,2,2,1,3,1,2,2,3,2,1,1,2,28,12,22,Extremely Severe,Moderate,Moderate
3,0,1,1,1,1,0,2,3,2,2,1,2,1,0,2,1,2,0,2,1,20,12,24,Moderate,Moderate,Moderate
3,0,2,1,2,3,1,3,2,2,3,2,3,3,1,3,3,2,0,1,3,36,12,38,Extremely Severe,Moderate,Extremely Severe
2,2,1,2,3,2,3,1,2,2,3,2,2,3,2,1,3,2,2,2,2,28,30,30,Extremely Severe,Extremely Severe,Severe
0,0,0,0,0,0,0,1,0,0,0,0,1,0,0,0,0,0,0,0,0,2,0,2,Normal,Normal,Normal
0,0,0,0,0,0,0,0,0,0,1,0,0,0,0,0,0,1,1,0,0,0,2,4,Normal,Normal,Normal
3,2,3,2,3,3,2,3,2,2,3,2,3,3,2,2,3,3,2,2,2,36,28,40,Extremely Severe,Extremely Severe,Extremely Severe
2,0,2,0,2,1,0,2,0,1,2,0,2,1,0,1,1,1,0,0,1,20,0,18,Moderate,Normal,Mild
1,2,2,2,2,2,1,1,1,1,2,1,1,2,1,1,2,2,1,0,1,20,16,22,Moderate,Severe,Moderate
2,3,1,0,1,1,1,2,3,1,3,1,2,2,1,1,2,1,3,2,1,18,26,24,Moderate,Extremely Severe,Moderate
0,0,3,0,0,0,0,1,1,0,0,1,2,0,0,2,1,0,0,0,3,22,2,4,Severe,Normal,Normal
0,0,0,0,0,0,0,0,0,0,0,0,0,0,0,0,0,0,2,0,0,0,4,0,Normal,Normal,Normal
1,1,2,0,1,1,1,1,1,2,2,0,1,2,0,0,1,1,0,1,1,16,8,16,Moderate,Mild,Mild
2,0,3,1,3,2,1,2,3,1,2,2,3,1,0,3,1,1,2,2,1,30,18,24,Extremely Severe,Severe,Moderate
2,3,1,0,3,2,1,1,3,3,2,2,1,2,0,0,1,3,0,1,1,20,16,28,Moderate,Severe,Severe
2,0,1,2,3,3,2,2,1,1,2,3,2,2,2,2,2,0,2,3,1,24,24,28,Severe,Extremely Severe,Severe
1,2,0,2,3,1,1,1,2,1,1,1,2,2,0,2,3,0,3,2,2,26,24,14,Severe,Extremely Severe,Normal
1,0,1,0,1,1,0,1,3,1,3,2,1,2,1,1,2,2,0,2,2,18,12,24,Moderate,Moderate,Moderate
1,2,0,0,1,1,0,1,3,0,1,1,0,1,0,0,1,1,0,1,0,4,12,14,Normal,Moderate,Normal
3,2,3,3,3,3,3,2,3,3,3,3,3,3,3,3,3,1,2,3,3,42,38,36,Extremely Severe,Extremely Severe,Extremely Severe
1,0,1,1,0,1,0,3,1,1,2,1,2,3,1,1,1,0,1,1,3,18,10,22,Moderate,Moderate,Moderate
3,1,3,1,3,1,3,2,2,3,2,3,3,1,1,3,3,3,2,1,3,42,22,30,Extremely Severe,Extremely Severe,Severe
2,0,1,0,3,2,0,1,3,2,2,1,2,3,0,1,2,3,0,1,2,26,8,28,Severe,Mild,Severe
3,1,1,2,2,1,1,1,2,2,3,2,3,2,0,1,2,0,0,3,3,28,18,24,Extremely Severe,Severe,Moderate
2,1,2,3,3,3,3,2,2,3,3,2,3,3,1,3,3,2,3,3,3,40,32,34,Extremely Severe,Extremely Severe,Extremely Severe
3,1,2,3,3,2,2,3,3,3,3,2,3,3,2,1,3,3,1,3,3,36,30,38,Extremely Severe,Extremely Severe,Extremely Severe
2,3,1,2,3,2,3,2,3,3,3,3,3,1,1,2,3,1,1,3,3,36,32,28,Extremely Severe,Extremely Severe,Severe
1,0,0,0,0,1,0,1,2,0,2,3,2,1,0,3,0,2,1,1,0,10,8,22,Mild,Mild,Moderate
3,0,3,2,3,3,3,2,0,1,3,3,3,3,1,3,3,3,1,3,1,34,20,40,Extremely Severe,Extremely Severe,Extremely Severe
2,0,0,1,0,1,1,1,2,1,2,1,1,1,0,0,3,3,2,1,3,16,14,22,Moderate,Moderate,Moderate
1,1,0,1,0,1,0,0,0,0,0,1,0,2,0,0,0,1,0,1,0,0,6,12,Normal,Normal,Normal
2,2,2,0,3,2,0,3,2,3,2,1,3,3,0,3,2,3,0,0,2,36,8,32,Extremely Severe,Mild,Severe
0,1,0,0,1,0,0,0,1,1,0,0,0,0,0,0,2,0,0,0,0,8,4,0,Normal,Normal,Normal
1,3,3,3,3,3,3,3,3,3,3,3,3,1,1,3,3,1,3,2,3,42,36,30,Extremely Severe,Extremely Severe,Severe
1,3,1,3,2,1,2,2,2,3,1,3,3,3,3,3,3,2,3,1,3,36,34,26,Extremely Severe,Extremely Severe,Severe
0,1,0,0,1,0,0,1,0,1,0,0,0,2,0,3,2,3,2,0,2,18,6,12,Moderate,Normal,Normal
3,3,1,1,3,3,1,2,3,2,3,3,2,3,2,1,3,3,2,3,1,26,30,40,Severe,Extremely Severe,Extremely Severe
2,2,3,0,2,2,1,1,1,2,2,1,3,2,0,3,3,1,1,1,1,34,12,22,Extremely Severe,Moderate,Moderate
1,1,0,1,1,3,2,2,1,2,2,2,2,1,1,2,3,2,1,2,3,26,18,26,Severe,Severe,Severe
2,1,1,0,1,1,0,1,0,0,1,0,1,2,1,1,0,2,0,0,0,8,4,18,Normal,Normal,Mild
1,0,1,0,2,1,0,1,1,1,1,2,1,0,1,1,1,1,0,1,1,16,6,14,Moderate,Normal,Normal
3,0,1,1,3,3,0,1,2,3,3,2,3,2,0,2,3,2,0,1,3,36,8,32,Extremely Severe,Mild,Severe
2,1,1,0,0,2,0,3,2,0,3,1,1,3,1,1,0,2,0,0,0,6,8,32,Normal,Mild,Severe
0,1,1,1,1,3,1,3,3,1,2,2,1,1,0,2,1,3,2,2,0,14,20,28,Moderate,Extremely Severe,Severe
3,0,1,0,3,1,0,2,2,2,2,1,1,2,0,0,1,1,0,0,1,18,4,24,Moderate,Normal,Moderate
1,0,1,0,1,0,0,1,1,0,0,0,0,0,1,0,0,1,3,0,0,4,10,6,Normal,Moderate,Normal
0,2,0,0,1,1,0,2,1,0,1,2,0,1,0,0,0,0,0,0,0,2,6,14,Normal,Normal,Normal
2,2,2,2,2,2,1,3,2,2,2,2,2,3,2,1,2,2,2,1,2,26,24,32,Severe,Extremely Severe,Severe
3,3,3,2,2,3,1,3,3,3,3,2,3,3,2,3,2,0,1,2,1,34,28,34,Extremely Severe,Extremely Severe,Extremely Severe
0,0,0,0,0,0,1,0,1,0,0,0,0,0,0,0,0,0,0,0,0,0,4,0,Normal,Normal,Normal
2,1,0,3,1,1,3,1,2,1,3,3,1,3,0,2,3,2,1,3,3,22,26,30,Severe,Extremely Severe,Severe
3,2,3,1,3,3,1,2,3,3,3,2,3,3,1,3,3,3,3,2,3,42,26,38,Extremely Severe,Extremely Severe,Extremely Severe
0,0,1,0,2,0,0,0,0,3,0,0,1,0,2,3,3,0,2,0,2,30,8,0,Extremely Severe,Mild,Normal
3,0,1,0,1,1,1,2,1,1,2,1,1,2,0,1,1,1,0,1,1,14,6,24,Moderate,Normal,Moderate
3,1,3,1,3,2,2,3,1,2,3,1,3,1,3,3,3,3,0,3,2,38,22,32,Extremely Severe,Extremely Severe,Severe
3,3,3,3,3,1,3,3,3,3,3,3,3,2,2,3,3,0,3,3,3,42,40,30,Extremely Severe,Extremely Severe,Severe
2,2,2,3,3,2,1,2,3,2,3,2,1,1,0,2,3,3,1,1,2,30,22,30,Extremely Severe,Extremely Severe,Severe
3,3,3,3,3,2,3,3,3,3,3,3,3,2,3,3,3,3,3,3,3,42,42,38,Extremely Severe,Extremely Severe,Extremely Severe
3,0,2,2,0,1,0,2,1,3,3,2,1,2,2,1,3,1,1,1,2,24,14,28,Severe,Moderate,Severe
1,0,0,0,1,1,0,0,0,0,1,0,0,1,0,1,0,1,0,0,0,4,0,10,Normal,Normal,Normal
1,0,0,0,1,0,1,1,0,0,1,1,2,1,0,0,0,1,0,0,0,6,2,12,Normal,Normal,Normal
3,0,1,1,2,2,1,1,1,1,2,0,1,1,1,1,1,1,1,0,1,16,10,20,Moderate,Moderate,Moderate
1,3,0,1,1,0,1,1,1,1,0,1,1,0,0,1,1,0,3,0,1,12,18,6,Mild,Severe,Normal
3,3,3,3,3,3,3,3,2,3,3,3,3,3,1,3,3,3,1,2,3,42,30,42,Extremely Severe,Extremely Severe,Extremely Severe
3,3,1,1,1,1,1,2,2,1,3,1,1,0,0,1,1,0,2,2,1,14,22,20,Moderate,Extremely Severe,Moderate
2,1,1,0,0,2,0,1,2,1,2,0,1,2,0,1,0,2,0,0,0,8,6,22,Normal,Normal,Moderate
0,0,1,0,0,1,0,1,0,0,3,0,2,1,0,1,1,0,2,1,1,12,6,12,Mild,Normal,Normal
1,1,0,1,0,1,1,1,1,0,1,1,0,1,0,0,0,1,1,1,0,0,12,14,Normal,Moderate,Normal
1,1,0,1,1,2,1,1,1,1,2,2,1,1,1,2,1,1,0,0,1,14,10,20,Moderate,Moderate,Moderate
2,0,2,0,2,1,0,0,1,0,1,1,2,0,1,1,1,2,0,0,0,16,4,14,Moderate,Normal,Normal
2,2,2,2,3,2,2,2,2,2,3,3,3,3,1,3,3,0,0,2,3,38,22,30,Extremely Severe,Extremely Severe,Severe
1,0,1,0,0,0,1,1,1,2,1,2,1,0,0,0,0,2,1,1,2,12,8,14,Mild,Mild,Normal
1,0,1,0,2,1,0,0,1,3,0,1,1,0,0,1,3,0,1,2,1,24,8,6,Severe,Mild,Normal
2,3,1,0,1,1,0,2,1,0,2,1,2,1,0,2,1,3,0,1,0,14,10,24,Moderate,Moderate,Moderate
2,2,1,1,1,2,1,1,2,2,2,1,1,2,0,2,2,2,0,2,1,20,16,24,Moderate,Severe,Moderate
2,1,1,1,0,2,3,1,3,1,2,2,1,3,0,0,1,3,2,1,0,8,22,30,Normal,Extremely Severe,Severe
0,2,0,2,2,0,2,2,3,2,1,2,2,2,1,3,1,3,1,2,0,20,26,20,Moderate,Extremely Severe,Moderate
1,1,0,0,2,2,0,1,2,0,2,1,1,1,0,1,0,1,0,1,0,8,8,18,Normal,Mild,Mild
1,0,1,0,1,3,0,3,3,1,3,1,3,1,2,1,2,1,3,3,1,20,22,26,Moderate,Extremely Severe,Severe
1,0,1,1,0,0,0,1,0,2,1,1,1,0,0,1,1,0,0,0,0,12,2,8,Mild,Normal,Normal
3,3,0,0,0,0,0,3,3,0,3,1,3,1,1,1,1,0,3,3,0,10,26,22,Mild,Extremely Severe,Moderate
1,0,1,0,1,1,0,1,1,1,0,1,1,0,0,1,2,2,1,0,1,16,4,12,Moderate,Normal,Normal
2,0,1,0,3,3,1,2,2,3,3,1,3,1,3,3,3,0,3,0,0,32,18,24,Extremely Severe,Severe,Moderate
2,2,1,0,3,0,0,1,0,2,2,0,2,0,0,3,3,0,0,0,3,34,4,10,Extremely Severe,Normal,Normal
0,0,0,0,1,2,0,1,3,1,1,3,1,3,0,0,0,1,2,1,0,6,12,22,Normal,Moderate,Moderate
1,0,0,0,2,1,1,0,0,0,2,1,1,1,0,0,0,1,0,1,0,6,4,14,Normal,Normal,Normal
0,0,0,0,0,1,1,0,0,0,1,1,0,2,1,0,0,0,1,0,0,0,6,10,Normal,Normal,Normal
3,1,0,0,1,1,0,1,1,0,3,0,1,2,0,2,3,0,2,0,0,14,8,20,Moderate,Mild,Moderate
3,1,3,0,2,0,0,1,1,2,1,0,3,2,1,3,3,1,0,1,2,36,8,16,Extremely Severe,Mild,Mild
2,2,2,2,2,3,2,2,2,1,2,2,3,3,2,2,3,2,2,3,1,28,30,32,Extremely Severe,Extremely Severe,Severe
1,0,2,0,1,0,0,1,0,2,0,0,1,0,0,2,1,0,0,0,3,24,0,4,Severe,Normal,Normal
1,3,1,2,1,1,3,2,3,1,2,1,1,3,1,1,1,1,3,1,1,14,32,22,Moderate,Extremely Severe,Moderate
3,1,1,1,3,1,2,2,3,3,3,1,2,3,1,2,0,3,1,1,1,24,20,32,Severe,Extremely Severe,Severe
1,0,1,0,1,1,0,1,1,1,1,1,1,0,0,2,0,1,0,1,0,12,4,12,Mild,Normal,Normal
1,2,1,1,0,2,0,1,0,0,3,0,3,2,0,1,1,2,0,0,0,12,6,22,Mild,Normal,Moderate
2,3,2,0,2,3,0,1,3,0,3,3,3,0,0,2,2,0,3,3,0,22,24,24,Severe,Extremely Severe,Moderate
1,1,0,1,1,1,0,1,2,1,1,1,0,1,0,1,0,0,1,1,0,6,12,12,Normal,Moderate,Normal
2,0,1,0,1,1,0,0,0,2,2,0,1,1,0,0,1,1,0,1,2,16,2,14,Moderate,Normal,Normal
1,0,3,0,0,2,0,1,2,0,1,0,0,3,0,1,0,3,0,0,1,10,4,22,Mild,Normal,Moderate
3,1,0,0,0,1,1,0,3,3,1,1,0,3,0,2,0,1,0,2,0,10,14,20,Mild,Moderate,Moderate
3,1,2,2,1,1,0,1,2,0,1,3,2,1,0,1,3,0,1,1,2,22,14,20,Severe,Moderate,Moderate
0,1,0,0,0,1,0,0,1,0,0,0,0,2,0,0,1,1,0,0,0,2,4,8,Normal,Normal,Normal
2,1,1,2,3,1,2,2,2,1,3,2,2,3,0,3,2,2,0,0,1,26,14,30,Severe,Moderate,Severe
0,0,1,0,1,0,0,2,3,1,0,1,0,1,0,1,0,0,0,1,0,8,8,8,Normal,Mild,Normal
1,3,0,0,0,0,0,0,0,0,2,0,0,1,0,0,1,0,0,0,0,2,6,8,Normal,Normal,Normal
3,1,1,1,3,3,1,3,1,0,3,3,0,2,1,3,0,2,2,0,0,14,14,38,Moderate,Moderate,Extremely Severe
1,3,0,0,0,0,0,1,1,0,1,1,1,1,1,0,0,0,1,1,0,2,14,10,Normal,Moderate,Normal
2,1,2,0,1,1,0,0,2,3,1,1,2,1,0,2,3,1,0,1,3,32,8,14,Extremely Severe,Mild,Normal
2,2,2,3,1,1,3,2,0,1,2,1,3,2,1,1,0,0,0,0,1,18,18,20,Moderate,Severe,Moderate
1,1,0,0,0,0,0,0,0,0,0,0,0,2,0,0,1,0,2,0,0,2,6,6,Normal,Normal,Normal
0,0,1,0,3,1,0,3,0,1,2,0,2,0,1,1,2,0,0,0,2,24,2,12,Severe,Normal,Normal
3,3,3,1,3,3,3,3,3,3,3,3,3,3,3,3,3,2,3,3,3,42,38,40,Extremely Severe,Extremely Severe,Extremely Severe
3,1,1,0,1,1,1,1,1,2,1,1,2,1,0,1,1,0,0,1,2,20,8,16,Moderate,Mild,Mild
3,2,3,3,3,1,1,2,1,1,3,1,3,2,0,3,2,3,1,2,1,32,20,30,Extremely Severe,Extremely Severe,Severe
1,1,1,0,2,1,0,1,2,2,1,2,1,1,1,1,3,1,0,1,2,24,10,16,Severe,Moderate,Mild
3,1,3,1,3,1,3,3,3,3,3,3,3,0,0,1,3,3,3,1,3,38,24,32,Extremely Severe,Extremely Severe,Severe
2,2,2,2,2,1,1,1,2,2,2,2,2,1,1,2,2,2,1,1,1,26,20,22,Severe,Extremely Severe,Moderate
1,2,2,1,2,2,1,2,1,2,2,2,2,2,1,2,2,1,2,1,2,28,18,24,Extremely Severe,Severe,Moderate
3,2,2,3,3,1,1,3,3,3,3,2,3,3,3,1,3,3,3,2,3,36,34,36,Extremely Severe,Extremely Severe,Extremely Severe
3,3,1,3,2,3,1,3,3,1,3,3,3,3,1,1,1,3,2,3,1,20,32,42,Moderate,Extremely Severe,Extremely Severe
2,0,2,0,1,3,0,3,3,1,2,2,3,1,0,2,2,1,1,3,1,24,14,28,Severe,Moderate,Severe
3,0,0,0,1,1,0,0,1,0,3,1,3,1,1,1,1,3,0,1,3,18,6,24,Moderate,Normal,Moderate
3,3,2,3,3,2,3,2,1,1,3,2,3,3,2,3,2,2,2,3,3,34,34,34,Extremely Severe,Extremely Severe,Extremely Severe
2,1,1,2,1,3,2,3,2,2,2,2,2,3,1,1,3,2,1,2,1,22,22,34,Severe,Extremely Severe,Extremely Severe
1,0,0,2,3,0,0,1,2,1,1,1,2,0,0,2,3,3,1,0,2,26,10,14,Severe,Moderate,Normal
2,3,2,3,3,3,3,3,2,2,3,2,3,3,2,3,2,3,3,3,3,36,38,38,Extremely Severe,Extremely Severe,Extremely Severe
2,3,1,3,1,2,3,3,3,1,1,3,1,3,3,1,1,3,3,3,1,14,42,34,Moderate,Extremely Severe,Extremely Severe
1,2,1,2,1,2,1,3,3,2,2,3,3,2,0,1,1,3,2,3,1,20,26,32,Moderate,Extremely Severe,Severe
3,0,3,1,3,3,3,3,3,3,3,3,3,0,3,3,3,3,0,3,3,42,26,36,Extremely Severe,Extremely Severe,Extremely Severe
1,3,1,1,1,0,0,0,1,1,1,1,1,0,0,1,1,1,0,0,0,12,10,8,Mild,Moderate,Normal
3,3,3,3,3,3,3,3,3,3,3,3,3,3,3,3,3,3,2,3,3,42,40,42,Extremely Severe,Extremely Severe,Extremely Severe
1,2,1,1,2,2,0,1,2,0,1,2,2,2,0,1,2,1,0,1,0,16,12,20,Moderate,Moderate,Moderate
2,0,1,0,2,2,0,2,2,2,2,2,2,3,2,2,1,2,0,2,1,22,12,30,Severe,Moderate,Severe
0,0,0,0,0,0,0,0,0,0,0,0,0,1,0,0,0,0,0,0,0,0,0,2,Normal,Normal,Normal
1,0,0,0,1,2,0,0,1,0,0,1,1,1,0,1,0,0,0,0,0,6,2,10,Normal,Normal,Normal
2,1,1,3,1,2,2,3,3,1,3,1,2,1,0,2,2,1,0,3,2,22,24,26,Severe,Extremely Severe,Severe
2,0,0,1,0,1,1,0,1,2,1,2,1,1,1,2,1,1,0,2,0,12,12,16,Mild,Moderate,Mild
1,1,1,1,1,2,0,2,2,0,1,0,2,2,0,1,2,1,2,0,0,14,12,18,Moderate,Moderate,Mild
1,3,2,3,1,3,1,1,3,1,1,0,1,3,2,1,2,1,0,0,0,16,24,20,Moderate,Extremely Severe,Moderate
1,0,1,1,0,0,0,1,0,0,2,1,1,1,1,1,1,0,0,0,0,8,4,12,Normal,Normal,Normal
1,0,1,3,1,1,2,2,3,2,0,3,3,0,0,2,2,1,1,2,1,24,22,16,Severe,Extremely Severe,Mild
1,1,0,1,0,1,1,0,1,0,2,1,2,1,0,1,1,1,0,0,0,8,8,14,Normal,Mild,Normal
1,2,1,0,1,1,1,2,1,1,1,0,1,2,0,1,1,1,0,0,1,14,8,16,Moderate,Mild,Mild
1,2,1,0,1,1,0,1,1,2,1,0,1,2,0,1,1,2,1,0,1,16,8,16,Moderate,Mild,Mild
3,3,3,3,3,2,2,3,3,3,3,3,3,3,2,3,3,2,3,2,3,42,36,38,Extremely Severe,Extremely Severe,Extremely Severe
1,1,1,1,1,1,0,1,1,1,1,1,1,1,0,2,1,1,0,1,1,16,8,14,Moderate,Mild,Normal
2,3,1,2,1,2,2,2,2,2,3,3,3,2,2,3,2,2,1,1,2,28,26,32,Extremely Severe,Extremely Severe,Severe
3,0,2,0,1,1,0,2,2,3,2,3,2,3,0,1,3,0,1,1,2,28,8,28,Extremely Severe,Mild,Severe
3,3,2,0,1,3,0,2,1,3,3,1,3,2,1,3,3,1,0,2,3,36,14,30,Extremely Severe,Moderate,Severe
0,0,0,1,2,0,1,1,1,1,1,1,1,0,0,1,1,1,0,0,0,12,6,8,Mild,Normal,Normal
3,1,3,3,3,3,3,3,3,3,3,3,3,2,2,3,3,0,3,3,3,42,36,34,Extremely Severe,Extremely Severe,Extremely Severe
3,1,1,1,1,3,1,2,3,0,3,1,3,3,2,3,3,2,1,0,3,28,18,34,Extremely Severe,Severe,Extremely Severe
1,0,0,1,1,0,0,1,1,0,1,1,1,1,1,1,0,1,0,1,0,6,8,12,Normal,Mild,Normal
1,2,1,0,1,1,0,1,2,1,3,2,2,2,2,2,3,2,0,3,2,24,18,24,Severe,Severe,Moderate
3,1,0,0,1,2,0,2,1,1,3,1,2,3,1,1,1,1,1,1,0,12,10,30,Mild,Moderate,Severe
0,0,0,0,0,1,0,1,0,0,1,0,1,1,0,0,0,1,0,0,0,2,0,10,Normal,Normal,Normal
3,3,2,1,3,2,1,2,3,3,2,1,3,3,1,2,3,2,2,3,3,38,28,30,Extremely Severe,Extremely Severe,Severe
2,0,0,0,0,1,0,0,0,0,0,1,1,3,0,1,0,1,0,0,0,4,0,16,Normal,Normal,Mild
2,0,1,0,2,1,1,2,1,1,1,1,1,1,0,2,1,2,0,0,2,20,4,20,Moderate,Normal,Moderate
3,2,2,2,2,2,3,2,3,3,2,2,3,2,2,3,2,2,3,2,2,34,34,30,Extremely Severe,Extremely Severe,Severe
1,1,1,0,1,0,0,0,1,1,2,0,1,1,0,1,2,1,0,1,2,18,6,10,Moderate,Normal,Normal
3,3,3,3,3,3,2,3,3,3,3,3,3,3,3,3,3,3,1,3,3,42,36,42,Extremely Severe,Extremely Severe,Extremely Severe
1,3,2,0,2,1,0,3,1,1,1,2,2,2,0,3,2,0,0,3,2,28,14,20,Extremely Severe,Moderate,Moderate
2,2,1,1,3,3,1,2,3,3,3,1,3,1,0,0,3,2,1,3,1,28,22,28,Extremely Severe,Extremely Severe,Severe
0,0,0,0,0,0,0,0,0,0,0,0,0,0,0,0,0,0,0,0,0,0,0,0,Normal,Normal,Normal
3,3,2,3,3,3,3,3,3,2,3,3,3,3,3,2,3,3,3,3,3,36,42,42,Extremely Severe,Extremely Severe,Extremely Severe
2,3,3,0,2,0,1,3,2,2,3,2,2,2,1,3,3,1,1,3,2,34,22,26,Extremely Severe,Extremely Severe,Severe
1,1,0,0,0,1,1,1,2,0,1,1,0,2,0,0,0,1,0,0,0,0,8,16,Normal,Mild,Mild
3,2,1,1,3,1,1,2,2,2,2,3,3,1,1,2,1,0,1,3,2,28,22,24,Extremely Severe,Extremely Severe,Moderate
1,0,0,0,0,0,0,0,2,0,1,0,1,3,1,1,0,1,0,0,0,4,6,12,Normal,Normal,Normal
0,0,0,1,0,0,1,0,2,0,1,0,0,3,1,1,0,2,2,1,0,2,16,12,Normal,Severe,Normal
3,2,3,2,2,3,2,3,3,3,3,2,3,2,2,3,3,3,1,3,3,40,30,38,Extremely Severe,Extremely Severe,Extremely Severe
2,2,3,2,3,2,1,2,1,3,1,2,3,1,1,3,3,2,1,1,3,42,18,24,Extremely Severe,Severe,Moderate
1,1,1,2,1,0,1,1,1,1,1,1,1,1,1,0,2,1,1,1,1,14,16,12,Moderate,Severe,Normal
0,1,0,0,0,2,0,1,2,1,2,1,2,2,1,0,2,0,0,1,1,12,10,16,Mild,Moderate,Mild
0,0,0,0,0,0,0,0,0,0,0,1,0,0,0,0,0,0,0,0,0,0,0,2,Normal,Normal,Normal
3,1,3,3,3,3,2,3,3,3,3,3,3,0,2,3,3,3,2,3,3,42,32,36,Extremely Severe,Extremely Severe,Extremely Severe
2,2,1,3,1,2,1,3,2,2,3,3,2,2,1,3,3,2,1,3,1,26,26,34,Severe,Extremely Severe,Extremely Severe
1,0,0,0,0,1,1,0,0,2,1,0,0,2,1,0,0,0,0,1,0,4,6,10,Normal,Normal,Normal
2,0,0,1,1,3,3,0,1,3,3,0,3,0,0,1,3,3,3,3,2,26,22,22,Severe,Extremely Severe,Moderate
3,1,1,0,0,0,0,0,0,2,2,0,1,2,0,1,2,1,0,0,1,16,2,16,Moderate,Normal,Mild
1,1,2,0,2,1,0,1,0,3,1,1,3,1,0,2,3,1,2,0,3,36,6,14,Extremely Severe,Normal,Normal
0,0,0,0,0,1,0,1,0,0,0,0,0,1,0,0,0,0,0,0,0,0,0,6,Normal,Normal,Normal
3,1,1,1,2,2,1,1,2,2,2,2,3,3,0,3,3,3,1,3,2,32,18,32,Extremely Severe,Severe,Severe
2,1,1,0,3,1,1,0,1,2,3,1,2,2,1,1,3,2,0,0,1,26,8,22,Severe,Mild,Moderate
3,2,2,3,1,3,1,1,3,0,2,2,2,3,3,2,1,2,0,3,1,18,30,32,Moderate,Extremely Severe,Severe
0,0,0,0,0,0,0,0,0,0,0,0,0,0,0,0,0,0,0,0,0,0,0,0,Normal,Normal,Normal
3,1,2,1,2,3,1,2,3,2,3,3,3,3,1,2,3,3,1,2,2,32,20,40,Extremely Severe,Extremely Severe,Extremely Severe
1,1,0,0,1,0,0,0,0,0,0,0,0,0,1,1,0,3,0,1,0,4,6,8,Normal,Normal,Normal
3,0,3,1,3,3,3,3,3,3,3,0,3,3,1,3,3,1,3,3,3,42,28,32,Extremely Severe,Extremely Severe,Severe
0,1,1,0,1,0,0,2,1,2,0,2,1,0,0,2,1,0,0,1,1,18,6,8,Moderate,Normal,Normal
2,0,2,1,2,1,1,0,3,3,3,0,2,0,0,3,1,0,0,0,3,32,10,12,Extremely Severe,Moderate,Normal
1,3,3,1,3,2,2,2,1,3,2,3,2,1,1,2,3,0,2,2,3,38,24,22,Extremely Severe,Extremely Severe,Moderate
3,0,2,3,2,2,3,3,3,3,3,3,3,2,3,3,3,2,3,3,2,36,36,36,Extremely Severe,Extremely Severe,Extremely Severe
2,0,3,1,3,3,1,3,1,3,3,1,3,2,3,3,3,1,2,3,3,42,22,30,Extremely Severe,Extremely Severe,Severe
3,1,0,0,1,3,1,0,3,0,3,1,3,0,1,1,0,1,3,1,1,12,20,22,Mild,Extremely Severe,Moderate
3,3,1,0,1,0,0,3,2,1,3,3,1,3,1,3,3,3,1,3,1,22,20,36,Severe,Extremely Severe,Extremely Severe
0,0,0,0,0,0,0,0,0,0,0,0,0,0,0,0,0,0,0,0,0,0,0,0,Normal,Normal,Normal
3,1,3,0,0,1,0,2,3,1,1,3,1,0,0,0,3,2,0,1,0,16,10,24,Moderate,Moderate,Moderate
1,1,1,1,0,1,1,0,0,1,1,1,0,1,0,1,1,0,0,1,0,8,8,10,Normal,Mild,Normal
2,3,3,1,3,3,1,3,2,3,3,1,3,2,1,3,2,3,3,1,1,36,24,34,Extremely Severe,Extremely Severe,Extremely Severe
3,2,1,2,3,3,2,3,3,2,3,3,3,3,0,3,3,2,0,2,3,36,22,40,Extremely Severe,Extremely Severe,Extremely Severe
2,1,2,0,2,0,0,1,1,2,1,0,3,1,0,2,3,1,1,1,2,32,8,12,Extremely Severe,Mild,Normal
2,0,0,0,0,1,0,1,2,0,2,2,1,1,1,1,2,2,0,1,1,10,8,22,Mild,Mild,Moderate
1,0,0,3,1,2,0,2,3,0,0,3,0,0,1,0,1,0,0,2,0,4,18,16,Normal,Severe,Mild
2,2,2,2,3,2,1,3,2,2,3,3,3,2,1,3,2,1,2,2,2,34,24,32,Extremely Severe,Extremely Severe,Severe
1,0,0,0,1,0,0,0,2,1,2,1,2,0,0,1,0,1,0,0,0,10,4,10,Mild,Normal,Normal
1,1,0,0,1,1,0,0,1,3,1,1,1,2,1,1,3,1,1,2,0,18,12,14,Moderate,Moderate,Normal
1,1,2,3,1,2,2,3,2,1,2,3,2,1,1,1,1,3,1,2,1,18,24,30,Moderate,Extremely Severe,Severe
3,1,2,1,3,3,1,3,3,3,3,3,3,3,1,3,3,3,0,3,2,38,20,42,Extremely Severe,Extremely Severe,Extremely Severe
0,0,0,0,0,0,0,0,1,1,0,1,0,1,0,1,0,0,0,0,0,4,2,4,Normal,Normal,Normal
0,1,1,0,1,1,2,2,1,2,1,2,1,2,1,1,1,1,0,1,1,16,12,18,Moderate,Moderate,Mild
1,1,0,1,1,0,0,1,1,0,0,0,1,1,1,0,0,0,1,1,0,4,12,6,Normal,Moderate,Normal
3,2,2,2,2,1,1,2,3,1,3,2,2,2,1,2,3,1,1,2,2,28,24,28,Extremely Severe,Extremely Severe,Severe
1,3,1,2,3,2,2,1,3,2,2,2,2,3,2,1,2,2,0,1,2,26,26,26,Severe,Extremely Severe,Severe
3,2,3,1,3,3,3,2,3,3,3,1,3,3,3,3,3,1,3,3,3,42,36,32,Extremely Severe,Extremely Severe,Severe
2,2,2,2,3,3,2,2,0,3,1,1,3,1,1,2,3,0,0,1,3,38,16,20,Extremely Severe,Severe,Moderate
3,0,1,0,2,1,0,2,3,2,2,2,1,3,0,2,3,2,1,2,2,26,12,30,Severe,Moderate,Severe
2,3,1,2,2,1,3,2,2,2,2,1,2,1,1,1,2,2,2,3,2,24,32,22,Severe,Extremely Severe,Moderate
3,3,3,3,3,3,3,3,3,3,3,3,3,3,3,3,3,3,3,3,3,42,42,42,Extremely Severe,Extremely Severe,Extremely Severe
2,1,1,1,2,1,1,3,1,2,3,2,2,3,0,1,2,1,1,1,1,22,12,30,Severe,Moderate,Severe
3,1,3,1,3,3,0,3,2,2,3,3,1,0,0,3,2,3,0,3,1,30,14,36,Extremely Severe,Moderate,Extremely Severe
0,1,2,0,3,1,0,0,0,1,3,0,3,1,0,3,2,2,0,0,3,34,2,14,Extremely Severe,Normal,Normal
3,3,0,0,0,3,2,1,3,0,3,3,1,3,2,0,1,3,2,3,2,8,30,38,Normal,Extremely Severe,Extremely Severe
3,2,2,2,3,3,2,3,3,2,2,2,3,2,3,2,3,1,1,2,3,36,30,32,Extremely Severe,Extremely Severe,Severe
1,3,0,1,1,1,1,1,3,3,1,2,1,3,0,3,2,0,2,2,2,24,24,18,Severe,Extremely Severe,Mild
2,1,3,1,3,0,1,3,2,0,3,2,3,3,2,3,1,0,0,1,1,28,16,26,Extremely Severe,Severe,Severe
3,0,3,0,2,2,1,1,2,3,3,1,3,2,0,3,3,0,0,1,2,38,8,24,Extremely Severe,Mild,Moderate
1,0,1,0,2,1,1,1,3,2,2,1,3,0,1,1,3,3,1,0,2,28,12,18,Extremely Severe,Moderate,Mild
1,0,1,0,1,1,0,1,0,1,1,0,1,1,0,1,1,1,0,0,0,12,0,12,Mild,Normal,Normal
2,0,1,0,2,2,0,0,0,1,1,1,1,1,0,2,0,2,0,0,0,14,0,18,Moderate,Normal,Mild
2,1,2,0,3,3,2,2,3,2,3,1,2,1,1,1,1,2,0,3,1,24,20,28,Severe,Extremely Severe,Severe
2,2,1,2,2,1,1,2,1,1,2,1,2,2,1,2,2,2,1,1,2,24,18,24,Severe,Severe,Moderate
2,0,0,2,2,0,0,0,2,0,1,2,1,3,3,2,0,3,0,0,0,10,14,22,Mild,Moderate,Moderate
3,2,3,0,3,3,2,3,3,3,1,2,3,3,1,3,3,3,1,3,3,42,24,36,Extremely Severe,Extremely Severe,Extremely Severe
0,1,1,0,2,0,1,1,1,1,0,1,1,0,1,0,1,0,1,0,1,14,10,4,Moderate,Moderate,Normal
1,3,1,1,0,3,0,0,3,0,2,1,1,3,0,0,1,1,1,0,0,6,16,22,Normal,Severe,Moderate
1,0,0,0,1,1,0,0,0,0,0,1,1,1,0,0,0,0,0,0,0,4,0,8,Normal,Normal,Normal
1,3,1,1,3,1,1,2,1,1,1,1,2,1,1,3,3,1,1,2,0,26,20,16,Severe,Extremely Severe,Mild
1,0,1,0,1,1,0,1,0,1,1,1,1,1,0,0,1,2,0,1,1,12,2,16,Mild,Normal,Mild
1,0,0,0,1,1,0,1,1,1,1,0,0,0,0,1,2,1,0,1,1,12,4,10,Mild,Normal,Normal
2,0,1,0,1,1,0,1,1,0,3,0,2,2,0,1,1,3,0,1,1,14,4,24,Moderate,Normal,Moderate
0,0,0,2,1,1,0,1,1,0,1,1,1,2,0,0,0,0,0,1,0,4,8,12,Normal,Mild,Normal
1,1,1,0,1,1,0,2,1,0,1,1,1,1,0,1,3,1,0,0,0,14,4,16,Moderate,Normal,Mild
2,1,1,2,1,1,2,1,2,2,3,2,1,3,3,1,1,2,2,1,2,18,26,28,Moderate,Extremely Severe,Severe
1,1,0,0,0,2,0,0,2,0,2,1,1,1,1,0,1,1,1,1,0,4,12,16,Normal,Moderate,Mild
2,2,1,1,1,3,1,0,3,3,3,0,3,2,1,2,0,3,0,1,3,26,18,26,Severe,Severe,Severe
3,3,2,1,3,3,1,2,2,3,3,2,3,3,0,3,3,3,0,3,3,40,20,38,Extremely Severe,Extremely Severe,Extremely Severe
1,1,0,2,2,2,0,2,1,0,1,1,1,0,1,0,1,1,3,2,0,8,20,16,Normal,Extremely Severe,Mild
1,2,0,3,1,3,3,2,3,1,1,3,3,1,0,1,2,3,1,3,1,18,30,28,Moderate,Extremely Severe,Severe
2,3,2,0,1,3,3,0,1,0,3,1,3,3,3,1,3,2,0,1,1,22,22,28,Severe,Extremely Severe,Severe
0,0,1,0,0,1,0,1,0,0,1,1,1,1,1,1,2,0,1,0,2,14,4,10,Moderate,Normal,Normal
0,0,0,0,0,0,0,0,0,0,0,0,0,0,0,0,0,0,0,0,0,0,0,0,Normal,Normal,Normal
1,0,1,0,1,1,1,0,1,3,1,0,1,1,0,3,2,1,0,1,2,26,6,10,Severe,Normal,Normal
3,0,3,2,2,3,2,3,2,3,3,3,3,2,3,3,3,3,3,3,3,40,30,40,Extremely Severe,Extremely Severe,Extremely Severe
3,1,1,2,2,1,1,2,1,3,3,3,3,1,0,2,3,2,3,2,3,34,20,30,Extremely Severe,Extremely Severe,Severe
2,2,2,0,1,2,0,1,3,3,1,2,3,0,0,2,3,0,0,1,3,34,12,16,Extremely Severe,Moderate,Mild
2,1,1,1,1,1,0,2,3,1,1,1,1,1,0,0,0,1,1,1,1,10,14,18,Mild,Moderate,Mild
3,1,3,1,3,1,0,3,2,3,3,3,3,1,2,3,3,0,0,3,3,42,18,28,Extremely Severe,Severe,Severe
1,0,3,3,3,3,1,2,3,3,3,3,3,1,1,0,2,3,3,3,2,32,28,32,Extremely Severe,Extremely Severe,Severe
3,3,1,2,2,3,2,2,2,2,3,1,3,3,2,3,3,2,3,3,2,32,34,34,Extremely Severe,Extremely Severe,Extremely Severe
1,3,1,1,3,2,1,1,3,1,2,1,1,1,0,3,2,2,0,2,1,24,20,20,Severe,Extremely Severe,Moderate
2,0,2,0,1,3,3,1,3,0,3,2,2,1,0,2,1,2,3,2,0,16,22,28,Moderate,Extremely Severe,Severe
1,0,0,0,0,3,1,0,2,0,3,2,0,1,0,0,0,2,0,1,0,0,8,24,Normal,Mild,Moderate
3,3,3,1,3,3,3,3,1,2,3,3,3,3,3,3,3,3,1,3,3,40,30,42,Extremely Severe,Extremely Severe,Extremely Severe
3,3,3,3,3,3,3,3,3,3,3,3,3,3,3,3,3,3,3,3,3,42,42,42,Extremely Severe,Extremely Severe,Extremely Severe
1,3,1,1,2,3,1,3,2,2,3,2,3,3,1,3,3,3,1,3,2,32,24,36,Extremely Severe,Extremely Severe,Extremely Severe
2,1,0,0,0,1,1,0,0,0,1,1,1,1,0,1,0,1,2,1,0,4,10,14,Normal,Moderate,Normal
0,3,0,1,1,2,3,1,1,0,3,2,3,0,1,0,0,1,0,2,0,8,22,18,Normal,Extremely Severe,Mild
1,2,0,1,0,2,1,1,3,0,3,1,1,3,1,1,1,0,1,1,0,6,20,22,Normal,Extremely Severe,Moderate
1,0,0,0,0,0,0,0,0,1,0,0,0,1,0,0,0,0,0,0,0,2,0,4,Normal,Normal,Normal
3,0,2,3,3,1,2,3,3,3,3,3,3,3,3,3,3,3,1,3,3,40,30,38,Extremely Severe,Extremely Severe,Extremely Severe
1,0,1,1,1,0,0,0,1,2,3,0,3,2,0,1,0,3,0,1,2,20,6,18,Moderate,Normal,Mild
2,3,0,0,1,0,1,2,0,0,1,0,1,2,0,1,0,1,0,0,1,8,8,16,Normal,Mild,Mild
2,2,1,1,2,1,1,2,1,1,2,1,1,1,1,2,2,1,1,2,1,20,18,20,Moderate,Severe,Moderate
2,2,0,1,3,3,1,1,1,0,3,3,3,2,3,3,3,0,2,3,3,30,26,28,Extremely Severe,Extremely Severe,Severe
2,2,1,2,1,2,0,1,1,0,2,1,1,2,1,0,0,1,0,1,0,6,14,22,Normal,Moderate,Moderate
0,3,1,1,2,2,0,3,2,2,2,2,2,3,3,1,0,1,0,1,1,18,20,26,Moderate,Extremely Severe,Severe
2,2,1,3,2,2,2,3,3,2,3,2,3,3,1,3,2,2,1,2,2,30,28,34,Extremely Severe,Extremely Severe,Extremely Severe
3,3,2,3,3,3,3,2,3,3,3,3,3,2,3,3,2,2,2,3,2,36,40,36,Extremely Severe,Extremely Severe,Extremely Severe
0,0,0,0,1,3,0,2,1,0,2,1,0,2,1,0,0,0,2,0,0,2,8,20,Normal,Mild,Moderate
1,0,0,0,2,1,0,0,0,0,1,0,0,2,0,1,0,0,0,0,1,8,0,10,Normal,Normal,Normal
1,0,0,0,2,0,1,0,0,0,0,0,1,1,1,0,1,1,0,1,0,8,6,6,Normal,Normal,Normal
2,2,3,0,0,2,1,0,0,0,2,2,2,2,0,2,0,2,0,1,0,14,8,24,Moderate,Mild,Moderate
3,0,3,0,3,0,0,1,2,3,3,3,3,0,0,3,3,3,1,3,3,42,12,26,Extremely Severe,Moderate,Severe
1,1,0,0,0,1,0,0,1,0,1,0,0,2,0,0,0,1,3,0,0,0,10,12,Normal,Moderate,Normal
1,0,0,0,0,2,0,2,1,0,1,0,0,0,0,0,1,0,2,1,0,2,8,12,Normal,Mild,Normal
2,1,1,0,3,1,0,3,3,0,3,1,2,0,1,1,1,2,3,3,1,18,22,24,Moderate,Extremely Severe,Moderate
3,3,1,2,1,1,0,1,2,3,3,1,3,3,2,2,2,2,2,3,2,28,28,28,Extremely Severe,Extremely Severe,Severe
0,0,0,0,1,0,0,0,0,0,0,0,0,1,0,0,0,1,0,0,0,2,0,4,Normal,Normal,Normal
3,0,1,1,2,2,0,2,3,2,3,3,2,2,0,2,2,3,0,1,1,24,10,36,Severe,Moderate,Extremely Severe
2,0,0,1,1,1,1,2,1,0,2,1,2,1,3,1,2,3,0,3,1,14,18,24,Moderate,Severe,Moderate
2,0,3,2,3,2,1,2,2,3,2,2,3,2,1,2,3,1,2,3,3,40,22,26,Extremely Severe,Extremely Severe,Severe
2,1,1,0,1,2,2,0,1,2,2,1,1,1,0,0,0,1,0,0,2,14,8,18,Moderate,Mild,Mild
1,0,1,1,2,1,0,1,0,1,1,0,2,1,0,2,1,2,0,1,0,18,4,14,Moderate,Normal,Normal
2,0,0,2,0,1,0,0,3,1,3,1,3,2,0,1,1,2,0,2,0,12,14,22,Mild,Moderate,Moderate
1,0,1,0,0,1,0,1,1,0,1,0,1,3,0,1,1,1,2,1,0,8,8,16,Normal,Mild,Mild
2,0,0,0,0,2,0,2,0,0,2,0,1,0,1,0,0,0,0,0,0,2,2,16,Normal,Normal,Mild
1,1,1,0,2,1,0,3,2,1,1,1,1,1,0,1,2,1,0,2,1,18,10,18,Moderate,Moderate,Mild
2,3,1,1,3,1,1,2,2,2,3,2,3,2,1,3,3,2,1,1,1,32,20,28,Extremely Severe,Extremely Severe,Severe
1,1,0,0,1,1,0,1,1,2,1,0,1,1,0,2,0,1,0,0,0,12,4,12,Mild,Normal,Normal
2,1,2,1,3,3,1,2,3,3,2,3,3,1,2,3,3,1,2,3,1,36,26,28,Extremely Severe,Extremely Severe,Severe
2,2,1,2,2,1,1,3,2,2,3,2,3,2,2,2,2,2,1,2,2,28,24,30,Extremely Severe,Extremely Severe,Severe
1,2,1,1,1,2,0,1,2,2,2,1,1,1,1,1,1,2,0,2,1,16,16,20,Moderate,Severe,Moderate
1,0,0,1,0,0,0,0,1,0,1,0,1,1,0,0,0,1,0,1,0,2,6,8,Normal,Normal,Normal
2,3,1,2,0,3,1,2,3,0,3,2,2,3,2,1,1,3,3,1,0,10,30,36,Mild,Extremely Severe,Extremely Severe
0,0,0,0,3,0,0,2,0,2,1,3,1,1,0,2,0,0,0,0,0,16,0,14,Moderate,Normal,Normal
1,1,1,1,2,1,1,0,1,3,1,1,1,1,0,1,1,0,0,2,2,22,12,10,Severe,Moderate,Normal
1,0,0,1,1,1,0,1,1,1,3,1,0,2,0,1,0,2,0,0,1,8,4,22,Normal,Normal,Moderate
2,0,1,0,1,2,0,1,2,0,2,0,1,2,0,1,0,1,2,0,1,10,8,20,Mild,Mild,Moderate
1,1,0,3,0,0,1,2,1,0,2,3,0,0,2,1,0,0,0,2,0,2,20,16,Normal,Extremely Severe,Mild
1,3,2,2,2,1,1,2,1,3,3,3,2,1,0,3,3,2,3,2,3,36,24,26,Extremely Severe,Extremely Severe,Severe
0,0,0,0,0,0,0,0,1,0,0,0,1,2,0,1,0,0,0,0,0,4,2,4,Normal,Normal,Normal
1,0,1,0,1,1,0,1,1,1,1,0,1,2,0,0,1,1,0,0,1,12,2,14,Mild,Normal,Normal
0,0,0,0,1,2,0,0,3,0,1,1,0,1,0,1,0,0,2,0,0,4,10,10,Normal,Moderate,Normal
1,0,1,0,0,1,0,0,1,0,1,0,1,0,0,0,1,1,0,0,0,6,2,8,Normal,Normal,Normal
0,0,0,0,0,0,0,0,1,0,0,0,0,0,0,1,0,0,0,0,0,2,2,0,Normal,Normal,Normal
3,3,3,1,3,3,3,1,3,3,3,3,3,3,3,3,3,2,3,3,3,42,38,36,Extremely Severe,Extremely Severe,Extremely Severe
0,0,0,0,0,0,0,0,0,0,3,0,1,0,0,0,0,0,0,1,0,2,2,6,Normal,Normal,Normal
3,2,2,2,2,3,2,2,3,3,3,3,3,2,2,1,3,2,3,1,3,34,30,36,Extremely Severe,Extremely Severe,Extremely Severe
2,0,2,0,2,1,0,2,0,3,2,2,1,2,0,3,2,1,0,1,2,30,2,24,Extremely Severe,Normal,Moderate
0,0,0,0,0,0,0,0,0,0,0,0,0,0,0,0,0,0,0,0,0,0,0,0,Normal,Normal,Normal
3,1,1,1,3,1,1,1,1,2,3,2,1,3,1,1,3,2,3,2,1,24,20,30,Severe,Extremely Severe,Severe
1,1,0,0,0,1,0,0,1,1,1,1,1,0,0,1,0,1,0,1,0,6,6,10,Normal,Normal,Normal
0,3,0,0,0,0,0,0,1,0,3,0,0,0,0,0,0,3,2,0,0,0,12,12,Normal,Moderate,Normal
0,0,1,0,0,1,0,0,1,0,0,0,1,1,0,2,0,0,0,0,0,8,2,4,Normal,Normal,Normal
1,2,0,1,0,0,0,1,0,2,1,1,1,1,0,1,3,0,0,2,1,16,10,10,Moderate,Moderate,Normal
1,1,3,0,3,2,0,2,3,1,3,0,3,2,0,3,3,1,1,2,2,36,14,22,Extremely Severe,Moderate,Moderate
2,0,1,2,2,3,3,2,3,2,2,3,2,2,1,2,3,2,0,2,1,26,22,32,Severe,Extremely Severe,Severe
2,3,2,2,3,3,3,3,2,3,2,3,3,2,3,3,3,2,2,0,3,40,30,34,Extremely Severe,Extremely Severe,Extremely Severe
0,0,3,0,1,0,1,3,0,3,2,0,3,0,1,0,1,0,0,0,0,22,4,10,Severe,Normal,Normal
3,1,2,1,3,2,1,2,2,2,3,2,3,1,1,1,3,2,1,3,2,32,20,30,Extremely Severe,Extremely Severe,Severe
3,0,2,1,1,3,0,2,1,3,2,1,2,3,0,2,3,2,0,0,3,32,4,32,Extremely Severe,Normal,Severe
2,3,3,0,2,3,0,0,2,3,3,3,3,0,0,3,3,3,3,3,3,40,22,28,Extremely Severe,Extremely Severe,Severe
2,0,1,2,1,2,2,2,2,1,2,2,2,0,2,0,2,3,2,2,2,18,24,26,Moderate,Extremely Severe,Severe
1,1,0,0,0,1,0,1,2,0,2,1,1,0,1,0,0,3,1,1,0,2,12,18,Normal,Moderate,Mild
0,0,0,0,2,0,0,1,1,0,0,1,1,0,0,1,0,1,0,1,0,8,4,6,Normal,Normal,Normal
1,0,0,0,1,3,0,0,1,0,2,2,2,3,0,1,0,2,1,1,0,8,6,26,Normal,Normal,Severe
1,3,0,1,1,3,3,0,2,3,2,1,1,2,0,2,1,3,3,3,0,16,30,24,Moderate,Extremely Severe,Moderate
1,2,0,1,1,0,1,0,2,0,2,2,1,1,1,2,2,0,0,0,1,14,14,12,Moderate,Moderate,Normal
0,0,0,0,1,0,0,0,0,0,1,0,0,2,1,1,2,0,1,1,1,10,6,6,Mild,Normal,Normal
2,2,3,2,2,2,2,2,1,2,2,1,3,1,1,3,3,1,1,2,3,38,22,22,Extremely Severe,Extremely Severe,Moderate
1,0,0,0,1,2,0,1,1,0,3,0,1,0,0,0,0,1,2,0,0,4,6,16,Normal,Normal,Mild
3,3,0,3,2,2,2,0,3,1,2,3,3,3,2,0,1,2,2,3,1,16,36,30,Moderate,Extremely Severe,Severe
2,3,2,3,3,3,2,2,2,3,3,3,3,2,3,3,3,3,1,3,3,40,34,36,Extremely Severe,Extremely Severe,Extremely Severe
2,3,0,0,1,1,1,1,1,0,3,1,1,2,0,2,3,0,0,3,0,14,16,20,Moderate,Severe,Moderate
1,0,0,0,0,1,0,1,3,0,1,1,0,2,0,0,0,0,0,0,1,2,6,14,Normal,Normal,Normal
2,0,0,0,2,2,0,1,0,0,1,0,2,1,0,0,1,1,0,0,0,10,0,16,Mild,Normal,Mild
2,1,3,2,1,2,1,2,3,2,3,3,2,1,1,2,2,3,2,3,2,28,26,32,Extremely Severe,Extremely Severe,Severe
2,3,2,2,2,2,2,2,2,2,2,2,1,2,1,2,2,2,2,2,1,24,28,28,Severe,Extremely Severe,Severe
0,0,0,0,0,0,0,0,0,0,0,0,0,2,0,0,0,2,0,0,0,0,0,8,Normal,Normal,Normal
1,2,1,3,1,1,0,2,1,1,1,1,3,2,1,1,3,3,1,2,3,26,20,22,Severe,Extremely Severe,Moderate
2,1,1,1,1,1,1,1,1,1,2,1,1,1,2,1,1,1,2,1,1,14,18,18,Moderate,Severe,Mild
2,2,1,1,2,1,1,1,1,1,1,2,2,2,1,1,1,1,2,1,1,18,18,20,Moderate,Severe,Moderate
3,3,3,2,3,3,1,3,3,3,3,3,3,3,3,3,3,3,0,3,3,42,30,42,Extremely Severe,Extremely Severe,Extremely Severe
1,3,1,1,2,0,2,1,1,2,2,0,2,2,1,0,1,0,1,1,0,16,20,12,Moderate,Extremely Severe,Normal
2,3,1,0,2,2,1,2,3,1,1,2,3,2,0,1,3,3,0,3,1,24,20,28,Severe,Extremely Severe,Severe
2,3,2,2,1,1,1,2,2,1,2,2,2,2,1,2,3,3,2,1,2,26,24,28,Severe,Extremely Severe,Severe
0,1,0,1,1,1,0,1,0,0,1,1,1,1,0,0,1,2,0,0,0,6,4,14,Normal,Normal,Normal
1,1,1,1,1,2,2,1,2,1,2,2,2,3,1,1,2,1,3,2,3,22,24,24,Severe,Extremely Severe,Moderate
1,1,2,0,1,0,0,0,0,1,0,0,1,0,0,2,0,0,0,1,0,14,4,2,Moderate,Normal,Normal
0,0,0,0,2,0,1,0,0,1,1,0,3,0,0,2,3,1,0,3,0,22,8,4,Severe,Mild,Normal
1,0,1,1,1,1,3,2,1,3,3,3,2,2,1,1,1,2,2,0,1,20,16,28,Moderate,Severe,Severe
2,1,3,1,3,3,0,3,2,2,3,3,3,1,1,3,3,3,0,3,2,38,16,36,Extremely Severe,Severe,Extremely Severe
2,0,3,0,3,3,3,3,3,2,3,2,3,1,3,3,0,3,1,3,0,28,26,34,Extremely Severe,Extremely Severe,Extremely Severe
3,1,1,1,3,3,0,2,3,0,3,2,2,3,1,0,3,3,1,3,0,18,20,38,Moderate,Extremely Severe,Extremely Severe
3,2,3,2,3,3,1,2,3,2,2,2,3,1,1,3,3,2,0,3,3,40,24,30,Extremely Severe,Extremely Severe,Severe
2,2,1,2,1,1,2,2,3,0,1,1,1,2,0,2,1,1,1,1,0,12,22,20,Mild,Extremely Severe,Moderate
2,3,0,2,1,3,2,1,3,0,3,3,0,3,2,0,0,3,1,2,0,2,30,36,Normal,Extremely Severe,Extremely Severe
2,1,2,0,3,1,0,1,3,2,3,1,2,1,1,2,3,2,1,2,2,32,16,22,Extremely Severe,Severe,Moderate
3,3,3,3,3,3,3,3,3,3,3,3,3,3,2,3,3,3,2,3,3,42,38,42,Extremely Severe,Extremely Severe,Extremely Severe
2,1,2,2,2,1,0,2,3,2,3,1,2,3,0,2,2,1,3,2,1,26,22,26,Severe,Extremely Severe,Severe
0,3,2,3,3,2,0,3,2,2,2,3,3,2,0,2,3,2,0,1,3,36,18,28,Extremely Severe,Severe,Severe
2,3,1,1,1,3,1,3,3,2,3,2,2,0,1,1,1,3,1,2,1,18,24,32,Moderate,Extremely Severe,Severe
1,3,2,0,1,1,1,2,3,1,2,0,2,3,0,2,1,0,0,1,2,22,16,18,Severe,Severe,Mild
3,1,1,3,3,0,2,1,3,1,1,1,3,0,0,3,3,2,1,1,3,34,22,16,Extremely Severe,Extremely Severe,Mild
3,1,2,0,2,3,0,1,2,3,3,3,3,0,0,2,3,2,1,1,3,36,10,30,Extremely Severe,Moderate,Severe
1,2,0,0,1,0,0,1,0,1,2,2,1,1,0,0,0,0,0,0,1,8,4,14,Normal,Normal,Normal
1,1,0,0,2,1,0,1,2,1,2,1,1,0,1,2,2,1,0,1,1,18,10,14,Moderate,Moderate,Normal
2,0,0,0,1,1,0,1,1,0,1,1,0,0,0,0,0,1,0,1,0,2,4,14,Normal,Normal,Normal
1,1,1,1,0,2,2,1,1,1,3,1,1,1,1,1,1,1,1,1,1,12,16,20,Mild,Severe,Moderate
0,1,1,2,1,1,1,1,2,0,0,1,1,3,2,1,0,0,1,1,0,8,20,12,Normal,Extremely Severe,Normal
3,3,1,3,2,3,3,1,1,1,2,3,3,3,3,1,2,3,1,3,2,24,34,36,Severe,Extremely Severe,Extremely Severe
2,1,2,0,1,0,0,0,1,2,2,0,2,0,0,1,2,2,0,1,2,24,6,12,Severe,Normal,Normal
1,0,1,0,1,1,0,2,2,1,2,2,2,2,0,1,1,3,1,1,1,16,8,26,Moderate,Mild,Severe
2,1,1,1,3,2,0,2,1,1,2,1,2,1,0,1,1,0,0,0,0,18,6,20,Moderate,Normal,Moderate
0,1,0,0,0,0,0,0,0,0,1,1,0,0,0,1,1,1,0,0,0,4,2,6,Normal,Normal,Normal
0,0,1,0,1,1,0,0,2,0,1,1,1,0,1,1,1,1,0,1,1,12,8,8,Mild,Mild,Normal
0,0,0,0,1,1,0,0,0,0,1,0,1,1,0,0,1,0,0,0,1,8,0,6,Normal,Normal,Normal
2,2,2,0,2,2,1,2,2,2,2,2,2,1,2,2,2,2,1,2,2,28,20,26,Extremely Severe,Extremely Severe,Severe
2,3,1,3,3,1,1,1,1,3,2,3,3,1,1,3,3,0,2,1,3,38,24,20,Extremely Severe,Extremely Severe,Moderate
1,0,1,2,0,2,1,0,2,2,2,1,0,1,0,1,0,1,2,1,0,8,16,16,Normal,Severe,Mild
2,2,1,2,1,1,1,1,2,2,2,2,1,0,1,2,2,1,0,2,1,20,20,18,Moderate,Extremely Severe,Mild
2,2,0,0,1,2,2,0,2,1,2,1,2,2,1,1,3,1,2,2,3,22,22,20,Severe,Extremely Severe,Moderate
3,3,2,3,2,2,3,3,2,2,3,3,3,3,3,1,3,1,2,1,3,32,34,36,Extremely Severe,Extremely Severe,Extremely Severe
2,3,2,3,3,3,3,3,3,1,3,3,3,2,2,3,3,2,3,3,3,36,40,36,Extremely Severe,Extremely Severe,Extremely Severe
3,1,1,1,3,1,0,1,1,3,3,0,3,1,0,3,3,3,2,3,3,38,16,24,Extremely Severe,Severe,Moderate
1,1,1,0,1,0,0,1,2,1,3,2,0,1,0,0,1,3,0,0,0,8,6,22,Normal,Normal,Moderate
3,3,3,2,1,2,1,3,1,3,2,2,2,3,3,1,2,1,2,0,2,28,24,32,Extremely Severe,Extremely Severe,Severe
1,0,0,0,1,0,1,0,1,0,1,3,1,1,1,0,0,0,0,2,0,4,10,12,Normal,Moderate,Normal
1,0,1,1,1,0,0,0,1,1,1,0,1,1,0,0,1,1,1,1,0,10,8,8,Mild,Mild,Normal
2,3,1,1,1,3,0,2,3,0,0,2,0,1,0,3,3,2,1,0,2,20,16,24,Moderate,Severe,Moderate
2,1,1,3,3,2,3,2,3,0,3,1,3,3,2,2,1,1,1,2,0,20,30,28,Moderate,Extremely Severe,Severe
3,3,2,0,3,3,0,3,3,1,3,2,3,3,3,1,1,2,2,2,2,26,26,38,Severe,Extremely Severe,Extremely Severe
1,0,0,0,0,0,0,0,0,0,0,1,1,1,0,0,0,1,0,0,0,2,0,8,Normal,Normal,Normal
2,0,1,1,1,1,2,1,3,0,1,1,2,3,1,0,1,2,1,1,0,10,18,22,Mild,Severe,Moderate
2,2,2,0,0,0,0,1,3,1,2,3,2,3,0,2,0,2,0,0,1,16,10,26,Moderate,Moderate,Severe
1,1,1,1,1,2,0,0,0,1,1,0,1,1,0,2,0,1,2,0,0,12,8,12,Mild,Mild,Normal
3,1,3,1,1,3,3,2,3,3,3,1,3,3,1,1,3,2,1,3,3,34,26,34,Extremely Severe,Extremely Severe,Extremely Severe
1,0,0,0,1,2,0,1,1,0,3,0,1,0,0,0,2,2,0,0,0,8,2,18,Normal,Normal,Mild
3,0,0,0,1,1,0,0,3,3,3,1,3,3,0,3,1,0,1,1,1,24,10,22,Severe,Moderate,Moderate
1,3,0,1,0,3,0,1,2,1,3,1,2,2,1,1,0,3,0,1,0,8,16,28,Normal,Severe,Severe
1,0,0,0,0,1,0,0,1,0,1,0,0,1,0,0,1,0,0,1,0,2,4,8,Normal,Normal,Normal
3,1,2,2,2,3,2,2,2,2,3,3,3,3,3,2,2,2,1,3,2,30,28,38,Extremely Severe,Extremely Severe,Extremely Severe
2,3,2,1,3,3,1,1,1,3,2,3,3,1,0,2,3,2,0,1,2,36,14,28,Extremely Severe,Moderate,Severe
1,0,0,1,1,1,1,0,1,1,0,1,0,1,1,1,1,0,0,0,0,8,8,8,Normal,Mild,Normal
3,2,2,2,3,3,2,2,3,2,3,3,3,3,1,3,3,1,1,3,1,34,28,36,Extremely Severe,Extremely Severe,Extremely Severe
3,1,3,3,3,3,3,3,3,3,3,3,3,2,3,3,3,3,1,2,2,40,32,40,Extremely Severe,Extremely Severe,Extremely Severe
3,2,2,1,2,3,3,2,3,3,3,3,3,3,1,2,1,3,3,3,1,28,32,40,Extremely Severe,Extremely Severe,Extremely Severe
2,1,1,1,1,3,2,2,1,2,2,2,2,1,1,2,2,3,2,2,3,26,20,30,Severe,Extremely Severe,Severe
0,0,0,0,1,1,0,0,1,1,1,0,1,1,0,1,1,1,0,0,1,12,2,8,Mild,Normal,Normal
2,2,3,0,3,3,0,3,2,3,3,1,3,3,0,3,3,3,0,0,3,42,8,36,Extremely Severe,Mild,Extremely Severe
2,1,2,1,3,2,1,1,3,3,2,1,2,2,2,3,3,1,2,1,3,38,22,22,Extremely Severe,Extremely Severe,Moderate
2,1,1,0,1,1,2,1,3,1,2,1,1,0,0,1,2,2,1,1,1,16,16,18,Moderate,Severe,Mild
2,1,2,2,2,3,0,2,2,2,2,2,2,2,1,2,2,2,2,1,2,28,18,30,Extremely Severe,Severe,Severe
1,0,0,0,1,1,0,1,2,1,2,0,0,2,0,0,2,1,0,0,1,10,4,16,Mild,Normal,Mild
1,1,1,1,1,1,2,1,1,1,2,2,2,2,0,1,2,2,1,2,2,20,16,22,Moderate,Severe,Moderate
1,1,2,0,0,0,1,1,0,1,0,2,1,0,0,1,1,1,0,0,0,12,4,10,Mild,Normal,Normal
2,1,2,1,2,0,0,3,1,2,3,2,3,2,2,3,1,2,0,0,1,28,10,28,Extremely Severe,Moderate,Severe
2,2,1,0,2,2,1,1,3,1,2,2,2,1,0,1,2,2,3,2,1,20,22,24,Moderate,Extremely Severe,Moderate
0,1,1,2,1,0,1,1,2,1,0,1,2,0,0,2,1,0,0,1,1,18,14,4,Moderate,Moderate,Normal
1,1,2,2,1,1,1,2,2,2,3,1,3,2,1,2,1,1,0,2,1,24,18,22,Severe,Severe,Moderate
2,0,1,1,2,3,1,2,2,2,2,3,3,2,0,2,2,2,0,3,2,28,14,32,Extremely Severe,Moderate,Severe
1,1,1,0,0,1,2,1,2,1,1,2,1,1,0,1,0,0,3,0,1,10,16,14,Mild,Severe,Normal
2,2,2,0,2,2,0,3,2,2,2,3,3,2,0,3,3,3,0,2,3,36,12,34,Extremely Severe,Moderate,Extremely Severe
1,0,0,0,0,2,0,2,0,1,2,0,1,1,0,1,1,0,0,0,0,8,0,16,Normal,Normal,Mild
3,1,3,3,3,1,1,1,2,3,3,1,3,1,1,3,3,1,2,0,3,42,20,22,Extremely Severe,Extremely Severe,Moderate
0,0,0,0,0,1,0,0,0,0,1,0,0,0,0,0,0,0,0,0,1,2,0,4,Normal,Normal,Normal
2,0,2,0,0,2,0,1,2,3,2,1,1,1,0,2,2,2,1,2,2,24,10,22,Severe,Moderate,Moderate
3,3,2,2,2,3,3,2,3,3,3,1,3,3,2,3,3,3,2,1,3,38,32,36,Extremely Severe,Extremely Severe,Extremely Severe
1,2,1,0,0,1,0,1,0,1,1,0,1,1,0,2,1,2,0,0,0,12,4,14,Mild,Normal,Normal
2,3,1,2,2,3,3,1,2,3,1,1,3,0,0,2,0,0,3,0,1,24,26,16,Severe,Extremely Severe,Mild
2,0,2,2,2,2,0,1,1,2,2,1,2,2,1,2,2,2,0,0,1,26,8,24,Severe,Mild,Moderate
3,1,2,1,2,2,1,2,3,2,3,2,3,3,1,3,3,2,3,2,2,34,24,34,Extremely Severe,Extremely Severe,Extremely Severe
2,1,2,1,3,3,2,1,1,3,3,1,3,0,1,2,2,1,0,3,3,36,18,22,Extremely Severe,Severe,Moderate
2,0,0,0,3,3,0,3,3,1,1,2,2,1,1,1,1,2,0,2,1,18,12,28,Moderate,Moderate,Severe
1,0,0,1,1,0,0,0,0,2,1,0,2,2,0,2,0,1,0,0,2,18,2,10,Moderate,Normal,Normal
3,3,1,3,1,1,3,1,3,1,2,1,1,3,1,3,2,1,1,1,2,22,30,24,Severe,Extremely Severe,Moderate
2,0,3,1,3,3,2,3,2,3,2,2,3,3,1,3,3,1,2,1,3,42,18,32,Extremely Severe,Severe,Severe
2,0,1,1,2,2,0,1,2,1,3,1,1,2,0,2,1,2,0,0,1,18,6,26,Moderate,Normal,Severe
3,3,2,1,3,3,0,3,0,3,3,2,3,3,3,3,3,3,2,1,3,40,20,40,Extremely Severe,Extremely Severe,Extremely Severe
0,0,0,1,1,2,0,3,1,0,0,3,1,3,1,0,0,0,1,1,0,4,10,22,Normal,Moderate,Moderate
2,3,2,0,2,2,1,1,3,2,3,3,2,3,1,2,3,2,1,3,2,30,24,32,Extremely Severe,Extremely Severe,Severe
3,1,1,3,3,3,2,2,3,3,2,1,3,0,0,3,3,3,3,1,3,38,26,28,Extremely Severe,Extremely Severe,Severe
2,2,1,1,1,2,1,1,2,1,3,2,2,2,1,1,1,3,1,2,1,16,20,30,Moderate,Extremely Severe,Severe
3,1,0,1,1,2,1,1,1,1,1,1,2,0,0,1,0,3,3,1,0,10,16,22,Mild,Severe,Moderate
1,0,1,0,0,1,0,0,0,3,2,0,1,0,0,1,2,1,3,0,0,16,6,10,Moderate,Normal,Normal
1,1,0,0,0,1,0,1,1,0,1,0,0,1,0,1,0,1,0,0,0,2,4,12,Normal,Normal,Normal
1,1,1,0,1,1,0,1,1,1,1,1,1,1,0,1,1,1,0,1,1,14,6,14,Moderate,Normal,Normal
3,3,3,1,3,2,2,3,3,3,3,3,3,3,2,3,3,2,3,2,3,42,32,38,Extremely Severe,Extremely Severe,Extremely Severe
3,2,3,2,0,1,1,2,3,3,1,1,2,3,0,2,3,2,1,3,3,32,24,26,Extremely Severe,Extremely Severe,Severe
3,3,3,2,3,3,2,3,3,3,3,2,3,3,2,3,3,3,3,3,1,38,36,40,Extremely Severe,Extremely Severe,Extremely Severe
2,0,0,0,0,0,0,3,0,0,0,0,1,2,0,0,0,0,0,0,0,2,0,14,Normal,Normal,Normal
3,2,1,2,2,0,1,1,3,3,3,1,3,1,3,3,2,0,0,3,2,32,28,18,Extremely Severe,Extremely Severe,Mild
1,0,1,0,1,1,0,0,1,0,1,0,1,1,0,0,1,1,0,0,0,8,2,10,Normal,Normal,Normal
2,3,2,1,3,1,3,1,1,3,2,2,1,3,1,3,2,2,2,3,2,32,28,26,Extremely Severe,Extremely Severe,Severe
0,1,0,1,1,0,1,1,2,1,0,1,0,0,0,0,3,0,0,1,1,12,12,4,Mild,Moderate,Normal
0,0,0,0,1,1,0,1,0,1,1,1,1,3,2,1,3,3,0,2,1,16,8,20,Moderate,Mild,Moderate
3,0,2,1,2,3,1,3,3,2,3,3,2,3,1,2,3,0,0,3,2,30,18,36,Extremely Severe,Severe,Extremely Severe
1,0,0,0,0,1,0,0,0,1,1,0,0,1,0,1,0,1,0,0,0,4,0,10,Normal,Normal,Normal
3,2,0,3,1,3,3,1,3,1,3,3,3,2,2,3,3,3,1,3,1,24,34,36,Severe,Extremely Severe,Extremely Severe
0,1,0,0,0,0,0,0,0,0,0,0,0,0,0,1,0,0,0,0,0,2,2,0,Normal,Normal,Normal
3,3,2,3,3,3,0,3,2,3,3,3,3,3,2,3,3,3,3,3,3,40,32,42,Extremely Severe,Extremely Severe,Extremely Severe
1,1,1,1,1,0,1,1,1,1,1,0,2,2,1,2,2,0,3,2,2,22,20,10,Severe,Extremely Severe,Normal
2,1,2,0,1,3,0,3,2,2,3,2,3,2,1,3,3,2,0,1,1,30,10,34,Extremely Severe,Moderate,Extremely Severe
1,1,0,0,1,1,1,1,2,0,1,1,1,2,0,0,1,1,0,0,0,6,8,16,Normal,Mild,Mild
1,0,1,0,1,0,0,0,1,1,0,1,1,1,0,2,2,0,0,1,1,18,4,6,Moderate,Normal,Normal
2,1,1,1,2,2,2,3,3,3,2,3,3,2,3,3,3,2,1,3,3,36,28,32,Extremely Severe,Extremely Severe,Severe
1,2,1,0,1,2,0,1,2,1,1,1,2,2,0,1,2,1,0,0,1,18,8,18,Moderate,Mild,Mild
1,0,0,0,1,1,0,1,2,3,3,2,2,1,0,2,3,3,0,0,1,24,4,24,Severe,Normal,Moderate
2,1,0,0,1,0,1,0,0,2,1,0,1,3,0,2,2,0,0,1,1,18,6,12,Moderate,Normal,Normal
1,0,1,1,2,1,1,2,2,0,1,2,1,0,0,1,1,2,0,2,0,12,12,18,Mild,Moderate,Mild
2,3,2,0,1,0,0,1,2,3,1,0,2,1,1,2,3,1,1,1,2,30,16,12,Extremely Severe,Severe,Normal
2,1,1,1,1,2,1,0,1,1,2,1,1,3,1,2,0,0,1,3,1,14,18,20,Moderate,Severe,Moderate
1,0,2,1,0,1,0,1,1,0,0,2,1,1,1,1,1,0,0,1,1,12,8,12,Mild,Mild,Normal
1,0,0,2,1,1,1,0,1,1,1,2,1,2,0,1,1,1,0,1,1,12,10,16,Mild,Moderate,Mild
1,3,1,3,1,0,1,3,2,1,2,3,3,3,1,1,1,0,1,3,1,18,28,24,Moderate,Extremely Severe,Moderate
3,0,0,0,1,1,2,1,3,0,3,1,1,3,0,1,2,0,0,0,0,10,10,24,Mild,Moderate,Moderate
3,3,1,2,3,2,2,3,3,1,3,3,2,2,1,3,3,1,0,0,0,26,22,34,Severe,Extremely Severe,Extremely Severe
3,2,2,1,1,3,0,1,3,3,3,3,3,3,1,3,3,0,0,0,3,36,14,32,Extremely Severe,Moderate,Severe
2,2,1,2,2,2,2,2,2,2,3,2,2,3,2,1,2,1,2,2,2,24,28,30,Severe,Extremely Severe,Severe
1,1,0,0,0,1,2,1,1,0,1,0,1,2,0,1,1,0,0,0,1,8,8,12,Normal,Mild,Normal
1,0,1,3,1,3,0,1,3,3,1,1,3,1,0,3,1,1,0,1,1,26,14,18,Severe,Moderate,Mild
3,0,1,3,1,1,0,3,0,2,2,0,2,3,2,2,1,0,1,0,2,22,12,24,Severe,Moderate,Moderate
3,0,2,3,1,1,2,3,2,1,3,2,3,3,3,2,3,2,3,3,3,30,32,34,Extremely Severe,Extremely Severe,Extremely Severe
0,0,0,0,0,0,0,0,0,0,0,0,0,0,0,0,0,0,0,0,0,0,0,0,Normal,Normal,Normal
1,3,1,0,1,1,2,3,1,1,3,1,3,3,1,0,0,2,3,2,3,18,24,28,Moderate,Extremely Severe,Severe
1,3,1,1,1,1,1,1,2,2,2,3,1,3,1,1,2,1,1,1,1,18,20,24,Moderate,Extremely Severe,Moderate
3,3,3,1,3,3,3,3,3,3,3,3,3,3,3,3,3,3,3,3,3,42,38,42,Extremely Severe,Extremely Severe,Extremely Severe
2,0,2,2,2,1,0,1,2,1,3,3,2,2,0,0,1,2,1,2,2,20,14,28,Moderate,Moderate,Severe
1,2,0,1,1,1,1,1,3,2,0,1,0,3,3,1,0,1,0,2,1,10,24,16,Mild,Extremely Severe,Mild
1,3,0,1,1,2,0,1,2,1,1,3,1,3,0,3,1,2,3,2,0,14,22,26,Moderate,Extremely Severe,Severe
0,0,0,0,2,0,0,0,1,0,1,1,1,1,0,0,0,1,0,1,0,6,4,8,Normal,Normal,Normal
0,0,0,0,0,0,0,0,0,0,0,0,1,0,0,0,0,0,0,0,0,2,0,0,Normal,Normal,Normal
3,3,2,0,0,0,2,3,3,3,3,3,3,3,1,3,3,3,3,3,3,34,30,36,Extremely Severe,Extremely Severe,Extremely Severe
2,1,1,3,3,2,1,2,3,2,1,2,3,3,2,2,3,1,2,2,2,32,28,26,Extremely Severe,Extremely Severe,Severe
2,3,3,3,3,2,2,1,3,3,2,3,3,1,0,3,3,3,1,2,3,42,28,28,Extremely Severe,Extremely Severe,Severe
3,2,2,2,2,3,1,2,3,3,2,3,3,1,1,2,3,2,1,3,2,34,26,32,Extremely Severe,Extremely Severe,Severe
1,1,1,0,1,1,0,1,1,0,1,0,1,2,0,1,1,1,0,0,0,10,4,14,Mild,Normal,Normal
0,1,0,0,1,1,0,0,1,1,1,2,0,0,0,0,2,0,3,2,1,10,14,8,Mild,Moderate,Normal
3,3,2,2,3,3,3,3,3,3,3,3,3,3,3,3,3,3,3,3,3,40,40,42,Extremely Severe,Extremely Severe,Extremely Severe
2,2,2,3,2,2,1,2,3,3,2,2,3,2,1,2,2,2,2,2,3,34,28,28,Extremely Severe,Extremely Severe,Severe
3,0,3,2,2,3,2,2,3,2,3,2,3,2,1,2,3,2,1,3,3,36,24,34,Extremely Severe,Extremely Severe,Extremely Severe
0,0,0,0,0,0,0,1,1,0,1,0,1,0,0,0,0,1,0,0,0,2,2,6,Normal,Normal,Normal
3,0,0,1,3,3,1,3,1,1,3,3,3,1,1,2,2,3,0,2,0,22,12,38,Severe,Moderate,Extremely Severe
3,2,1,0,3,2,0,2,3,1,3,3,2,2,0,2,1,2,0,2,2,24,14,34,Severe,Moderate,Extremely Severe
0,3,2,0,3,1,0,0,3,3,3,3,3,0,2,1,3,0,0,3,3,36,22,14,Extremely Severe,Extremely Severe,Normal
3,1,3,2,1,1,0,1,2,1,3,2,0,3,1,2,3,2,0,2,0,20,16,30,Moderate,Severe,Severe
2,1,0,1,1,3,2,1,2,1,3,3,2,3,0,3,2,1,3,1,2,22,20,32,Severe,Extremely Severe,Severe
2,0,2,1,2,1,1,1,1,2,2,1,2,0,0,0,1,1,0,2,1,20,10,16,Moderate,Moderate,Mild
2,3,1,3,2,1,3,3,3,1,0,3,1,1,0,2,0,0,2,2,0,14,32,20,Moderate,Extremely Severe,Moderate
2,1,1,2,1,1,2,1,2,1,1,3,1,2,1,1,1,1,3,1,1,14,24,22,Moderate,Extremely Severe,Moderate
1,3,1,2,1,3,0,2,2,0,2,2,1,2,1,1,0,2,1,2,1,10,22,28,Mild,Extremely Severe,Severe
2,1,1,0,2,3,2,1,3,1,3,1,3,3,0,2,3,1,2,2,2,28,20,28,Extremely Severe,Extremely Severe,Severe
1,1,0,1,0,0,0,0,1,0,0,1,1,1,0,1,0,0,1,0,0,4,8,6,Normal,Mild,Normal
1,2,1,3,1,1,3,3,3,3,1,3,2,0,0,0,3,1,3,2,3,26,32,20,Severe,Extremely Severe,Moderate
3,0,3,3,3,3,3,3,3,3,3,3,3,3,0,3,3,2,0,3,3,42,24,40,Extremely Severe,Extremely Severe,Extremely Severe
1,1,1,0,0,2,0,1,3,0,1,1,1,2,1,2,0,1,0,1,0,8,12,18,Normal,Moderate,Mild
2,2,1,0,2,2,0,0,1,0,2,2,2,1,0,1,1,2,0,1,0,14,8,22,Moderate,Mild,Moderate
2,0,3,1,1,2,1,1,2,2,3,1,3,2,0,2,2,2,0,2,2,30,12,26,Extremely Severe,Moderate,Severe
3,0,3,0,0,1,0,3,1,1,3,0,3,3,0,3,0,0,0,0,2,24,2,26,Severe,Normal,Severe
3,0,1,0,2,3,0,1,1,0,3,3,3,3,0,0,1,2,0,2,1,16,6,36,Moderate,Normal,Extremely Severe
0,1,0,0,0,0,0,3,0,1,0,0,0,2,0,0,0,0,0,0,1,4,2,10,Normal,Normal,Normal
2,1,0,1,0,2,0,0,0,1,2,1,1,0,0,1,1,0,0,1,1,10,6,14,Mild,Normal,Normal
2,0,1,0,1,2,1,1,1,2,1,2,2,3,0,0,0,2,0,1,1,14,6,26,Moderate,Normal,Severe
3,3,3,0,2,3,0,3,3,2,3,2,3,3,1,2,1,2,0,2,2,30,18,38,Extremely Severe,Severe,Extremely Severe
3,2,1,2,3,2,1,2,3,3,3,3,3,3,2,3,3,3,1,2,3,38,26,38,Extremely Severe,Extremely Severe,Extremely Severe
1,0,0,0,0,0,0,1,0,0,1,1,0,0,0,0,0,1,0,1,0,0,2,10,Normal,Normal,Normal
2,1,2,0,1,1,0,0,0,2,1,1,1,2,0,1,1,2,0,0,1,18,2,18,Moderate,Normal,Mild
1,0,0,0,1,0,0,0,1,0,0,0,1,1,0,0,0,0,0,0,0,4,2,4,Normal,Normal,Normal
1,1,0,2,1,2,0,0,3,0,1,0,0,2,0,0,0,1,2,0,0,2,16,14,Normal,Severe,Normal
0,0,0,2,2,0,1,0,1,0,0,1,1,1,1,1,2,0,0,1,2,16,12,4,Moderate,Moderate,Normal
2,0,1,0,1,1,0,2,3,1,2,3,1,3,0,2,2,2,1,2,1,18,12,30,Moderate,Moderate,Severe
1,0,0,0,2,1,0,1,1,3,1,0,3,0,0,0,2,1,0,0,1,22,2,10,Severe,Normal,Normal
1,0,1,0,1,2,0,3,3,3,3,2,3,1,1,2,3,2,1,1,3,32,12,28,Extremely Severe,Moderate,Severe
0,0,0,0,0,0,1,0,0,0,0,0,0,0,0,0,0,0,0,0,0,0,2,0,Normal,Normal,Normal
3,1,1,0,0,2,0,1,3,1,1,2,2,1,1,0,0,0,0,2,1,10,14,20,Mild,Moderate,Moderate
1,0,1,0,1,1,0,1,1,0,2,1,1,0,0,0,1,1,0,1,1,10,4,14,Mild,Normal,Normal
2,0,1,0,1,1,0,1,2,1,3,2,3,2,0,1,3,3,0,1,0,20,6,28,Moderate,Normal,Severe
1,2,3,2,2,1,1,2,2,1,2,2,2,1,2,1,1,1,1,2,2,24,24,20,Severe,Extremely Severe,Moderate
1,1,0,0,1,1,0,0,1,1,0,1,1,0,0,1,1,1,0,0,0,10,4,8,Mild,Normal,Normal
0,0,0,0,1,0,0,0,0,0,1,0,1,0,0,0,0,0,0,1,0,4,2,2,Normal,Normal,Normal
2,0,3,1,3,3,0,3,1,3,3,1,3,3,0,3,3,3,0,1,3,42,6,36,Extremely Severe,Normal,Extremely Severe
2,0,1,0,1,1,0,1,0,2,1,2,2,1,0,0,1,2,0,1,0,14,2,20,Moderate,Normal,Moderate
0,0,0,0,0,0,0,1,0,0,0,0,0,0,0,0,0,0,0,0,0,0,0,2,Normal,Normal,Normal
3,3,2,2,3,3,3,3,3,1,2,3,3,3,3,3,3,3,3,3,2,34,40,40,Extremely Severe,Extremely Severe,Extremely Severe
2,3,2,3,3,0,2,3,3,2,2,3,2,3,2,3,1,2,2,3,3,32,36,30,Extremely Severe,Extremely Severe,Severe
3,0,2,2,2,3,2,3,1,1,3,1,2,3,0,2,2,2,2,1,1,24,16,36,Severe,Severe,Extremely Severe
1,2,2,3,2,2,2,3,3,1,3,3,3,2,2,1,1,2,1,1,2,24,28,32,Severe,Extremely Severe,Severe
2,1,1,2,2,2,0,3,2,3,3,3,3,1,1,2,2,2,2,1,3,32,18,32,Extremely Severe,Severe,Severe
0,0,0,0,0,0,0,1,1,0,1,0,1,0,1,0,0,1,0,0,0,2,4,6,Normal,Normal,Normal
2,2,2,2,2,3,1,3,2,2,3,2,3,3,2,2,3,3,1,2,3,34,24,38,Extremely Severe,Extremely Severe,Extremely Severe
1,3,0,0,2,1,0,1,0,2,2,2,1,0,0,1,3,1,0,0,1,20,6,16,Moderate,Normal,Mild
2,3,3,2,3,3,0,0,3,3,2,1,3,3,0,2,1,1,2,3,1,32,26,24,Extremely Severe,Extremely Severe,Moderate
2,1,2,1,3,2,0,2,2,3,3,2,3,2,2,3,3,2,0,2,2,38,16,30,Extremely Severe,Severe,Severe
3,3,1,0,2,1,2,0,2,3,3,3,2,3,3,1,3,3,2,2,3,30,28,32,Extremely Severe,Extremely Severe,Severe
3,0,1,2,1,2,1,1,1,0,2,1,1,1,3,1,0,1,0,1,0,8,16,22,Normal,Severe,Moderate
0,0,0,0,0,1,0,0,1,0,1,1,0,1,0,0,2,0,0,1,0,4,4,8,Normal,Normal,Normal
2,2,1,2,1,1,0,1,3,1,2,2,1,2,0,1,1,3,3,3,0,12,26,26,Mild,Extremely Severe,Severe
1,3,3,3,3,1,3,3,2,3,1,3,3,1,3,3,3,3,3,3,3,42,40,26,Extremely Severe,Extremely Severe,Severe
2,0,0,2,2,2,2,2,2,1,3,2,1,3,2,2,2,0,1,2,0,16,22,28,Moderate,Extremely Severe,Severe
0,3,3,0,3,0,1,0,0,3,0,0,3,0,1,3,3,2,0,1,3,42,12,4,Extremely Severe,Moderate,Normal
1,0,1,0,1,1,1,3,1,1,1,1,1,1,1,1,1,1,1,1,1,14,10,18,Moderate,Moderate,Mild
3,0,3,3,3,3,3,3,3,3,3,3,3,3,1,3,3,1,1,3,3,42,28,38,Extremely Severe,Extremely Severe,Extremely Severe
2,1,2,0,2,2,0,0,1,0,3,1,2,2,0,0,1,2,1,1,1,16,8,24,Moderate,Mild,Moderate
1,0,2,0,1,0,0,0,0,1,1,1,1,0,0,1,0,1,0,0,1,14,0,8,Moderate,Normal,Normal
2,0,1,2,3,3,3,1,2,1,2,3,1,2,1,2,1,1,1,2,1,20,22,28,Moderate,Extremely Severe,Severe
1,0,1,1,1,2,0,1,1,1,1,1,1,0,0,1,2,0,0,0,2,18,4,12,Moderate,Normal,Normal
2,1,2,0,0,0,0,3,1,2,2,1,2,3,3,2,3,2,1,1,3,28,14,26,Extremely Severe,Moderate,Severe
3,3,3,1,3,3,3,3,3,3,3,3,3,3,3,3,3,3,0,3,3,42,32,42,Extremely Severe,Extremely Severe,Extremely Severe
1,0,2,2,2,1,1,1,2,2,2,2,3,1,1,1,2,1,2,2,2,28,20,18,Extremely Severe,Extremely Severe,Mild
3,2,1,1,2,3,0,0,3,2,2,1,3,1,0,2,3,0,0,3,2,30,18,20,Extremely Severe,Severe,Moderate
3,0,3,3,2,3,0,1,2,3,3,1,3,3,0,2,3,3,3,3,3,38,22,34,Extremely Severe,Extremely Severe,Extremely Severe
0,1,0,0,0,1,0,0,0,0,0,1,0,0,0,1,0,1,0,0,0,2,2,6,Normal,Normal,Normal
3,1,3,3,3,3,3,3,3,3,3,2,3,3,3,2,3,3,3,3,3,40,38,40,Extremely Severe,Extremely Severe,Extremely Severe
2,2,1,3,3,3,2,2,3,3,3,2,2,2,2,3,2,1,1,2,3,34,30,30,Extremely Severe,Extremely Severe,Severe
3,3,1,1,1,0,2,1,2,1,3,1,2,2,0,1,1,3,2,2,2,18,24,26,Moderate,Extremely Severe,Severe
3,0,2,1,3,2,0,3,1,3,3,3,3,2,0,3,3,3,0,2,3,40,8,38,Extremely Severe,Mild,Extremely Severe
0,2,0,0,0,1,0,1,3,0,2,1,1,0,0,0,1,0,0,0,1,6,10,10,Normal,Moderate,Normal
2,1,3,0,3,0,0,0,3,3,3,2,3,0,0,3,3,2,0,3,3,42,14,18,Extremely Severe,Moderate,Mild
1,0,2,0,1,2,0,1,3,1,3,3,2,1,0,0,1,1,0,2,0,14,10,24,Moderate,Moderate,Moderate
1,0,0,1,0,1,1,1,3,1,1,0,1,1,1,1,2,2,0,1,1,12,14,14,Mild,Moderate,Normal
3,1,1,1,1,3,1,2,3,2,2,1,1,3,1,1,1,2,1,3,1,16,22,32,Moderate,Extremely Severe,Severe
1,0,3,0,2,1,0,2,2,3,1,2,3,0,2,3,1,3,0,3,0,30,14,20,Extremely Severe,Moderate,Moderate
2,0,1,0,2,1,1,3,3,0,2,3,0,1,0,0,2,2,0,2,0,10,12,28,Mild,Moderate,Severe
1,0,0,0,1,1,0,1,1,0,1,1,0,1,0,0,0,1,1,1,0,2,6,14,Normal,Normal,Normal
1,2,2,1,2,2,1,1,2,2,2,2,2,1,1,2,2,2,1,1,2,28,18,22,Extremely Severe,Severe,Moderate
2,1,2,0,2,0,0,2,2,2,2,2,2,0,0,2,2,2,0,2,2,28,10,20,Extremely Severe,Moderate,Moderate
3,0,3,2,3,3,3,3,2,3,3,2,3,2,3,3,2,3,3,3,1,36,32,38,Extremely Severe,Extremely Severe,Extremely Severe
1,0,0,0,0,1,0,0,0,0,1,1,1,1,0,1,1,1,0,0,0,6,0,12,Normal,Normal,Normal
0,3,2,0,2,2,1,1,0,1,0,1,2,0,0,1,2,1,2,0,2,24,12,10,Severe,Moderate,Normal
1,1,1,0,0,1,0,0,1,0,1,1,0,1,0,0,0,1,0,1,0,2,6,12,Normal,Normal,Normal
3,3,1,0,2,1,2,2,3,1,3,3,3,0,0,1,3,3,0,1,2,26,18,30,Severe,Severe,Severe
1,0,1,0,0,1,0,1,0,1,1,0,1,1,0,0,0,1,0,0,0,6,0,12,Normal,Normal,Normal
2,2,2,0,1,3,1,2,2,0,3,1,2,1,0,2,1,3,0,1,0,16,12,30,Moderate,Moderate,Severe
3,0,2,1,3,3,0,3,3,3,3,3,3,1,1,2,2,3,1,3,2,34,18,38,Extremely Severe,Severe,Extremely Severe
2,2,2,2,2,3,1,2,3,3,2,2,3,2,1,3,1,3,3,3,2,32,30,32,Extremely Severe,Extremely Severe,Severe
3,0,2,0,3,3,0,3,3,3,3,2,3,0,3,3,3,3,2,3,3,40,22,34,Extremely Severe,Extremely Severe,Extremely Severe
0,0,0,0,0,0,0,0,0,0,0,0,0,0,0,0,0,0,0,0,0,0,0,0,Normal,Normal,Normal
2,0,0,0,0,0,1,3,3,0,0,3,1,3,1,0,1,1,0,3,1,6,16,24,Normal,Severe,Moderate
3,0,1,1,1,3,2,3,3,0,3,3,3,3,0,1,0,1,3,1,1,14,20,38,Moderate,Extremely Severe,Extremely Severe
1,1,0,1,3,1,0,3,0,1,1,2,2,2,0,2,0,0,0,0,0,16,4,20,Moderate,Normal,Moderate
3,3,0,2,3,3,2,2,1,0,3,2,2,3,2,2,3,3,3,2,1,22,30,38,Severe,Extremely Severe,Extremely Severe
2,3,1,1,2,3,2,2,2,2,1,2,2,3,2,2,2,0,2,2,2,26,28,26,Severe,Extremely Severe,Severe
2,3,3,3,2,2,1,2,2,3,3,2,3,3,2,3,3,2,2,1,2,38,28,32,Extremely Severe,Extremely Severe,Severe
2,0,0,2,1,1,2,2,1,1,2,1,0,2,1,0,0,2,2,0,0,4,16,24,Normal,Severe,Moderate
0,0,0,0,0,1,0,0,0,0,0,0,0,0,0,0,0,0,0,0,0,0,0,2,Normal,Normal,Normal
1,3,1,1,1,1,3,3,3,0,1,1,3,1,0,3,3,1,0,3,1,24,26,18,Severe,Extremely Severe,Mild
3,3,3,3,3,3,3,3,3,3,3,3,3,3,3,3,3,3,3,3,3,42,42,42,Extremely Severe,Extremely Severe,Extremely Severe
3,1,0,2,3,2,2,1,2,2,0,0,1,0,1,1,3,1,0,1,2,24,18,14,Severe,Severe,Normal
3,3,1,3,3,3,1,3,3,1,3,1,3,3,1,3,3,3,1,3,3,34,30,38,Extremely Severe,Extremely Severe,Extremely Severe
2,1,2,1,1,2,1,1,1,1,2,2,1,0,0,2,2,3,0,2,1,20,12,24,Moderate,Moderate,Moderate
1,1,1,0,2,1,0,1,1,2,2,2,2,1,0,0,1,2,1,0,0,16,6,20,Moderate,Normal,Moderate
3,3,3,3,3,3,3,3,2,1,3,2,2,0,3,3,3,3,3,0,3,36,34,34,Extremely Severe,Extremely Severe,Extremely Severe
2,2,1,0,1,3,1,2,1,1,3,1,2,2,1,2,0,1,1,2,0,14,16,28,Moderate,Severe,Severe
3,3,1,1,3,2,1,3,1,1,3,3,2,1,0,1,1,3,1,1,1,20,16,36,Moderate,Severe,Extremely Severe
1,2,0,2,0,3,1,0,1,1,2,1,1,3,0,0,1,1,1,2,0,6,18,22,Normal,Severe,Moderate
2,0,0,0,0,2,0,1,0,0,2,2,1,1,0,0,0,2,0,1,0,2,2,24,Normal,Normal,Moderate
3,1,2,0,2,1,1,3,3,3,2,3,2,1,0,2,2,1,0,1,1,28,12,28,Extremely Severe,Moderate,Severe
1,0,1,1,0,0,0,1,2,1,1,1,2,1,2,1,0,1,1,0,0,10,12,12,Mild,Moderate,Normal
3,1,3,1,3,1,0,0,3,3,3,3,3,0,0,3,3,3,3,2,3,42,20,26,Extremely Severe,Extremely Severe,Severe
1,0,1,0,1,0,0,0,0,0,1,0,1,1,0,3,1,0,0,0,2,18,0,6,Moderate,Normal,Normal
2,2,1,3,2,0,3,2,3,1,3,3,2,1,1,2,3,1,1,1,1,24,28,24,Severe,Extremely Severe,Moderate
1,0,2,1,1,1,1,1,3,1,1,1,1,2,1,2,1,1,1,1,1,18,16,16,Moderate,Severe,Mild
1,2,1,0,2,2,1,2,2,2,1,1,1,1,1,2,2,2,1,1,1,22,16,20,Severe,Severe,Moderate
2,0,1,1,3,1,0,2,3,3,3,2,3,2,0,2,3,1,1,2,3,36,14,26,Extremely Severe,Moderate,Severe
3,0,2,3,1,0,3,1,3,1,2,2,3,0,0,0,2,0,3,3,1,20,30,16,Moderate,Extremely Severe,Mild
3,0,3,2,3,3,2,3,3,3,3,1,3,3,1,1,3,3,3,2,2,36,26,38,Extremely Severe,Extremely Severe,Extremely Severe
1,0,0,0,0,1,2,1,1,1,0,1,2,1,0,0,1,1,2,1,2,12,12,12,Mild,Moderate,Normal
2,1,1,0,0,2,2,1,2,2,3,2,3,3,1,2,2,2,0,0,2,24,12,30,Severe,Moderate,Severe
1,2,1,2,1,2,3,1,1,0,3,2,1,2,1,2,1,1,1,2,1,14,24,24,Moderate,Extremely Severe,Moderate
3,2,3,1,2,3,2,3,3,3,3,2,3,3,1,1,3,2,1,3,3,36,26,38,Extremely Severe,Extremely Severe,Extremely Severe
0,1,0,0,0,2,0,1,0,0,1,1,0,1,0,0,0,0,0,0,0,0,2,12,Normal,Normal,Normal
2,1,2,0,1,1,1,1,1,1,1,1,1,1,1,2,1,1,2,1,0,16,14,16,Moderate,Moderate,Mild
0,0,0,0,0,0,0,1,0,0,0,0,0,0,1,0,0,1,0,0,0,0,2,4,Normal,Normal,Normal
0,0,0,0,0,0,0,0,0,0,1,0,0,1,0,0,0,0,0,0,0,0,0,4,Normal,Normal,Normal
2,1,1,1,2,1,1,2,1,0,2,1,1,2,2,2,1,2,0,1,0,14,14,24,Moderate,Moderate,Moderate
0,0,1,0,3,0,0,1,1,2,0,1,1,2,0,2,0,2,0,0,0,18,2,12,Moderate,Normal,Normal
3,1,1,1,2,1,1,2,3,1,3,2,3,2,1,1,2,2,2,2,3,26,22,30,Severe,Extremely Severe,Severe
1,1,2,1,3,0,1,2,1,2,0,1,3,1,2,3,3,1,0,2,2,36,16,12,Extremely Severe,Severe,Normal
1,1,0,0,1,1,0,0,1,0,1,1,1,0,1,0,0,1,0,1,1,6,8,10,Normal,Mild,Normal
1,0,1,2,0,0,1,1,2,0,0,3,0,0,0,1,2,0,0,1,0,8,12,10,Normal,Moderate,Normal
2,3,1,1,2,1,1,2,2,2,3,1,3,3,1,1,3,0,1,2,2,28,22,24,Extremely Severe,Extremely Severe,Moderate
3,3,3,1,2,3,1,3,1,2,3,2,3,3,1,3,3,1,2,1,3,38,20,36,Extremely Severe,Extremely Severe,Extremely Severe
3,0,1,0,1,1,1,2,3,2,3,0,3,1,0,3,3,3,0,3,2,30,14,26,Extremely Severe,Moderate,Severe
0,0,1,1,1,1,1,2,2,2,2,2,2,1,2,2,2,0,2,2,1,22,20,16,Severe,Extremely Severe,Mild
3,3,2,3,3,1,3,1,3,2,2,3,3,0,2,3,3,1,1,2,3,38,34,22,Extremely Severe,Extremely Severe,Moderate
3,1,1,1,2,3,1,1,1,1,3,3,1,2,0,0,0,1,1,1,0,10,12,32,Mild,Moderate,Severe
1,0,2,3,0,3,2,3,3,1,3,3,0,3,2,1,3,1,1,1,2,18,24,34,Moderate,Extremely Severe,Extremely Severe
1,0,0,1,1,2,0,2,2,0,1,0,2,1,0,0,0,1,1,0,0,6,8,16,Normal,Mild,Mild
1,1,2,2,0,1,2,2,1,1,2,1,3,0,0,3,1,1,2,3,0,20,22,16,Moderate,Extremely Severe,Mild
1,0,0,0,1,1,0,1,1,1,1,0,0,2,0,1,0,0,0,1,1,8,4,12,Normal,Normal,Normal
1,0,0,0,2,1,0,0,0,0,1,1,2,0,0,2,2,0,0,0,2,20,0,8,Moderate,Normal,Normal
1,0,0,0,0,0,0,0,0,0,0,0,0,0,0,1,0,1,0,1,0,2,2,4,Normal,Normal,Normal
2,1,3,1,2,1,1,3,3,2,1,3,2,1,0,2,1,0,3,2,1,26,22,22,Severe,Extremely Severe,Moderate
0,0,0,0,2,1,0,0,1,2,3,0,0,2,0,0,3,0,0,0,0,14,2,12,Moderate,Normal,Normal
3,0,0,1,1,2,1,2,1,1,2,2,1,1,0,0,0,1,1,2,1,8,12,26,Normal,Moderate,Severe
3,1,2,0,1,2,1,0,1,1,2,3,2,1,1,2,0,3,3,3,0,16,20,28,Moderate,Extremely Severe,Severe
0,0,1,0,2,1,0,1,0,0,0,0,0,0,0,0,0,1,0,0,0,6,0,6,Normal,Normal,Normal
3,2,3,2,3,3,2,3,3,3,3,2,3,3,2,3,3,3,2,3,2,40,32,40,Extremely Severe,Extremely Severe,Extremely Severe
2,0,1,1,1,1,1,1,2,1,2,1,2,3,1,3,1,1,0,2,1,20,14,22,Moderate,Moderate,Moderate
3,3,2,1,3,3,1,1,3,3,3,3,3,3,2,1,3,3,1,3,3,36,28,38,Extremely Severe,Extremely Severe,Extremely Severe
3,3,2,1,3,3,1,3,3,3,3,3,3,3,0,1,3,1,3,2,1,32,26,38,Extremely Severe,Extremely Severe,Extremely Severe
3,3,2,2,3,3,1,2,2,3,2,1,3,2,1,3,3,3,0,0,3,40,18,32,Extremely Severe,Severe,Severe
1,1,1,1,1,1,1,1,1,1,1,1,1,3,1,1,0,1,1,1,1,12,14,18,Mild,Moderate,Mild
3,2,1,1,3,2,1,2,3,0,3,3,2,3,0,1,0,3,3,1,1,16,22,38,Moderate,Extremely Severe,Extremely Severe
3,3,1,1,1,3,2,1,3,1,3,3,3,3,1,1,3,3,3,2,3,26,30,38,Severe,Extremely Severe,Extremely Severe
1,0,0,1,1,0,0,1,1,2,1,1,0,0,0,3,1,0,1,0,2,18,6,8,Moderate,Normal,Normal
1,0,0,0,0,0,0,0,0,0,0,0,0,0,1,0,0,0,1,1,2,4,6,2,Normal,Normal,Normal
1,1,1,0,1,1,0,1,1,1,1,1,1,1,1,1,1,1,0,1,1,14,8,14,Moderate,Mild,Normal
1,0,0,1,0,1,2,1,2,0,1,2,0,0,0,0,0,1,2,2,0,0,18,14,Normal,Severe,Normal
2,1,3,3,3,3,3,2,3,3,3,3,3,3,3,3,3,1,1,3,3,42,34,34,Extremely Severe,Extremely Severe,Extremely Severe
2,1,2,1,2,1,2,1,2,2,2,2,2,1,1,1,2,1,1,2,2,26,20,20,Severe,Extremely Severe,Moderate
2,0,2,0,0,3,1,1,2,1,2,3,1,3,1,0,1,2,1,1,0,10,12,32,Mild,Moderate,Severe
2,0,2,0,2,3,0,1,2,3,2,3,1,3,0,3,3,3,0,3,3,34,10,34,Extremely Severe,Moderate,Extremely Severe
3,0,1,0,3,3,0,3,3,2,3,2,3,3,2,2,3,2,1,1,2,32,14,38,Extremely Severe,Moderate,Extremely Severe
2,1,0,0,0,1,0,1,2,0,2,0,0,0,0,1,0,1,0,1,0,2,8,14,Normal,Mild,Normal
1,2,1,1,1,1,0,0,1,0,2,1,2,2,0,1,1,1,0,1,0,12,10,16,Mild,Moderate,Mild
0,1,0,0,0,3,2,0,3,0,1,2,0,2,0,0,2,2,2,2,0,4,20,20,Normal,Extremely Severe,Moderate
2,1,1,1,2,3,2,2,3,1,3,2,2,2,0,1,3,0,1,3,3,26,22,28,Severe,Extremely Severe,Severe
2,1,1,3,2,3,1,3,3,1,3,3,3,3,2,3,2,2,1,3,2,28,28,38,Extremely Severe,Extremely Severe,Extremely Severe
3,1,1,0,1,2,1,2,2,1,2,1,3,1,1,1,2,2,0,2,1,20,14,26,Moderate,Moderate,Severe
3,0,1,1,3,2,2,1,1,2,2,1,3,1,1,1,1,3,1,0,0,22,12,26,Severe,Moderate,Severe
2,3,3,1,2,1,1,2,2,2,2,3,3,2,1,3,3,2,2,3,2,36,26,28,Extremely Severe,Extremely Severe,Severe
2,3,2,3,2,2,2,3,3,2,2,3,2,3,2,2,2,2,3,2,1,26,36,34,Severe,Extremely Severe,Extremely Severe
1,0,3,2,3,0,1,2,3,3,3,2,3,2,2,3,3,2,3,1,3,42,24,24,Extremely Severe,Extremely Severe,Moderate
3,3,3,3,3,3,3,3,3,3,3,3,3,3,3,3,2,3,2,3,3,40,40,42,Extremely Severe,Extremely Severe,Extremely Severe
2,3,1,1,3,2,1,2,2,2,3,2,3,2,1,2,1,3,0,2,3,30,20,32,Extremely Severe,Extremely Severe,Severe
2,0,2,0,2,1,0,0,0,0,2,1,3,0,0,1,0,0,1,0,0,16,2,12,Moderate,Normal,Normal
2,0,1,2,2,2,0,2,2,3,3,2,3,2,1,3,3,2,2,2,3,36,18,30,Extremely Severe,Severe,Severe
1,0,2,0,1,1,0,2,2,2,1,3,3,1,0,2,3,1,0,2,2,30,8,20,Extremely Severe,Mild,Moderate
3,2,2,1,2,3,1,2,3,2,3,2,2,3,1,2,2,1,1,2,2,28,22,34,Extremely Severe,Extremely Severe,Extremely Severe
1,0,0,0,0,2,0,0,1,0,2,1,2,3,0,0,0,0,1,0,1,6,4,18,Normal,Normal,Mild
2,2,1,3,3,2,3,3,3,2,2,3,3,3,2,2,1,3,3,2,1,26,36,36,Severe,Extremely Severe,Extremely Severe
2,1,1,0,2,3,3,1,1,0,3,1,0,3,3,1,1,3,1,0,1,12,18,32,Mild,Severe,Severe
3,1,1,0,1,2,1,2,1,1,1,1,1,0,0,2,2,2,1,0,1,18,8,22,Moderate,Mild,Moderate
2,0,2,3,2,2,0,2,3,2,3,1,3,3,1,3,3,3,1,2,3,36,20,32,Extremely Severe,Extremely Severe,Severe
2,1,0,1,1,2,1,1,2,1,1,1,2,2,1,2,1,1,0,0,1,16,12,20,Moderate,Moderate,Moderate
2,1,0,1,1,1,2,0,2,2,2,2,0,2,1,0,1,1,3,1,0,8,22,20,Normal,Extremely Severe,Moderate
1,0,0,0,2,0,0,0,1,1,0,0,2,1,0,1,1,0,0,0,1,16,2,4,Moderate,Normal,Normal
1,0,0,0,0,0,0,0,0,0,0,0,0,0,0,0,0,1,0,0,0,0,0,4,Normal,Normal,Normal
2,3,2,3,2,2,2,3,2,2,2,3,2,1,1,2,2,2,1,3,2,28,30,30,Extremely Severe,Extremely Severe,Severe
3,2,3,1,3,2,1,2,2,3,3,2,3,2,2,3,3,1,2,2,3,42,24,30,Extremely Severe,Extremely Severe,Severe
3,1,2,2,2,1,1,1,3,2,3,1,1,3,0,1,3,3,3,2,1,24,24,30,Severe,Extremely Severe,Severe
2,2,2,2,2,2,3,1,3,3,1,2,3,3,1,3,3,2,1,2,3,38,28,26,Extremely Severe,Extremely Severe,Severe
0,3,1,0,2,2,1,1,2,2,2,1,2,1,1,2,2,1,2,1,2,26,20,16,Severe,Extremely Severe,Mild
3,3,1,2,3,2,0,3,3,2,3,0,3,3,3,3,2,0,3,1,3,34,30,28,Extremely Severe,Extremely Severe,Severe
1,0,1,0,0,2,0,0,1,0,0,1,1,1,2,0,1,1,0,0,0,6,6,12,Normal,Normal,Normal
3,0,3,1,2,2,0,3,3,3,1,3,3,2,1,3,3,2,2,2,3,40,18,32,Extremely Severe,Severe,Severe
2,1,1,0,3,2,0,3,2,1,2,2,1,3,0,0,2,3,0,1,1,18,8,34,Moderate,Mild,Extremely Severe
3,3,3,2,3,3,1,2,1,3,3,2,3,3,3,3,3,3,2,3,3,42,30,38,Extremely Severe,Extremely Severe,Extremely Severe
2,3,2,1,1,1,1,3,2,1,3,1,1,2,0,3,1,1,1,1,1,20,18,26,Moderate,Severe,Severe
3,3,3,3,3,3,3,3,3,3,3,3,3,3,3,3,2,3,3,3,3,40,42,42,Extremely Severe,Extremely Severe,Extremely Severe
1,0,1,1,0,0,0,2,2,1,0,1,1,2,0,0,0,1,1,0,0,6,8,14,Normal,Mild,Normal
1,1,3,2,2,3,2,3,3,2,1,3,3,2,1,2,2,1,2,0,2,32,22,28,Extremely Severe,Extremely Severe,Severe
2,2,1,2,2,2,3,2,2,1,2,2,2,3,2,3,1,2,2,2,2,24,30,30,Severe,Extremely Severe,Severe
3,0,2,0,3,1,2,3,3,2,2,3,2,2,0,3,3,2,0,3,2,34,16,32,Extremely Severe,Severe,Severe
0,1,0,0,1,0,0,1,1,0,0,0,0,1,0,0,0,0,0,0,0,2,4,4,Normal,Normal,Normal
2,2,1,2,1,1,1,1,2,0,2,1,3,2,1,3,3,1,1,1,0,22,20,20,Severe,Extremely Severe,Moderate
0,1,1,3,1,0,3,1,2,3,0,1,0,1,1,2,1,1,0,1,1,18,22,8,Moderate,Extremely Severe,Normal
1,0,0,1,2,1,2,0,3,1,1,2,2,0,1,1,1,1,0,1,0,14,16,12,Moderate,Severe,Normal
2,1,3,1,3,3,0,2,3,3,3,1,3,1,2,3,3,3,0,1,3,42,16,30,Extremely Severe,Severe,Severe
3,2,2,2,3,1,1,3,2,3,3,3,3,2,3,1,3,2,1,2,3,36,26,34,Extremely Severe,Extremely Severe,Extremely Severe
3,3,1,1,3,2,2,2,3,2,1,1,2,2,1,1,3,3,1,3,2,28,28,28,Extremely Severe,Extremely Severe,Severe
3,1,1,1,1,0,0,1,2,0,0,0,1,3,0,3,2,1,0,1,0,16,10,16,Moderate,Moderate,Mild
2,0,1,1,1,2,2,2,2,0,2,2,1,2,1,0,1,1,1,1,0,8,16,26,Normal,Severe,Severe
1,3,0,0,0,2,1,0,0,0,2,1,0,1,1,0,3,3,0,3,1,8,16,20,Normal,Severe,Moderate
0,0,0,0,0,0,0,0,0,0,0,0,0,0,0,0,0,0,0,0,0,0,0,0,Normal,Normal,Normal
1,1,0,0,0,0,0,1,2,1,1,0,1,1,0,1,1,0,0,0,1,10,6,8,Mild,Normal,Normal
1,1,0,1,0,1,1,0,1,1,1,1,1,1,0,0,0,1,0,0,0,4,8,12,Normal,Mild,Normal
2,0,1,0,0,1,0,0,1,0,3,1,3,1,0,1,2,2,0,2,1,16,6,20,Moderate,Normal,Moderate
3,2,2,2,2,3,1,3,3,2,2,2,3,1,1,3,3,1,0,3,3,36,24,30,Extremely Severe,Extremely Severe,Severe
1,3,1,0,1,0,0,0,1,0,0,0,0,0,0,1,0,0,0,1,1,8,10,2,Normal,Moderate,Normal
0,1,2,0,1,1,0,1,2,2,1,3,1,1,1,0,1,1,0,1,0,14,10,16,Moderate,Moderate,Mild
3,0,3,1,2,3,1,3,3,1,3,1,3,3,0,1,3,1,1,3,3,32,18,34,Extremely Severe,Severe,Extremely Severe
3,3,2,3,3,3,2,1,3,3,3,3,2,1,3,3,2,1,3,2,3,36,38,30,Extremely Severe,Extremely Severe,Severe
1,1,1,0,0,1,1,0,1,0,0,0,0,1,0,1,1,1,0,0,1,8,6,8,Normal,Normal,Normal
1,1,0,1,1,1,0,1,2,0,1,1,1,1,0,1,1,1,0,1,0,8,10,14,Normal,Moderate,Normal
2,0,3,3,2,3,2,2,3,0,2,0,3,3,2,2,1,1,2,3,1,24,30,26,Severe,Extremely Severe,Severe
2,0,1,0,0,1,0,2,2,0,1,1,1,2,0,1,1,1,0,1,1,10,6,20,Mild,Normal,Moderate
0,0,0,0,0,0,0,0,2,2,0,0,0,2,0,1,0,0,0,0,0,6,4,4,Normal,Normal,Normal
2,2,1,3,3,1,1,3,3,1,2,3,3,2,2,1,2,2,0,3,1,24,28,30,Severe,Extremely Severe,Severe
3,3,3,2,3,3,3,3,3,3,3,2,3,3,1,3,2,3,1,3,3,40,32,40,Extremely Severe,Extremely Severe,Extremely Severe
1,0,0,0,1,1,0,0,0,1,2,0,1,1,0,3,1,1,0,0,1,16,0,12,Moderate,Normal,Normal
3,1,2,2,3,2,3,3,2,3,3,1,3,3,0,2,3,0,3,3,2,36,28,30,Extremely Severe,Extremely Severe,Severe
1,0,3,0,0,3,0,3,2,3,2,3,2,1,0,0,3,1,0,1,2,26,6,28,Severe,Normal,Severe
2,1,3,2,3,3,1,3,2,3,3,3,2,3,3,3,3,1,3,3,3,40,30,36,Extremely Severe,Extremely Severe,Extremely Severe
2,1,3,1,3,1,1,3,3,3,3,3,3,3,1,3,3,2,1,1,3,42,18,34,Extremely Severe,Severe,Extremely Severe
3,1,1,2,2,1,1,1,3,0,3,1,1,2,1,0,3,1,0,1,1,16,18,24,Moderate,Severe,Moderate
1,1,1,0,2,2,0,2,1,1,2,3,2,3,2,2,1,2,0,1,1,20,10,30,Moderate,Moderate,Severe
2,3,2,0,2,0,2,1,2,2,3,0,3,2,2,3,3,3,0,1,2,34,20,22,Extremely Severe,Extremely Severe,Moderate
3,0,2,2,3,3,1,1,3,2,3,2,3,3,1,3,3,3,1,2,2,36,20,36,Extremely Severe,Extremely Severe,Extremely Severe
1,2,2,2,2,0,1,2,1,1,1,1,1,3,0,3,1,3,0,1,1,22,14,22,Severe,Moderate,Moderate
3,3,2,1,3,3,1,3,3,3,3,0,3,2,1,3,3,3,0,0,3,40,18,34,Extremely Severe,Severe,Extremely Severe
1,1,0,0,0,0,0,0,0,0,3,3,0,2,0,2,0,0,2,1,0,4,8,18,Normal,Mild,Mild
0,1,1,0,0,0,2,1,3,1,0,0,0,1,0,0,1,1,3,0,1,8,18,6,Normal,Severe,Normal
2,3,2,2,3,3,2,2,3,3,3,2,3,2,3,3,3,2,1,2,2,38,32,32,Extremely Severe,Extremely Severe,Severe
2,1,3,1,2,2,2,3,1,2,2,1,2,3,2,2,1,1,1,1,3,30,18,28,Extremely Severe,Severe,Severe
2,0,1,0,1,2,0,0,0,0,3,0,3,1,2,1,1,1,0,0,0,14,4,18,Moderate,Normal,Mild
3,1,1,0,2,2,0,3,3,3,3,1,3,3,2,1,1,0,0,3,0,22,18,30,Severe,Severe,Severe
1,1,0,1,1,1,1,1,2,2,1,1,0,2,0,1,1,0,1,0,1,12,12,14,Mild,Moderate,Normal
1,0,3,0,2,1,1,0,1,1,2,1,2,0,0,2,0,2,0,2,0,20,8,14,Moderate,Mild,Normal
0,0,1,0,0,0,0,1,0,0,0,0,0,0,0,1,1,0,0,1,0,6,2,2,Normal,Normal,Normal
3,3,1,3,3,3,3,3,3,3,3,1,3,3,1,3,3,3,1,1,1,34,30,38,Extremely Severe,Extremely Severe,Extremely Severe
1,0,0,0,0,1,0,0,0,0,1,0,0,1,0,0,0,0,1,0,0,0,2,8,Normal,Normal,Normal
0,1,1,0,3,0,1,2,1,0,1,0,1,2,2,3,0,1,1,0,0,16,12,12,Moderate,Moderate,Normal
0,3,1,0,3,0,0,1,0,3,3,2,3,0,3,3,3,3,0,1,3,38,14,18,Extremely Severe,Moderate,Mild
0,0,0,0,0,0,0,0,0,0,0,0,0,1,0,0,1,0,1,1,1,4,4,2,Normal,Normal,Normal
2,3,3,3,3,2,1,3,3,3,3,2,3,2,2,3,3,2,1,2,3,42,30,32,Extremely Severe,Extremely Severe,Severe
3,2,3,2,2,3,1,3,3,1,3,3,3,3,1,2,3,3,1,3,3,34,26,42,Extremely Severe,Extremely Severe,Extremely Severe
0,3,0,0,0,1,0,1,1,0,1,0,1,1,0,0,0,0,0,0,0,2,8,8,Normal,Mild,Normal
1,0,2,0,3,1,1,3,1,2,1,2,1,2,2,2,3,1,0,1,2,30,10,22,Extremely Severe,Moderate,Moderate
1,0,1,0,1,0,0,0,1,1,1,0,1,0,0,1,1,1,0,0,0,12,2,6,Mild,Normal,Normal
2,1,0,0,1,1,0,1,1,2,2,1,2,1,0,1,1,2,1,2,1,16,10,20,Moderate,Moderate,Moderate
0,3,1,0,0,0,0,2,1,0,1,2,1,1,0,1,2,0,0,0,1,12,8,12,Mild,Mild,Normal
2,1,1,0,1,1,1,0,1,0,2,1,1,2,0,1,1,1,0,0,1,12,6,18,Mild,Normal,Mild
1,1,2,1,2,3,2,2,2,3,1,3,3,2,2,1,3,3,2,3,3,34,26,30,Extremely Severe,Extremely Severe,Severe
1,0,1,0,1,3,0,1,0,1,2,0,1,0,0,2,2,1,0,0,1,18,0,16,Moderate,Normal,Mild
2,1,1,2,2,1,1,1,2,2,2,2,2,2,0,2,2,2,2,2,1,24,20,24,Severe,Extremely Severe,Moderate
2,2,2,0,1,2,0,1,0,2,1,1,1,0,0,2,1,2,0,0,1,20,4,18,Moderate,Normal,Mild
1,0,0,1,0,1,0,1,3,0,1,0,2,1,0,0,0,0,3,1,0,4,16,10,Normal,Severe,Normal
1,0,0,0,1,0,0,1,1,0,1,1,1,1,0,1,1,1,0,0,0,8,2,12,Normal,Normal,Normal
2,2,1,1,2,1,1,1,2,1,2,1,1,2,1,3,1,2,0,1,1,20,16,22,Moderate,Severe,Moderate
3,2,2,1,3,3,3,2,3,2,3,3,3,3,1,3,3,0,0,1,3,38,22,34,Extremely Severe,Extremely Severe,Extremely Severe
0,0,0,0,0,1,0,1,1,0,0,0,0,1,0,0,0,1,0,0,0,0,2,8,Normal,Normal,Normal
1,0,1,2,1,1,1,2,3,2,2,1,2,3,2,0,3,3,3,1,1,20,24,26,Moderate,Extremely Severe,Severe
2,0,1,0,1,2,1,1,2,2,1,2,2,1,0,3,2,2,0,1,2,26,8,22,Severe,Mild,Moderate
0,2,0,1,2,0,0,1,1,1,1,1,1,1,1,0,0,0,0,0,0,8,10,8,Normal,Moderate,Normal
1,0,1,0,1,1,0,1,1,1,1,1,2,0,0,1,1,1,0,0,1,16,2,12,Moderate,Normal,Normal
3,0,1,2,2,3,0,2,3,1,2,2,2,0,1,2,3,1,3,0,2,26,18,26,Severe,Severe,Severe
2,1,1,0,1,3,0,2,1,1,2,0,3,0,0,1,3,3,2,1,3,26,10,24,Severe,Moderate,Moderate
3,3,1,1,3,2,1,1,3,1,2,1,2,3,0,0,3,3,1,3,3,26,24,30,Severe,Extremely Severe,Severe
1,0,1,0,2,3,3,2,3,2,2,3,3,0,2,3,2,1,3,1,2,30,24,24,Extremely Severe,Extremely Severe,Moderate
1,1,0,0,0,1,0,0,1,0,2,1,1,2,0,1,2,1,1,0,1,10,6,16,Mild,Normal,Mild
1,2,1,1,1,0,0,1,2,0,2,0,2,1,3,0,2,2,0,0,0,12,16,14,Mild,Severe,Normal
2,3,3,3,3,2,3,3,3,3,3,3,3,3,3,3,2,1,2,3,2,38,40,34,Extremely Severe,Extremely Severe,Extremely Severe
1,0,1,0,1,0,0,1,2,3,1,3,1,0,0,2,3,3,0,3,1,24,10,18,Severe,Moderate,Mild
3,1,3,3,2,1,3,3,3,2,3,2,2,3,0,2,3,3,1,3,1,30,28,36,Extremely Severe,Extremely Severe,Extremely Severe
2,3,2,1,3,2,1,1,2,2,3,2,1,1,2,3,3,2,1,1,3,34,22,26,Extremely Severe,Extremely Severe,Severe
3,2,2,0,2,1,0,1,1,2,3,0,3,1,0,3,2,2,0,1,3,34,8,22,Extremely Severe,Mild,Moderate
1,1,2,1,2,2,1,3,2,2,2,1,3,2,2,2,3,2,2,2,2,32,22,26,Extremely Severe,Extremely Severe,Severe
0,2,0,1,1,2,1,1,3,0,1,1,1,3,1,1,1,1,0,2,0,8,20,18,Normal,Extremely Severe,Mild
2,2,1,1,1,3,1,2,1,1,3,2,2,1,2,3,2,2,0,2,0,20,18,30,Moderate,Severe,Severe
3,1,2,1,1,3,1,2,2,1,3,1,3,3,1,1,1,3,1,2,0,18,18,36,Moderate,Severe,Extremely Severe
2,0,2,2,3,3,2,2,3,3,2,2,2,2,1,3,2,3,2,2,3,36,24,32,Extremely Severe,Extremely Severe,Severe
0,1,1,0,1,0,0,0,0,1,0,1,1,0,0,1,2,0,0,1,1,16,4,2,Moderate,Normal,Normal
3,0,2,1,1,3,2,1,3,3,3,2,3,3,0,3,3,3,1,1,3,36,16,36,Extremely Severe,Severe,Extremely Severe
3,1,3,2,3,3,2,3,3,3,3,3,3,2,3,3,3,3,3,3,3,42,34,40,Extremely Severe,Extremely Severe,Extremely Severe
2,1,1,0,1,2,0,2,3,2,1,1,1,1,0,2,2,2,2,3,1,20,18,22,Moderate,Severe,Moderate
1,3,1,0,0,1,0,1,1,0,1,1,0,1,1,0,0,1,1,0,0,2,12,14,Normal,Moderate,Normal
2,1,2,1,2,1,2,1,2,1,1,1,2,1,1,1,0,1,2,2,1,18,22,16,Moderate,Extremely Severe,Mild
3,2,2,1,3,2,2,1,3,2,3,1,3,0,3,3,3,3,1,2,3,38,28,26,Extremely Severe,Extremely Severe,Severe
1,1,3,0,1,2,0,0,0,0,1,0,2,3,0,0,0,1,0,2,1,14,6,16,Moderate,Normal,Mild
1,0,0,0,0,2,0,1,0,1,1,0,1,1,0,1,1,0,0,0,0,8,0,12,Normal,Normal,Normal
1,1,0,1,1,0,1,1,2,0,1,0,0,2,0,0,0,1,1,0,0,2,12,12,Normal,Moderate,Normal
1,0,0,0,0,1,0,1,1,0,1,0,0,1,0,0,0,1,0,0,0,0,2,12,Normal,Normal,Normal
0,1,0,0,0,0,0,0,1,0,0,0,0,0,0,0,0,0,3,1,0,0,12,0,Normal,Moderate,Normal
2,0,1,1,2,3,0,1,3,3,3,1,2,1,0,1,2,1,2,2,3,28,16,24,Extremely Severe,Severe,Moderate
3,1,1,3,3,3,0,3,0,1,3,3,3,3,3,3,1,3,0,3,3,30,20,42,Extremely Severe,Extremely Severe,Extremely Severe
3,2,1,3,2,3,3,2,3,3,3,2,3,1,0,1,3,1,1,2,3,32,28,30,Extremely Severe,Extremely Severe,Severe
0,0,0,0,0,0,0,0,2,0,0,0,0,1,0,0,0,2,0,0,0,0,4,6,Normal,Normal,Normal
3,3,3,1,3,2,1,3,2,2,2,1,3,1,1,2,3,2,1,3,3,38,24,28,Extremely Severe,Extremely Severe,Severe
0,0,0,0,0,1,0,2,0,0,1,0,1,2,0,1,0,0,0,0,1,6,0,12,Normal,Normal,Normal
0,0,1,1,2,1,0,2,0,1,0,0,2,0,0,2,2,1,0,1,1,22,4,8,Severe,Normal,Normal
3,3,1,0,1,2,2,3,3,2,0,1,1,3,0,2,2,3,2,1,1,20,22,30,Moderate,Extremely Severe,Severe
2,1,1,1,2,2,1,1,1,2,1,2,1,2,1,1,1,1,0,1,1,18,12,22,Moderate,Moderate,Moderate
2,0,0,0,0,1,1,3,0,1,3,0,0,2,0,0,0,0,0,0,1,4,2,22,Normal,Normal,Moderate
2,0,1,2,3,0,1,3,3,3,3,2,1,2,1,0,3,2,0,3,0,22,20,28,Severe,Extremely Severe,Severe
1,1,0,0,0,1,0,1,3,0,1,1,1,1,0,0,0,0,2,2,0,2,16,12,Normal,Severe,Normal
3,3,2,1,3,3,3,3,3,3,1,3,3,1,3,3,3,3,1,2,3,40,32,34,Extremely Severe,Extremely Severe,Extremely Severe
1,0,1,1,2,0,0,1,2,1,2,2,2,2,0,1,3,2,0,3,1,22,12,20,Severe,Moderate,Moderate
0,2,0,1,0,1,0,0,2,0,0,1,0,1,0,0,0,1,0,0,0,0,10,8,Normal,Moderate,Normal
1,0,0,1,1,1,1,0,2,1,1,1,1,0,0,1,1,1,0,1,1,12,10,10,Mild,Moderate,Normal
1,2,3,1,3,3,1,2,2,2,2,2,3,2,1,3,3,3,0,1,3,40,16,30,Extremely Severe,Severe,Severe
2,1,1,1,3,1,2,1,3,2,2,2,2,2,2,1,2,2,2,2,1,24,26,24,Severe,Extremely Severe,Moderate
1,3,2,2,2,2,3,2,1,3,3,1,3,2,2,2,3,1,3,2,3,36,32,24,Extremely Severe,Extremely Severe,Moderate
1,0,0,0,3,0,0,1,3,0,1,2,1,3,0,2,1,0,3,1,0,14,14,16,Moderate,Moderate,Mild
0,0,1,0,1,0,0,1,1,0,0,1,1,1,0,1,0,1,0,0,1,10,2,8,Mild,Normal,Normal
3,1,2,0,3,2,1,3,3,3,3,3,3,3,0,1,3,3,1,1,3,36,14,40,Extremely Severe,Moderate,Extremely Severe
0,1,1,0,0,3,0,0,2,0,2,3,3,3,0,2,3,2,0,0,3,24,6,26,Severe,Normal,Severe
3,1,3,0,1,1,2,3,2,1,2,0,3,3,1,3,3,0,0,0,0,28,12,24,Extremely Severe,Moderate,Moderate
3,1,3,1,1,2,1,3,3,2,3,1,3,1,1,3,2,3,1,2,1,30,20,32,Extremely Severe,Extremely Severe,Severe
1,1,1,1,1,1,1,1,1,1,2,1,1,1,1,1,1,1,1,1,1,14,14,16,Moderate,Moderate,Mild
3,0,2,0,2,2,1,1,2,3,2,1,2,2,0,2,3,2,0,3,2,32,12,26,Extremely Severe,Moderate,Severe
2,2,2,3,1,3,3,1,3,3,3,3,3,3,3,2,3,2,1,2,1,30,34,34,Extremely Severe,Extremely Severe,Extremely Severe
1,0,0,0,1,0,0,0,1,0,1,0,0,1,0,0,0,1,0,0,0,2,2,8,Normal,Normal,Normal
1,0,0,1,0,1,0,1,1,1,1,0,1,1,0,1,0,1,1,1,1,8,8,12,Normal,Mild,Normal
2,1,3,1,3,3,1,3,3,3,3,2,3,3,2,3,3,3,1,1,3,42,20,38,Extremely Severe,Extremely Severe,Extremely Severe
1,3,2,1,2,1,0,1,3,3,3,3,2,1,0,3,3,3,0,3,2,34,20,26,Extremely Severe,Extremely Severe,Severe
3,2,1,2,1,2,1,1,3,1,1,2,1,2,1,2,1,3,3,1,1,16,26,28,Moderate,Extremely Severe,Severe
3,1,2,1,3,3,1,1,3,3,3,1,3,2,0,2,3,3,1,3,3,38,20,32,Extremely Severe,Extremely Severe,Severe
3,2,2,2,3,2,2,2,3,3,2,2,1,3,1,2,3,0,0,2,2,32,24,28,Extremely Severe,Extremely Severe,Severe
1,3,0,0,0,1,1,1,1,0,1,1,1,0,0,1,1,1,0,1,0,6,12,12,Normal,Moderate,Normal
1,0,0,0,0,0,0,0,0,0,1,0,0,0,0,0,0,0,1,0,0,0,2,4,Normal,Normal,Normal
1,1,1,1,1,0,0,1,1,1,1,0,1,0,0,1,1,1,0,1,1,14,8,8,Moderate,Mild,Normal
1,0,1,1,1,1,0,1,1,0,1,1,2,2,1,2,1,1,0,1,0,14,8,16,Moderate,Mild,Mild
1,0,1,0,1,1,0,0,1,0,1,0,0,1,0,0,0,1,0,1,1,6,4,10,Normal,Normal,Normal
2,2,0,2,0,3,0,3,3,0,3,2,2,3,2,0,3,3,1,3,1,12,26,38,Mild,Extremely Severe,Extremely Severe
1,1,1,0,1,1,1,1,2,1,1,2,2,2,0,1,1,1,1,0,1,16,10,18,Moderate,Moderate,Mild
3,0,3,0,3,2,0,3,3,0,3,3,2,1,0,1,1,2,0,1,1,22,8,34,Severe,Mild,Extremely Severe
2,1,1,1,1,1,0,1,3,2,2,2,2,2,0,1,1,2,0,1,1,18,12,24,Moderate,Moderate,Moderate
1,1,0,1,1,0,0,2,1,0,1,1,1,0,0,0,1,1,0,2,1,8,10,12,Normal,Moderate,Normal
3,0,3,1,2,0,1,3,2,3,3,3,3,3,0,1,1,2,0,1,0,26,10,34,Severe,Moderate,Extremely Severe
2,1,3,1,3,3,3,3,3,3,3,1,3,2,3,3,2,3,1,1,3,40,26,34,Extremely Severe,Extremely Severe,Extremely Severe
3,3,3,3,3,3,3,3,3,3,3,3,3,3,2,3,3,3,3,3,3,42,40,42,Extremely Severe,Extremely Severe,Extremely Severe
3,0,1,0,0,0,0,3,1,3,3,0,3,3,0,3,0,3,0,0,3,26,2,30,Severe,Normal,Severe
0,2,0,0,0,1,0,0,0,0,1,0,1,2,0,0,0,1,0,0,0,2,4,10,Normal,Normal,Normal
2,2,1,1,2,2,2,1,2,3,2,2,3,3,2,1,3,2,3,2,3,32,28,28,Extremely Severe,Extremely Severe,Severe
2,1,0,1,1,3,0,1,1,1,1,0,1,3,1,2,3,3,0,0,2,20,8,26,Moderate,Mild,Severe
2,0,0,0,2,2,0,2,2,1,1,2,0,0,0,0,0,2,0,0,0,6,4,22,Normal,Normal,Moderate
3,0,0,0,2,0,0,2,1,0,1,0,1,1,0,3,0,3,2,0,0,12,6,20,Mild,Normal,Moderate
1,2,1,1,1,1,1,3,1,2,2,1,3,2,0,2,3,1,1,0,3,30,12,22,Extremely Severe,Moderate,Moderate
1,1,0,0,0,0,0,0,0,0,0,0,0,0,0,0,0,0,0,0,0,0,2,2,Normal,Normal,Normal
2,2,2,2,2,3,2,1,3,2,2,2,1,2,2,3,2,2,1,3,1,26,30,28,Severe,Extremely Severe,Severe
2,3,1,1,1,2,1,0,0,1,1,2,3,1,0,1,3,1,3,1,0,20,18,18,Moderate,Severe,Mild
2,0,3,0,3,1,0,2,3,3,3,1,3,0,0,3,3,3,0,1,3,42,8,24,Extremely Severe,Mild,Moderate
1,0,0,0,0,0,0,0,2,2,1,0,1,3,0,1,0,0,1,1,0,8,8,10,Normal,Mild,Normal
1,0,1,0,2,1,0,0,3,3,1,3,2,0,0,1,3,2,2,0,3,30,10,16,Extremely Severe,Moderate,Mild
1,1,0,0,1,0,0,1,0,0,0,1,0,1,0,0,1,1,0,0,1,6,2,10,Normal,Normal,Normal
3,0,1,0,2,3,3,2,2,3,3,0,1,3,1,2,1,3,3,2,3,26,22,34,Severe,Extremely Severe,Extremely Severe
1,0,1,1,1,2,1,3,0,1,1,1,3,2,0,1,2,2,3,0,1,20,10,24,Moderate,Moderate,Moderate
3,0,1,1,3,3,2,2,3,2,3,2,3,3,0,3,3,3,1,2,2,34,18,38,Extremely Severe,Severe,Extremely Severe
0,1,3,0,3,1,0,2,3,3,2,2,1,3,0,3,1,0,0,3,0,28,14,20,Extremely Severe,Moderate,Moderate
3,0,2,0,1,1,2,1,2,2,2,1,3,0,0,2,3,2,0,0,1,28,8,20,Extremely Severe,Mild,Moderate
1,0,1,0,2,1,1,3,3,2,1,0,2,2,0,3,2,2,0,1,1,26,10,20,Severe,Moderate,Moderate
1,1,0,0,1,1,0,1,1,0,2,2,1,1,0,2,0,2,0,1,0,8,6,20,Normal,Normal,Moderate
0,3,0,0,1,0,0,0,0,0,1,1,1,2,0,1,0,0,0,0,2,10,6,8,Mild,Normal,Normal
1,3,2,0,2,1,3,0,1,3,1,0,3,2,1,3,1,0,0,1,3,34,18,10,Extremely Severe,Severe,Normal
3,0,1,1,3,3,0,0,3,3,2,1,2,3,0,3,2,3,2,1,1,30,14,30,Extremely Severe,Moderate,Severe
0,1,3,0,3,1,0,2,2,3,1,2,1,3,1,3,2,1,2,0,3,36,12,20,Extremely Severe,Moderate,Moderate
0,2,0,0,1,1,0,1,1,1,0,1,2,0,1,1,1,1,0,0,0,12,8,8,Mild,Mild,Normal
2,0,1,1,1,1,0,1,1,0,2,1,2,2,0,1,3,3,0,1,0,16,6,24,Moderate,Normal,Moderate
0,0,1,0,1,0,0,0,0,0,0,0,1,1,0,0,2,0,0,0,1,12,0,2,Mild,Normal,Normal
3,1,2,0,3,2,0,1,3,3,3,3,3,1,1,3,2,3,3,1,3,38,18,32,Extremely Severe,Severe,Severe
1,2,1,2,1,2,0,0,2,0,1,1,0,1,0,0,0,1,0,0,0,4,12,14,Normal,Moderate,Normal
1,2,1,1,2,1,1,3,3,0,3,1,2,1,0,3,1,3,3,0,3,24,20,26,Severe,Extremely Severe,Severe
1,0,1,0,0,1,0,1,0,0,1,0,1,1,0,1,1,0,0,1,1,10,2,10,Mild,Normal,Normal
3,3,3,3,3,3,3,3,1,3,3,1,3,1,1,3,3,3,1,3,3,42,30,34,Extremely Severe,Extremely Severe,Extremely Severe
1,0,2,0,2,2,1,1,1,0,1,1,0,3,0,0,0,2,1,2,0,8,10,22,Normal,Moderate,Moderate
3,3,2,3,1,2,3,3,3,3,1,3,3,3,3,2,3,3,2,3,3,34,40,36,Extremely Severe,Extremely Severe,Extremely Severe
2,0,2,2,3,3,0,2,2,2,0,1,2,0,0,3,3,2,0,1,2,34,10,20,Extremely Severe,Moderate,Moderate
2,2,2,3,1,3,3,3,2,2,3,1,3,3,3,3,3,2,3,3,3,34,38,34,Extremely Severe,Extremely Severe,Extremely Severe
2,1,2,1,3,1,2,2,2,2,1,2,2,2,1,2,1,1,2,1,0,24,20,22,Severe,Extremely Severe,Moderate
0,0,0,0,0,0,0,0,0,1,0,0,1,0,1,1,1,0,0,0,0,8,2,0,Normal,Normal,Normal
0,1,0,0,0,1,0,0,0,1,0,1,0,1,0,0,1,1,0,0,0,4,2,8,Normal,Normal,Normal
3,0,3,0,1,1,0,0,3,3,0,2,3,0,2,3,3,1,0,0,3,38,10,14,Extremely Severe,Moderate,Normal
1,1,1,1,1,2,1,1,1,0,1,0,1,1,0,0,0,1,0,0,0,6,8,14,Normal,Mild,Normal
0,0,0,0,0,0,0,0,1,1,0,2,0,1,0,0,0,0,0,0,0,2,2,6,Normal,Normal,Normal
2,1,2,0,1,2,1,1,2,2,2,1,1,2,0,1,1,3,0,0,2,20,8,26,Moderate,Mild,Severe
2,2,3,2,1,3,1,2,1,1,3,0,3,1,1,2,3,1,0,2,1,28,18,24,Extremely Severe,Severe,Moderate
1,2,1,1,2,0,1,1,1,2,0,1,1,1,1,2,2,1,0,0,2,24,12,10,Severe,Moderate,Normal
1,3,3,3,1,2,3,3,3,3,3,2,3,2,3,3,3,3,1,3,3,38,38,32,Extremely Severe,Extremely Severe,Severe
0,2,0,1,1,1,1,0,1,0,1,0,1,1,0,1,3,2,1,0,1,14,12,10,Moderate,Moderate,Normal
1,0,1,0,2,2,0,3,1,2,2,3,2,2,0,2,2,1,0,2,2,26,6,28,Severe,Normal,Severe
1,0,3,2,2,1,0,2,3,2,2,2,3,1,0,3,3,2,0,2,1,34,14,22,Extremely Severe,Moderate,Moderate
1,1,1,0,2,0,1,1,1,0,1,1,3,1,0,3,1,2,1,1,1,22,10,14,Severe,Moderate,Normal
2,3,0,1,1,3,0,1,2,0,1,2,1,2,0,1,1,1,0,1,0,8,14,24,Normal,Moderate,Moderate
3,0,1,0,1,3,0,3,3,1,3,3,1,0,0,0,1,1,0,3,2,14,12,32,Moderate,Moderate,Severe
1,0,0,1,0,0,1,1,1,0,1,2,1,1,0,0,0,1,1,0,0,2,8,14,Normal,Mild,Normal
0,1,0,0,1,0,0,0,0,0,1,0,0,1,0,0,0,0,0,0,0,2,2,4,Normal,Normal,Normal
1,0,1,0,1,3,0,3,3,1,1,3,2,1,0,0,0,3,0,2,0,10,10,30,Mild,Moderate,Severe
3,0,1,1,2,3,3,1,2,1,3,1,1,2,0,0,0,1,3,3,0,10,24,28,Mild,Extremely Severe,Severe
0,1,0,0,0,0,0,0,0,0,0,0,0,0,0,0,0,0,0,0,0,0,2,0,Normal,Normal,Normal
3,1,2,0,1,3,1,2,3,3,3,3,3,1,0,3,1,3,0,3,2,30,16,36,Extremely Severe,Severe,Extremely Severe
1,1,1,1,0,1,0,1,1,1,1,0,1,1,0,1,1,1,0,1,0,10,8,12,Mild,Mild,Normal
1,3,1,0,0,2,0,0,2,0,1,0,1,2,0,0,0,0,1,0,0,4,12,12,Normal,Moderate,Normal
3,0,1,0,2,3,0,3,2,2,3,2,1,1,0,1,1,0,0,2,0,16,8,30,Moderate,Mild,Severe
1,0,2,1,1,2,1,2,2,3,3,1,3,1,1,3,3,3,0,1,2,34,12,26,Extremely Severe,Moderate,Severe
1,0,1,1,1,1,0,1,0,1,2,0,2,2,0,2,1,3,0,0,1,18,2,20,Moderate,Normal,Moderate
3,0,2,0,3,3,1,3,3,3,3,3,2,1,0,1,3,3,3,3,3,34,20,38,Extremely Severe,Extremely Severe,Extremely Severe
0,0,1,2,1,1,1,2,3,2,2,0,3,2,0,0,3,0,0,2,3,26,16,14,Severe,Severe,Normal
3,3,1,2,1,2,2,3,1,3,3,3,3,3,1,2,2,2,1,2,2,28,24,38,Extremely Severe,Extremely Severe,Extremely Severe
1,1,1,1,1,2,1,1,1,0,1,1,1,1,0,1,1,1,1,0,0,10,10,16,Mild,Moderate,Mild
1,1,1,1,1,2,0,2,2,2,1,2,2,1,1,3,2,2,1,1,2,26,14,22,Severe,Moderate,Moderate
3,3,3,3,1,1,0,1,1,3,3,1,3,1,0,0,3,3,0,1,3,32,16,26,Extremely Severe,Severe,Severe
2,0,1,0,3,1,0,1,2,3,2,1,2,1,0,1,3,3,0,1,3,32,6,22,Extremely Severe,Normal,Moderate
1,1,3,1,3,1,0,2,0,3,3,0,3,0,0,3,3,0,1,0,3,42,6,14,Extremely Severe,Normal,Normal
1,0,2,0,2,2,0,2,1,0,2,0,2,2,1,3,2,0,0,0,0,22,4,18,Severe,Normal,Mild
1,0,1,3,2,1,1,2,3,2,2,1,3,3,0,1,3,1,0,1,2,28,16,22,Extremely Severe,Severe,Moderate
1,3,1,0,0,1,0,0,0,1,2,0,0,1,0,0,0,0,0,0,0,4,6,10,Normal,Normal,Normal
3,3,2,1,2,2,1,3,1,3,3,2,3,1,2,3,3,3,1,2,3,38,22,34,Extremely Severe,Extremely Severe,Extremely Severe
3,3,2,3,3,2,2,2,2,3,3,3,3,3,1,3,3,1,3,3,3,40,34,34,Extremely Severe,Extremely Severe,Extremely Severe
2,1,1,3,3,3,1,3,3,3,3,2,3,2,1,1,2,1,2,3,0,26,28,32,Severe,Extremely Severe,Severe
3,3,0,1,3,1,1,2,2,2,3,2,3,3,0,1,1,2,0,1,0,20,16,32,Moderate,Severe,Severe
2,2,1,1,1,1,1,1,2,1,2,2,3,1,2,2,2,2,1,1,1,22,20,22,Severe,Extremely Severe,Moderate
3,1,1,0,1,3,1,1,3,1,3,3,3,0,0,1,3,1,3,3,1,22,22,28,Severe,Extremely Severe,Severe
2,0,1,0,2,2,0,1,0,1,2,0,2,1,0,2,2,2,0,0,1,22,0,20,Severe,Normal,Moderate
3,1,2,2,2,3,3,2,2,2,3,2,3,2,3,2,2,2,1,1,1,28,26,34,Extremely Severe,Extremely Severe,Extremely Severe
0,1,0,1,0,1,0,2,0,1,0,0,1,1,0,1,0,0,0,0,2,10,4,8,Mild,Normal,Normal
1,0,1,1,1,3,0,1,1,1,1,1,2,1,0,1,2,3,0,1,1,18,6,22,Moderate,Normal,Moderate
1,1,1,1,1,1,1,1,1,0,2,1,2,2,1,1,3,1,1,1,3,22,14,18,Severe,Moderate,Mild
1,2,3,1,3,1,3,3,3,3,2,3,1,3,0,3,1,3,0,3,0,28,24,32,Extremely Severe,Extremely Severe,Severe
3,2,0,1,2,2,3,3,2,1,3,2,3,3,1,1,2,2,2,2,2,22,26,36,Severe,Extremely Severe,Extremely Severe
3,0,3,0,0,3,1,1,0,3,3,1,3,3,1,3,2,1,0,3,1,30,10,30,Extremely Severe,Moderate,Severe
3,3,3,3,3,3,3,3,3,3,3,3,3,3,3,3,3,3,3,3,3,42,42,42,Extremely Severe,Extremely Severe,Extremely Severe
1,1,0,0,0,1,0,1,0,0,1,0,1,2,0,0,1,3,0,1,0,4,4,18,Normal,Normal,Mild
1,3,1,1,3,0,2,1,1,3,1,0,3,3,2,3,3,0,0,0,2,36,18,12,Extremely Severe,Severe,Normal
1,0,0,0,0,0,0,1,0,3,0,0,0,3,1,0,0,0,0,0,0,6,2,10,Normal,Normal,Normal
2,1,1,1,2,1,0,2,2,2,2,2,1,1,1,3,2,1,3,2,1,24,20,22,Severe,Extremely Severe,Moderate
3,0,1,1,2,3,3,2,1,3,3,1,3,3,1,2,3,3,1,1,1,30,16,36,Extremely Severe,Severe,Extremely Severe
1,1,0,1,1,3,0,0,2,0,1,1,1,2,0,1,1,0,0,1,0,8,10,16,Normal,Moderate,Mild
3,2,2,2,3,3,2,1,2,2,3,1,3,3,1,2,3,3,3,1,3,36,26,34,Extremely Severe,Extremely Severe,Extremely Severe
1,0,0,0,1,1,0,1,2,0,1,0,1,1,1,0,0,0,1,0,0,4,8,10,Normal,Mild,Normal
3,3,2,1,3,1,1,2,3,3,2,2,2,3,0,3,2,0,1,3,2,34,24,26,Extremely Severe,Extremely Severe,Severe
1,3,0,0,1,0,0,0,2,0,0,0,0,1,0,0,0,1,0,1,0,2,12,6,Normal,Moderate,Normal
1,2,1,3,1,3,0,0,0,0,3,0,0,1,3,3,2,0,0,3,1,16,22,16,Moderate,Extremely Severe,Mild
0,2,0,0,1,2,0,2,1,0,1,2,0,2,0,1,1,1,0,0,0,6,6,20,Normal,Normal,Moderate
3,3,3,3,3,1,3,1,3,3,3,3,3,1,0,1,3,1,1,3,3,38,32,26,Extremely Severe,Extremely Severe,Severe
1,0,0,1,2,1,0,1,1,0,1,1,1,2,2,1,1,1,0,2,0,10,12,16,Mild,Moderate,Mild
1,3,3,1,3,2,2,1,0,3,1,0,1,2,1,1,3,1,0,0,3,34,14,16,Extremely Severe,Moderate,Mild
1,0,2,2,1,0,1,1,2,1,1,1,1,2,1,2,2,0,0,2,1,20,16,12,Moderate,Severe,Normal
2,3,1,3,3,1,2,3,2,1,1,3,1,1,3,1,1,2,1,1,1,18,30,26,Moderate,Extremely Severe,Severe
0,0,0,0,1,0,0,1,0,0,0,0,1,0,0,0,3,0,0,0,1,12,0,2,Mild,Normal,Normal
0,2,2,0,3,0,2,2,1,2,1,2,3,0,1,3,2,2,0,1,2,34,14,14,Extremely Severe,Moderate,Normal
1,1,1,2,2,1,1,1,1,1,2,1,2,2,0,1,1,0,0,1,1,18,12,16,Moderate,Moderate,Mild
1,1,1,3,2,3,1,0,3,3,3,1,3,2,1,1,1,1,0,1,1,24,20,22,Severe,Extremely Severe,Moderate
1,0,1,1,0,2,1,2,0,2,2,1,2,1,0,1,3,0,1,0,2,22,6,18,Severe,Normal,Mild
1,2,1,0,1,1,0,1,0,0,1,0,1,1,1,1,0,1,0,0,0,8,6,12,Normal,Normal,Normal
1,1,1,2,1,0,1,1,1,0,1,1,3,1,1,1,3,0,2,1,3,24,18,10,Severe,Severe,Normal
2,2,2,2,1,1,1,2,2,1,1,1,1,1,1,1,1,2,2,1,0,14,22,20,Moderate,Extremely Severe,Moderate
1,0,1,0,2,1,0,2,1,3,2,2,2,3,1,2,2,1,0,0,3,30,4,24,Extremely Severe,Normal,Moderate
1,0,1,0,0,2,0,1,3,2,3,1,2,3,0,2,1,1,0,0,0,16,6,24,Moderate,Normal,Moderate
1,1,1,2,1,1,2,1,2,3,3,1,2,1,1,1,2,1,1,3,2,24,24,18,Severe,Extremely Severe,Mild
1,1,1,2,1,1,0,2,1,1,2,1,2,1,1,2,2,0,2,2,0,18,18,16,Moderate,Severe,Mild
1,2,1,1,3,0,3,1,2,1,2,0,3,3,1,3,3,0,3,3,1,30,30,14,Extremely Severe,Extremely Severe,Normal
2,0,1,0,1,1,0,1,2,2,2,1,1,2,0,1,1,1,0,1,0,14,6,20,Moderate,Normal,Moderate
3,3,2,1,3,3,1,1,3,3,3,3,3,3,3,3,3,2,1,3,3,40,30,36,Extremely Severe,Extremely Severe,Extremely Severe
0,3,0,0,1,0,0,0,1,3,0,0,2,0,0,1,2,2,0,0,2,22,8,4,Severe,Mild,Normal
1,0,2,0,1,0,1,2,0,3,2,0,1,2,0,1,1,1,3,0,2,22,8,16,Severe,Mild,Mild
3,0,2,0,1,0,0,1,1,1,1,1,3,1,1,3,3,2,0,1,3,32,6,18,Extremely Severe,Normal,Mild
1,2,1,1,2,1,1,2,1,2,2,1,2,2,1,2,1,0,1,1,2,24,16,18,Severe,Severe,Mild
1,2,0,0,0,1,0,1,1,0,1,1,1,0,0,1,1,1,0,0,0,6,6,12,Normal,Normal,Normal
0,0,1,0,0,1,0,1,0,0,0,0,1,3,0,0,1,0,0,0,1,8,0,10,Normal,Normal,Normal
0,0,3,2,2,0,3,3,2,2,0,2,3,1,2,3,2,1,3,2,2,34,28,14,Extremely Severe,Extremely Severe,Normal
0,0,1,0,0,1,0,3,2,2,1,1,2,3,0,0,3,0,1,0,1,18,6,18,Moderate,Normal,Mild
2,2,2,1,1,2,1,1,2,2,3,3,2,3,1,1,3,3,0,1,2,26,16,34,Severe,Severe,Extremely Severe
0,1,0,0,0,0,0,0,1,0,0,0,0,1,0,0,0,0,0,0,0,0,4,2,Normal,Normal,Normal
2,1,2,2,2,2,1,2,2,3,3,2,3,3,3,1,2,3,3,3,3,32,30,34,Extremely Severe,Extremely Severe,Extremely Severe
0,2,2,1,3,1,1,1,2,3,3,1,3,1,1,3,3,2,2,2,3,40,22,18,Extremely Severe,Extremely Severe,Mild
3,1,1,2,1,2,2,2,3,2,3,3,3,2,3,1,3,3,0,1,1,24,24,36,Severe,Extremely Severe,Extremely Severe
3,3,1,0,1,1,1,2,3,2,3,2,3,0,0,2,2,0,0,3,2,26,20,22,Severe,Extremely Severe,Moderate
3,1,0,1,2,2,1,3,0,0,3,1,1,2,0,1,2,3,0,0,0,12,6,34,Mild,Normal,Extremely Severe
2,3,1,0,2,0,0,1,3,3,3,2,2,3,0,2,3,0,1,1,1,28,16,22,Extremely Severe,Severe,Moderate
1,0,0,0,1,1,0,0,1,1,2,1,1,1,0,1,1,0,0,0,2,14,2,12,Moderate,Normal,Normal
1,2,1,1,1,2,1,1,2,2,1,1,1,3,1,2,2,2,1,2,1,20,20,22,Moderate,Extremely Severe,Moderate
1,0,2,0,0,2,0,1,2,1,1,1,3,2,1,3,1,3,1,0,0,20,8,22,Moderate,Mild,Moderate
2,0,3,1,3,1,0,2,1,2,1,2,2,1,1,0,3,3,0,2,2,30,10,24,Extremely Severe,Moderate,Moderate
1,2,2,0,1,1,0,1,1,3,0,0,2,1,0,1,3,1,0,0,2,28,6,10,Extremely Severe,Normal,Normal
1,1,1,1,0,1,0,1,0,1,1,0,1,0,0,1,0,1,0,0,1,10,4,10,Mild,Normal,Normal
2,1,2,1,3,1,2,2,2,3,2,3,3,1,1,2,3,1,2,1,3,38,20,24,Extremely Severe,Extremely Severe,Moderate
0,0,0,0,1,1,0,0,1,1,0,0,0,1,0,1,0,0,0,0,1,8,2,4,Normal,Normal,Normal
2,2,3,3,3,2,3,2,3,3,3,3,3,2,3,3,3,3,3,3,3,42,40,34,Extremely Severe,Extremely Severe,Extremely Severe
0,0,0,1,0,0,1,0,0,0,0,0,0,1,0,0,0,0,1,1,0,0,8,2,Normal,Mild,Normal
3,1,3,0,3,0,1,3,3,3,0,3,3,0,0,3,3,0,2,3,3,42,20,18,Extremely Severe,Extremely Severe,Mild
1,1,0,0,1,2,0,2,0,1,1,1,1,1,1,1,0,1,0,0,1,10,4,18,Mild,Normal,Mild
2,0,1,0,0,2,0,1,1,0,1,1,1,1,0,1,1,2,0,0,1,10,2,20,Mild,Normal,Moderate
3,0,1,1,2,3,1,2,1,3,3,1,3,2,1,2,2,3,0,3,2,30,14,34,Extremely Severe,Moderate,Extremely Severe
1,0,2,2,2,2,0,3,2,2,1,2,2,3,1,3,2,1,0,0,2,30,10,26,Extremely Severe,Moderate,Severe
0,0,0,0,2,0,0,2,2,1,1,0,2,1,0,0,2,2,0,0,1,16,4,12,Moderate,Normal,Normal
3,1,2,3,3,3,2,2,3,3,3,3,3,3,3,3,3,2,2,2,3,40,32,38,Extremely Severe,Extremely Severe,Extremely Severe
3,3,3,3,3,3,2,3,3,1,3,3,3,3,3,1,3,3,3,3,1,30,40,42,Extremely Severe,Extremely Severe,Extremely Severe
0,0,2,0,3,0,0,0,3,3,0,1,3,3,0,3,2,3,0,3,3,38,12,14,Extremely Severe,Moderate,Normal
2,0,1,0,1,2,0,1,2,1,2,1,1,3,0,1,2,1,3,1,2,18,12,24,Moderate,Moderate,Moderate
1,1,3,3,2,3,1,2,1,1,1,2,3,2,1,3,1,1,1,3,2,30,22,24,Extremely Severe,Extremely Severe,Moderate
3,3,2,2,2,3,3,3,2,2,3,2,2,2,2,1,2,1,3,2,1,24,34,34,Severe,Extremely Severe,Extremely Severe
1,1,0,0,3,3,2,2,3,2,3,2,1,3,0,3,0,3,0,3,2,22,18,34,Severe,Severe,Extremely Severe
1,1,1,1,1,0,0,1,1,0,2,2,3,1,0,0,1,0,0,0,1,14,6,14,Moderate,Normal,Normal
1,0,1,0,0,2,0,1,2,0,2,2,1,1,0,0,2,2,0,2,1,10,8,22,Mild,Mild,Moderate
2,2,1,3,1,1,0,3,2,1,2,2,2,3,0,2,1,0,0,1,1,18,16,26,Moderate,Severe,Severe
1,0,0,1,2,1,1,1,3,0,2,1,1,1,1,1,1,0,2,0,0,10,16,14,Mild,Severe,Normal
1,0,1,0,0,0,0,0,0,0,1,1,0,0,0,0,0,1,0,0,0,2,0,8,Normal,Normal,Normal
1,0,2,0,2,1,0,2,3,1,2,3,2,1,0,1,2,3,1,3,1,22,14,26,Severe,Moderate,Severe
1,0,1,0,1,1,0,1,0,0,2,1,1,1,0,1,0,1,0,0,0,8,0,16,Normal,Normal,Mild
3,1,3,0,2,3,1,3,3,1,3,3,3,3,3,3,3,0,3,3,3,36,28,36,Extremely Severe,Extremely Severe,Extremely Severe
3,2,3,2,2,3,2,3,3,3,3,3,3,3,3,3,3,3,3,3,3,40,36,42,Extremely Severe,Extremely Severe,Extremely Severe
2,2,1,0,1,1,0,1,1,2,1,1,1,2,0,1,3,2,0,0,0,18,6,20,Moderate,Normal,Moderate
2,1,2,1,2,2,1,2,2,3,2,2,3,2,1,1,3,0,1,3,3,34,20,24,Extremely Severe,Extremely Severe,Moderate
1,1,1,1,1,1,1,0,1,1,1,1,1,1,1,1,1,2,1,1,1,14,14,14,Moderate,Moderate,Normal
3,1,1,3,3,3,3,2,3,1,3,3,3,3,2,1,2,1,3,3,3,28,36,36,Extremely Severe,Extremely Severe,Extremely Severe
1,0,1,0,2,0,0,0,0,1,3,0,3,1,0,3,2,3,0,2,1,26,4,16,Severe,Normal,Mild
1,0,0,0,0,1,0,1,1,0,1,1,1,2,0,0,0,1,0,1,0,2,4,16,Normal,Normal,Mild
1,0,0,1,1,1,0,0,3,1,1,0,0,3,0,0,1,1,3,0,0,6,14,14,Normal,Moderate,Normal
2,0,1,0,1,0,0,2,0,3,2,1,3,3,0,3,0,0,0,0,3,28,0,20,Extremely Severe,Normal,Moderate
1,1,3,1,2,2,0,3,1,2,2,1,1,2,3,2,2,0,0,1,2,28,14,22,Extremely Severe,Moderate,Moderate
3,3,2,0,3,2,1,1,0,3,3,2,3,1,0,3,3,2,1,1,3,40,12,28,Extremely Severe,Moderate,Severe
3,1,3,3,3,3,1,3,3,3,3,3,3,3,1,3,3,2,1,3,2,40,26,40,Extremely Severe,Extremely Severe,Extremely Severe
3,1,1,0,0,1,0,0,1,3,3,0,3,0,0,1,0,3,0,3,0,16,10,20,Moderate,Moderate,Moderate
2,0,2,2,2,2,0,1,1,2,3,2,2,1,0,2,3,3,3,2,1,28,16,28,Extremely Severe,Severe,Severe
1,1,3,1,2,0,3,3,3,3,1,3,3,1,1,3,3,0,1,1,3,40,22,18,Extremely Severe,Extremely Severe,Mild
3,0,1,0,1,2,0,0,0,2,1,0,3,1,0,1,3,0,0,0,2,26,0,14,Severe,Normal,Normal
2,0,2,1,1,2,0,2,2,2,2,1,2,1,0,2,1,2,0,2,1,22,10,24,Severe,Moderate,Moderate
1,1,0,2,0,1,1,1,1,0,0,2,0,2,0,0,0,0,0,0,0,0,10,14,Normal,Moderate,Normal
0,3,1,1,1,1,1,1,1,2,1,0,1,2,0,2,1,1,2,1,1,18,18,12,Moderate,Severe,Normal
2,1,1,0,0,1,1,1,1,3,1,2,1,1,1,1,2,1,0,1,1,18,10,18,Moderate,Moderate,Mild
3,1,2,2,3,3,1,1,2,1,3,2,3,2,2,3,1,2,3,2,1,28,26,32,Extremely Severe,Extremely Severe,Severe
2,0,0,0,0,1,0,0,1,0,0,0,0,1,0,0,0,2,0,0,0,0,2,12,Normal,Normal,Normal
0,0,0,0,0,1,0,0,0,0,1,0,1,1,0,1,1,1,0,0,0,6,0,8,Normal,Normal,Normal
0,3,2,0,2,0,0,0,1,2,0,0,0,0,0,0,3,1,0,1,1,20,10,2,Moderate,Moderate,Normal
2,1,2,3,3,1,2,2,2,3,3,1,3,1,1,3,3,3,3,2,3,40,28,26,Extremely Severe,Extremely Severe,Severe
1,0,0,1,0,1,1,1,1,0,1,1,1,1,0,1,0,0,0,1,0,4,8,12,Normal,Mild,Normal
1,0,1,0,0,1,2,1,1,1,1,3,1,3,0,0,1,2,3,3,2,12,18,24,Mild,Severe,Moderate
1,1,1,1,1,1,1,2,2,0,0,2,0,1,0,2,0,0,1,2,0,8,16,14,Normal,Severe,Normal
1,1,2,0,2,1,0,1,3,1,1,2,3,2,3,3,0,3,0,0,1,24,14,22,Severe,Moderate,Moderate
2,1,0,0,0,3,1,0,2,0,3,1,1,3,0,1,0,0,0,1,0,4,10,24,Normal,Moderate,Moderate
3,1,3,3,3,3,2,3,3,3,3,3,3,3,3,3,3,3,2,3,3,42,34,42,Extremely Severe,Extremely Severe,Extremely Severe
3,2,3,2,3,2,1,2,1,3,2,3,3,1,1,3,3,2,2,3,2,40,24,30,Extremely Severe,Extremely Severe,Severe
2,0,1,0,2,1,1,1,1,0,1,1,1,1,0,1,2,1,1,1,1,16,8,16,Moderate,Mild,Mild
1,0,1,0,0,2,1,1,3,1,1,2,1,2,0,0,1,1,1,0,0,8,10,20,Normal,Moderate,Moderate
1,0,0,1,0,1,0,0,0,0,1,0,1,1,1,0,0,1,0,0,0,2,4,10,Normal,Normal,Normal
2,0,0,2,1,1,0,1,3,0,2,1,1,3,0,3,0,0,2,0,2,14,14,20,Moderate,Moderate,Moderate
1,0,1,1,1,0,1,1,2,1,1,1,3,1,1,1,1,2,0,2,0,16,14,14,Moderate,Moderate,Normal
2,2,2,2,1,2,2,2,3,2,3,2,3,3,2,2,2,1,2,3,1,26,32,30,Severe,Extremely Severe,Severe
2,0,1,0,1,2,0,0,1,2,1,0,0,1,0,0,0,3,0,0,0,8,2,18,Normal,Normal,Mild
3,3,1,3,3,3,2,3,2,1,3,3,3,3,1,3,3,3,3,3,3,34,34,42,Extremely Severe,Extremely Severe,Extremely Severe
2,2,1,1,1,2,1,1,1,1,1,2,1,2,1,2,1,1,1,1,1,16,16,22,Moderate,Severe,Moderate
0,1,0,0,1,0,0,0,0,0,0,0,1,0,1,1,0,0,0,0,0,6,4,0,Normal,Normal,Normal
2,0,0,2,1,3,0,1,2,0,1,1,1,0,0,0,1,1,3,1,0,6,16,18,Normal,Severe,Mild
0,0,0,0,0,0,0,0,0,0,0,0,0,0,0,0,0,0,0,0,0,0,0,0,Normal,Normal,Normal
0,1,1,0,0,0,1,1,0,3,1,0,2,0,0,2,2,0,1,1,3,26,8,4,Severe,Mild,Normal
2,0,2,0,0,1,0,0,0,1,3,1,0,2,0,1,1,0,0,1,0,10,2,18,Mild,Normal,Mild
1,1,0,0,0,1,0,0,2,0,1,1,0,1,0,0,1,1,1,1,0,2,10,12,Normal,Moderate,Normal
3,1,3,2,3,1,1,2,3,3,3,1,3,2,1,3,1,1,3,3,3,38,28,26,Extremely Severe,Extremely Severe,Severe
1,0,1,0,1,1,0,1,3,0,2,1,0,2,0,1,3,1,0,1,3,18,8,18,Moderate,Mild,Mild
1,0,1,0,3,1,0,1,1,2,1,1,2,2,0,3,3,1,0,1,2,32,4,16,Extremely Severe,Normal,Mild
1,1,1,0,1,3,0,2,0,0,2,3,2,2,0,0,0,1,1,0,0,8,4,28,Normal,Normal,Severe
0,0,0,0,0,0,0,0,0,0,0,0,0,0,0,0,0,0,0,0,0,0,0,0,Normal,Normal,Normal
3,1,3,0,3,1,1,2,1,3,3,3,3,3,0,3,3,3,1,0,3,42,8,36,Extremely Severe,Mild,Extremely Severe
1,0,3,1,2,0,0,0,0,3,1,0,1,3,1,0,3,0,0,0,1,26,4,10,Severe,Normal,Normal
3,3,2,2,2,2,1,3,3,1,3,3,2,1,1,1,2,2,3,1,2,24,28,34,Severe,Extremely Severe,Extremely Severe
1,1,0,0,1,2,1,0,0,0,1,0,1,1,0,2,1,2,0,1,0,10,6,14,Mild,Normal,Normal
1,1,1,1,1,1,1,1,1,1,1,1,1,1,1,1,1,1,1,1,1,14,14,14,Moderate,Moderate,Normal
1,0,3,0,1,2,2,2,2,3,1,2,3,3,1,3,3,0,0,1,1,34,12,22,Extremely Severe,Moderate,Moderate
2,3,2,2,1,1,1,3,2,0,2,3,3,3,1,3,0,1,0,0,0,18,18,30,Moderate,Severe,Severe
1,1,2,1,3,2,2,1,2,1,3,2,3,2,1,2,2,1,0,2,1,28,18,24,Extremely Severe,Severe,Moderate
2,0,0,0,0,3,0,1,2,0,2,1,2,2,0,0,1,2,1,0,0,6,6,26,Normal,Normal,Severe
1,0,2,0,1,1,2,1,0,1,2,0,2,1,0,1,2,0,0,0,1,20,4,12,Moderate,Normal,Normal
3,1,2,3,3,2,2,3,3,3,3,2,3,3,3,2,2,3,2,3,2,34,34,38,Extremely Severe,Extremely Severe,Extremely Severe
3,1,3,1,3,1,1,2,2,3,2,3,3,3,0,2,1,2,2,1,1,32,16,32,Extremely Severe,Severe,Severe
3,1,3,1,3,1,0,3,2,3,3,1,3,0,0,3,1,1,0,1,2,36,10,24,Extremely Severe,Moderate,Moderate
2,3,1,3,2,2,2,3,3,3,2,2,3,3,1,2,2,2,1,2,2,30,30,32,Extremely Severe,Extremely Severe,Severe
0,3,0,0,2,1,0,3,0,1,2,1,2,0,0,0,1,1,0,0,2,16,6,16,Moderate,Normal,Mild
3,1,3,0,2,2,2,2,3,1,3,2,3,2,3,3,3,3,0,3,3,36,24,34,Extremely Severe,Extremely Severe,Extremely Severe
3,2,1,0,0,1,0,1,2,0,1,0,1,3,0,0,0,1,0,2,0,4,12,20,Normal,Moderate,Moderate
0,3,0,0,0,0,0,0,2,1,0,1,1,1,0,1,1,1,1,1,0,8,14,6,Normal,Moderate,Normal
3,3,1,2,2,2,3,3,2,2,3,2,3,2,1,1,3,1,2,1,1,26,28,32,Severe,Extremely Severe,Severe
1,1,1,0,1,2,1,1,1,0,1,2,1,1,0,0,3,1,1,1,3,18,10,18,Moderate,Moderate,Mild
1,1,1,0,2,2,0,1,1,0,1,2,1,1,1,2,0,2,1,1,1,14,10,20,Moderate,Moderate,Moderate
0,0,2,0,0,1,0,1,1,3,2,2,2,1,0,1,0,2,2,0,2,20,6,18,Moderate,Normal,Mild
1,0,0,0,3,0,0,1,1,1,2,0,1,1,0,2,0,1,0,0,0,14,2,12,Moderate,Normal,Normal
0,1,0,0,1,0,0,0,1,0,0,0,0,0,0,0,0,0,0,0,0,2,4,0,Normal,Normal,Normal
1,2,0,1,1,0,1,1,3,0,3,3,3,2,1,3,3,2,0,1,1,22,18,24,Severe,Severe,Moderate
2,1,1,2,3,1,0,2,3,2,2,2,2,3,1,1,0,1,2,2,1,20,22,26,Moderate,Extremely Severe,Severe
1,1,2,1,3,1,3,1,2,2,2,2,0,1,2,3,2,2,3,0,3,30,24,20,Extremely Severe,Extremely Severe,Moderate
1,0,0,0,0,0,1,0,0,1,1,0,0,0,0,0,1,1,0,0,0,4,2,6,Normal,Normal,Normal
2,2,1,3,2,3,2,1,3,0,3,2,2,3,3,3,3,3,1,3,2,26,34,34,Severe,Extremely Severe,Extremely Severe
1,0,1,0,0,2,0,2,1,1,1,1,0,0,0,2,0,0,1,0,0,8,4,14,Normal,Normal,Normal
2,0,1,0,1,3,0,0,2,3,3,2,1,2,1,2,3,2,0,0,3,28,6,28,Extremely Severe,Normal,Severe
0,3,0,0,0,0,1,1,2,0,0,1,1,0,0,1,0,0,0,1,0,4,14,4,Normal,Moderate,Normal
1,1,1,1,1,1,2,1,1,1,1,1,0,1,1,1,1,1,1,1,1,12,16,14,Mild,Severe,Normal
1,0,1,0,2,0,1,3,3,1,1,2,1,1,1,2,3,0,0,3,1,22,16,16,Severe,Severe,Mild
3,3,3,3,3,3,3,3,3,3,3,3,3,3,3,3,3,3,3,3,3,42,42,42,Extremely Severe,Extremely Severe,Extremely Severe
1,0,1,0,3,2,1,1,1,0,1,0,1,0,1,1,1,1,0,1,0,14,8,12,Moderate,Mild,Normal
2,3,1,3,3,3,2,0,3,3,3,3,3,1,1,3,3,2,0,3,3,38,30,28,Extremely Severe,Extremely Severe,Severe
0,1,0,0,0,0,0,0,0,0,0,0,0,2,0,0,0,0,0,0,0,0,2,4,Normal,Normal,Normal
1,1,2,1,3,0,2,3,1,0,1,2,2,3,2,2,1,1,0,1,1,22,16,22,Severe,Severe,Moderate
2,1,2,0,2,2,0,1,1,2,1,0,2,0,0,1,2,1,0,0,2,26,4,14,Severe,Normal,Normal
1,0,2,0,0,1,0,0,1,1,1,0,0,0,0,1,1,1,0,0,0,10,2,8,Mild,Normal,Normal
1,3,1,0,1,1,1,1,2,0,0,2,1,2,1,0,2,2,3,2,2,14,24,18,Moderate,Extremely Severe,Mild
2,0,1,2,2,2,1,3,3,2,3,3,3,1,1,1,3,2,3,3,3,30,26,32,Extremely Severe,Extremely Severe,Severe
3,0,1,0,3,0,1,1,3,3,3,1,2,1,0,2,2,3,0,3,1,28,14,24,Extremely Severe,Moderate,Moderate
2,0,0,0,1,1,1,1,1,0,3,0,3,0,1,0,3,0,1,0,1,16,8,14,Moderate,Mild,Normal
1,0,1,0,0,1,0,0,0,1,1,0,0,1,0,1,1,1,0,0,0,8,0,10,Normal,Normal,Normal
1,0,0,0,0,1,1,1,1,0,1,1,1,0,1,0,1,1,1,1,0,4,10,12,Normal,Moderate,Normal
0,0,0,0,2,1,0,1,1,0,0,0,1,0,0,0,0,0,3,0,1,8,8,4,Normal,Mild,Normal
3,3,3,3,3,3,3,3,3,3,3,3,2,3,3,3,3,0,3,3,3,40,42,36,Extremely Severe,Extremely Severe,Extremely Severe
1,0,0,0,1,2,0,1,2,0,3,2,1,2,1,0,2,3,0,1,0,8,8,28,Normal,Mild,Severe
3,2,2,3,2,3,3,2,3,2,3,3,3,3,2,3,3,3,3,3,3,36,38,40,Extremely Severe,Extremely Severe,Extremely Severe
1,3,1,0,3,0,1,1,3,3,3,0,3,3,0,2,3,3,0,3,3,36,20,22,Extremely Severe,Extremely Severe,Moderate
3,0,2,2,3,3,1,2,2,2,3,2,3,3,1,2,3,2,2,1,2,34,18,36,Extremely Severe,Severe,Extremely Severe
2,2,2,1,2,1,2,2,2,2,2,2,2,1,2,2,2,2,1,2,1,26,24,24,Severe,Extremely Severe,Moderate
3,3,2,0,3,1,2,3,1,3,3,3,3,3,0,3,3,2,2,3,3,40,22,36,Extremely Severe,Extremely Severe,Extremely Severe
1,2,2,0,1,2,0,1,1,2,2,1,2,2,0,2,2,2,0,1,1,24,8,22,Severe,Mild,Moderate
3,3,3,3,3,3,3,3,3,3,3,3,3,2,3,3,3,3,3,3,3,42,42,40,Extremely Severe,Extremely Severe,Extremely Severe
1,2,1,0,2,3,2,1,2,0,1,0,1,2,1,2,0,1,1,0,0,12,16,18,Mild,Severe,Mild
2,3,1,2,3,2,2,3,2,1,3,2,3,1,3,3,2,2,0,3,2,30,30,30,Extremely Severe,Extremely Severe,Severe
0,0,0,0,0,2,1,0,0,0,2,0,0,2,0,2,1,1,2,0,0,6,6,14,Normal,Normal,Normal
3,1,2,3,3,3,1,2,1,1,3,3,3,3,2,3,2,2,2,1,2,32,22,38,Extremely Severe,Extremely Severe,Extremely Severe
1,0,3,1,3,2,1,3,3,3,1,3,2,2,1,3,3,1,0,3,2,38,18,26,Extremely Severe,Severe,Severe
1,0,2,0,0,0,0,1,0,0,1,0,1,0,0,0,1,1,0,0,0,8,0,8,Normal,Normal,Normal
1,0,0,0,2,1,0,1,1,1,1,2,0,1,0,0,2,1,0,1,1,12,4,16,Mild,Normal,Mild
3,3,3,3,3,3,3,3,3,3,3,3,3,3,3,3,3,3,3,3,3,42,42,42,Extremely Severe,Extremely Severe,Extremely Severe
3,2,3,3,3,3,3,3,3,1,3,3,3,3,2,3,3,3,3,3,3,38,38,42,Extremely Severe,Extremely Severe,Extremely Severe
3,3,2,3,3,3,3,2,1,3,2,3,3,3,1,3,3,3,2,3,3,40,32,38,Extremely Severe,Extremely Severe,Extremely Severe
3,3,1,1,1,3,1,3,3,2,3,1,3,3,3,3,3,3,3,3,3,32,34,38,Extremely Severe,Extremely Severe,Extremely Severe
3,2,3,2,3,3,3,3,3,3,3,3,3,3,2,3,3,3,2,3,3,42,34,42,Extremely Severe,Extremely Severe,Extremely Severe
1,2,0,0,1,2,0,0,2,1,0,0,1,2,0,2,2,0,2,1,0,14,14,10,Moderate,Moderate,Normal
3,1,1,1,3,2,0,1,1,3,1,1,1,1,3,3,3,0,0,1,1,30,14,18,Extremely Severe,Moderate,Mild
2,0,2,1,3,3,3,2,3,1,3,2,3,3,0,3,1,0,0,2,1,28,18,30,Extremely Severe,Severe,Severe
2,1,0,0,2,1,0,1,3,2,1,2,1,3,0,1,0,2,0,1,1,14,10,24,Moderate,Moderate,Moderate
3,0,0,2,1,3,3,1,3,0,3,1,3,1,2,1,2,2,0,0,2,18,20,28,Moderate,Extremely Severe,Severe
2,2,1,2,3,1,3,2,2,1,2,2,2,3,2,2,2,2,2,3,1,24,32,28,Severe,Extremely Severe,Severe
3,3,3,1,3,2,2,2,2,3,3,3,3,2,3,3,3,3,3,3,3,42,34,36,Extremely Severe,Extremely Severe,Extremely Severe
1,0,3,0,0,1,0,1,0,1,3,0,2,1,0,2,3,2,0,3,1,24,6,18,Severe,Normal,Mild
2,0,3,0,1,3,0,1,2,3,3,2,3,1,0,3,3,2,0,1,3,38,6,28,Extremely Severe,Normal,Severe
3,3,2,0,1,2,0,3,3,2,3,1,3,1,1,1,2,1,3,3,3,28,26,28,Extremely Severe,Extremely Severe,Severe
2,1,1,3,1,2,3,1,3,3,2,2,1,3,1,2,3,3,2,3,2,26,32,30,Severe,Extremely Severe,Severe
1,1,1,2,1,1,0,1,1,1,2,1,2,1,1,1,1,1,0,2,1,16,14,16,Moderate,Moderate,Mild
0,0,0,0,1,0,0,0,0,0,0,1,0,0,1,0,1,2,1,0,1,6,4,6,Normal,Normal,Normal
2,2,2,1,1,2,1,2,3,1,3,2,3,3,1,2,2,3,1,3,0,22,24,34,Severe,Extremely Severe,Extremely Severe
1,0,1,0,1,2,0,1,3,1,1,0,1,2,0,1,1,2,2,1,1,14,12,18,Moderate,Moderate,Mild
1,1,2,0,2,1,0,0,1,1,1,1,2,2,2,3,1,1,0,0,1,24,8,14,Severe,Mild,Normal
3,3,2,3,3,3,3,3,3,3,3,3,3,3,3,3,3,3,3,3,3,40,42,42,Extremely Severe,Extremely Severe,Extremely Severe
1,0,2,1,1,2,2,2,3,0,2,2,2,2,0,1,1,0,3,2,0,14,22,22,Moderate,Extremely Severe,Moderate
3,2,2,3,2,1,2,3,3,2,3,3,3,1,0,3,2,3,1,1,1,30,24,34,Extremely Severe,Extremely Severe,Extremely Severe
0,3,0,0,0,0,0,1,1,0,1,0,0,3,0,0,0,1,0,0,0,0,8,12,Normal,Mild,Normal
1,0,0,0,0,1,0,1,1,0,1,1,0,1,0,0,0,1,0,1,0,0,4,14,Normal,Normal,Normal
0,1,0,0,0,0,0,0,1,0,0,0,0,0,0,0,0,1,0,0,0,0,4,2,Normal,Normal,Normal
2,2,1,1,1,1,1,1,1,2,2,1,1,1,1,2,2,1,2,1,1,20,18,18,Moderate,Severe,Mild
3,1,1,1,2,3,1,2,3,1,2,2,2,1,1,1,1,1,1,1,1,18,18,28,Moderate,Severe,Severe
1,0,0,3,1,2,1,2,3,1,2,3,1,1,0,1,1,2,1,2,1,12,20,26,Mild,Extremely Severe,Severe
2,3,0,0,0,2,0,1,2,0,3,0,0,3,0,0,2,1,0,1,0,4,12,24,Normal,Moderate,Moderate
1,1,2,0,3,0,0,3,0,2,1,0,1,1,0,3,0,2,0,0,0,22,2,16,Severe,Normal,Mild
3,2,3,3,2,1,3,3,3,3,3,2,3,3,2,3,3,1,3,2,3,40,36,32,Extremely Severe,Extremely Severe,Severe
2,2,2,2,2,2,2,3,3,3,3,3,3,3,2,2,3,2,2,2,3,36,30,36,Extremely Severe,Extremely Severe,Extremely Severe
3,3,2,2,3,1,3,3,3,3,3,2,3,2,1,3,3,3,3,3,2,38,36,34,Extremely Severe,Extremely Severe,Extremely Severe
2,0,0,2,2,2,0,1,1,2,1,1,2,0,0,1,1,1,1,1,1,18,10,16,Moderate,Moderate,Mild
1,2,1,2,1,0,3,1,3,3,1,3,3,1,2,2,3,0,1,2,2,30,30,14,Extremely Severe,Extremely Severe,Normal
1,0,0,0,0,0,0,1,3,0,0,3,0,2,0,0,0,0,0,2,0,0,10,14,Normal,Moderate,Normal
2,0,1,0,1,2,0,2,1,2,2,0,1,2,0,2,1,1,0,1,2,20,4,22,Moderate,Normal,Moderate
1,2,1,2,1,2,1,1,2,1,1,1,2,1,1,1,2,2,0,0,0,16,16,18,Moderate,Severe,Mild
1,3,1,0,2,0,2,1,3,2,3,2,3,3,1,2,3,2,1,3,3,32,26,24,Extremely Severe,Extremely Severe,Moderate
3,3,3,3,3,3,3,3,3,3,3,3,3,3,3,3,3,2,2,3,3,42,40,40,Extremely Severe,Extremely Severe,Extremely Severe
3,0,3,0,3,3,0,2,1,3,3,2,1,3,0,2,3,3,0,3,2,34,8,38,Extremely Severe,Mild,Extremely Severe
1,0,1,0,0,2,2,2,2,0,1,2,2,2,2,1,1,1,0,1,0,10,14,22,Mild,Moderate,Moderate
3,0,2,1,3,3,0,1,3,2,2,1,3,0,0,1,3,2,0,3,3,34,14,24,Extremely Severe,Moderate,Moderate
1,1,0,0,0,3,0,1,1,0,2,3,1,3,0,0,0,3,1,0,0,2,6,32,Normal,Normal,Severe
1,0,1,0,1,0,1,1,1,3,1,1,1,1,1,0,3,0,0,0,1,20,6,10,Moderate,Normal,Normal
1,1,2,1,3,1,0,1,1,2,3,1,3,0,0,2,3,1,0,1,3,36,8,16,Extremely Severe,Mild,Mild
2,0,0,3,2,3,0,2,2,3,3,1,3,1,2,1,3,3,1,0,3,30,16,30,Extremely Severe,Severe,Severe
3,3,3,0,3,3,1,2,3,1,3,1,3,3,0,3,3,3,1,3,3,38,22,36,Extremely Severe,Extremely Severe,Extremely Severe
3,1,3,2,3,3,2,3,1,2,3,3,3,2,2,3,2,0,2,3,1,34,26,34,Extremely Severe,Extremely Severe,Extremely Severe
2,0,1,1,1,2,0,1,2,1,2,2,2,1,0,0,1,2,0,1,1,14,8,24,Moderate,Mild,Moderate
1,0,1,0,3,1,0,2,0,2,1,2,2,1,0,1,1,2,1,1,0,20,4,20,Moderate,Normal,Moderate
3,3,1,3,3,3,3,3,1,3,3,3,3,1,2,3,3,2,3,3,3,38,36,36,Extremely Severe,Extremely Severe,Extremely Severe
0,0,0,0,0,0,0,0,0,0,0,0,0,0,0,0,0,0,0,0,0,0,0,0,Normal,Normal,Normal
2,2,2,2,2,2,2,2,2,2,2,3,2,3,0,3,3,0,2,2,2,32,24,28,Extremely Severe,Extremely Severe,Severe
3,3,3,3,3,1,1,3,3,3,3,3,3,3,2,3,3,3,0,3,1,38,30,38,Extremely Severe,Extremely Severe,Extremely Severe
1,1,1,0,1,1,0,0,0,0,1,0,1,1,0,0,1,2,0,0,0,8,2,12,Normal,Normal,Normal
1,0,0,0,0,1,0,0,1,1,1,0,1,1,0,1,1,1,0,0,1,10,2,10,Mild,Normal,Normal
3,1,3,3,3,2,2,3,2,3,3,2,3,3,1,3,3,3,2,2,3,42,26,38,Extremely Severe,Extremely Severe,Extremely Severe
3,3,1,3,1,3,3,3,3,2,3,2,2,2,3,0,1,3,1,3,1,16,38,38,Moderate,Extremely Severe,Extremely Severe
2,3,1,1,1,3,2,2,3,1,2,2,2,2,1,2,2,1,3,2,1,20,30,28,Moderate,Extremely Severe,Severe
0,0,2,0,3,1,0,0,3,1,3,2,3,0,2,1,2,3,0,3,1,26,16,18,Severe,Severe,Mild
3,3,0,1,2,1,2,3,3,1,3,1,2,1,1,3,2,0,0,3,0,20,26,24,Moderate,Extremely Severe,Moderate
1,0,2,0,1,3,0,3,2,1,2,1,3,0,0,0,2,3,0,0,3,24,4,26,Severe,Normal,Severe
0,1,1,0,2,2,0,1,2,3,1,1,2,1,0,2,3,0,0,0,3,32,6,12,Extremely Severe,Normal,Normal
3,1,1,1,1,3,2,1,2,2,3,2,2,3,1,2,1,2,1,1,1,20,18,34,Moderate,Severe,Extremely Severe
3,0,1,3,0,3,1,3,3,0,3,3,2,3,1,3,2,1,3,3,3,22,28,38,Severe,Extremely Severe,Extremely Severe
2,2,1,1,1,1,1,1,2,1,2,1,1,2,0,1,2,1,2,1,1,16,18,20,Moderate,Severe,Moderate
0,1,1,0,1,0,1,0,2,1,1,1,2,0,1,1,1,0,0,0,0,14,10,4,Moderate,Moderate,Normal
2,2,1,1,2,2,1,2,2,2,2,2,2,2,2,2,2,1,1,2,2,26,22,26,Severe,Extremely Severe,Severe
0,0,0,0,0,2,0,0,1,0,1,1,0,0,1,0,0,0,1,0,0,0,6,8,Normal,Normal,Normal
3,0,3,2,2,3,2,3,2,3,2,3,3,1,1,3,3,3,3,2,2,38,24,36,Extremely Severe,Extremely Severe,Extremely Severe
0,0,0,0,0,0,0,0,0,1,0,0,1,0,0,0,0,1,0,1,0,4,2,2,Normal,Normal,Normal
0,0,0,0,0,0,0,0,0,1,0,0,0,1,0,1,0,0,1,0,0,4,2,2,Normal,Normal,Normal
2,2,2,2,2,2,2,2,2,2,2,2,2,2,2,2,2,2,2,2,2,28,28,28,Extremely Severe,Extremely Severe,Severe
3,1,1,3,3,3,1,2,3,3,3,3,3,1,3,3,3,2,1,3,2,36,30,34,Extremely Severe,Extremely Severe,Extremely Severe
2,2,0,0,1,1,1,1,1,1,2,1,2,2,0,1,1,2,0,1,2,16,10,22,Moderate,Moderate,Moderate
2,1,1,1,1,1,0,1,1,1,1,1,1,1,1,1,2,1,1,1,0,14,12,16,Moderate,Moderate,Mild
3,0,1,0,1,1,1,2,1,1,2,1,2,1,1,3,2,1,0,2,1,22,10,22,Severe,Moderate,Moderate
2,3,3,2,0,3,0,3,2,2,2,2,1,3,0,0,0,2,0,3,3,18,20,34,Moderate,Extremely Severe,Extremely Severe
0,2,2,1,3,1,1,3,3,3,3,3,3,1,2,3,3,0,0,0,3,40,18,22,Extremely Severe,Severe,Moderate
1,2,0,1,3,2,1,1,2,2,3,1,2,0,0,3,2,2,2,2,2,28,20,20,Extremely Severe,Extremely Severe,Moderate
1,0,0,0,0,1,0,1,1,0,1,0,0,1,0,0,0,1,0,0,0,0,2,12,Normal,Normal,Normal
3,2,2,2,3,3,2,2,3,3,2,3,3,3,1,3,3,3,1,1,3,40,24,38,Extremely Severe,Extremely Severe,Extremely Severe
1,0,0,1,1,1,0,1,0,0,0,0,0,0,0,0,0,1,0,0,0,2,2,8,Normal,Normal,Normal
1,2,0,1,1,1,0,1,2,1,2,1,1,1,0,0,2,3,0,1,1,12,12,20,Mild,Moderate,Moderate
1,2,1,1,3,1,0,2,0,1,2,1,2,1,0,1,1,1,1,1,1,20,10,18,Moderate,Moderate,Mild
1,0,2,0,1,0,0,1,1,2,0,1,1,0,0,1,2,0,2,0,1,20,6,6,Moderate,Normal,Normal
3,3,1,0,3,3,1,3,3,3,3,3,3,0,3,3,3,3,3,3,2,36,32,36,Extremely Severe,Extremely Severe,Extremely Severe
2,0,2,1,1,2,1,3,2,3,2,2,2,0,2,1,3,0,1,1,1,26,16,22,Severe,Severe,Moderate
1,1,0,0,0,0,1,1,1,0,1,0,0,2,0,0,1,0,1,0,0,2,8,10,Normal,Mild,Normal
1,0,1,0,0,1,0,1,1,2,2,0,1,1,0,1,2,1,1,1,1,16,6,14,Moderate,Normal,Normal
3,2,2,1,3,1,3,2,2,3,3,1,3,1,1,3,3,1,3,2,3,40,28,24,Extremely Severe,Extremely Severe,Moderate
3,2,3,2,3,3,1,3,2,3,3,3,3,3,1,2,3,3,1,3,3,40,24,42,Extremely Severe,Extremely Severe,Extremely Severe
1,0,0,3,3,2,0,2,3,1,1,1,1,2,0,0,1,1,0,0,1,14,12,20,Moderate,Moderate,Moderate
2,1,3,1,1,3,1,3,1,2,3,2,3,3,1,3,3,2,1,1,2,34,14,36,Extremely Severe,Moderate,Extremely Severe
2,2,3,3,3,2,2,3,2,3,1,2,3,3,3,3,3,3,3,0,3,42,30,32,Extremely Severe,Extremely Severe,Severe
1,3,0,0,0,1,1,1,1,0,1,2,1,2,0,0,0,2,3,1,0,2,18,20,Normal,Severe,Moderate
3,0,2,0,2,3,0,0,3,3,3,0,2,3,1,2,2,3,2,3,2,30,18,30,Extremely Severe,Severe,Severe
3,0,2,0,3,3,2,2,3,3,2,3,2,3,1,3,3,0,2,3,2,36,22,32,Extremely Severe,Extremely Severe,Severe
3,2,0,1,2,3,1,2,2,2,2,3,3,3,2,2,1,3,2,2,3,26,24,38,Severe,Extremely Severe,Extremely Severe
1,0,2,1,1,0,1,1,1,3,2,2,3,1,0,1,3,1,0,2,3,32,10,16,Extremely Severe,Moderate,Mild
3,3,3,3,3,3,3,3,3,3,3,3,3,3,3,3,3,3,3,3,3,42,42,42,Extremely Severe,Extremely Severe,Extremely Severe
1,0,0,0,0,1,2,0,1,1,0,0,2,0,1,1,1,1,2,0,1,12,12,6,Mild,Moderate,Normal
3,1,2,1,2,2,2,2,3,2,1,3,3,1,1,2,3,2,1,1,2,32,20,28,Extremely Severe,Extremely Severe,Severe
1,2,0,0,1,0,2,2,2,2,1,1,1,1,2,1,2,0,1,1,0,14,20,12,Moderate,Extremely Severe,Normal
1,0,1,0,0,1,0,1,0,0,0,1,1,0,0,0,1,1,0,1,0,6,2,10,Normal,Normal,Normal
3,1,2,0,2,2,1,3,2,2,3,1,3,2,0,1,3,1,0,2,1,28,12,30,Extremely Severe,Moderate,Severe
1,0,0,0,0,0,0,0,2,0,1,1,1,1,1,0,2,2,0,0,0,6,6,12,Normal,Normal,Normal
1,0,0,1,2,1,0,3,3,1,3,1,3,1,3,3,1,0,0,2,1,22,18,20,Severe,Severe,Moderate
1,1,1,1,1,2,1,1,2,1,2,1,1,1,1,2,2,1,1,1,1,18,16,18,Moderate,Severe,Mild
1,3,0,0,3,3,1,1,3,0,3,3,1,3,0,0,3,3,2,3,0,14,24,34,Moderate,Extremely Severe,Extremely Severe
2,1,0,1,1,2,2,3,2,0,1,2,1,1,0,2,1,1,2,3,0,10,22,24,Mild,Extremely Severe,Moderate
0,0,0,0,0,0,0,0,0,0,0,1,1,0,0,1,1,0,0,0,0,6,0,2,Normal,Normal,Normal
3,3,3,3,2,3,2,3,3,3,3,2,3,1,3,1,3,2,3,3,3,36,40,34,Extremely Severe,Extremely Severe,Extremely Severe
1,0,0,0,0,2,0,0,1,1,1,1,1,2,0,2,0,2,0,0,1,10,2,18,Mild,Normal,Mild
3,0,2,0,0,3,0,1,0,1,2,0,2,1,0,0,1,1,0,0,1,14,0,22,Moderate,Normal,Moderate
1,3,1,0,2,2,0,3,1,0,0,0,1,2,0,2,1,1,0,0,0,14,8,18,Moderate,Mild,Mild
2,3,3,0,3,1,0,2,1,3,1,1,2,1,0,3,3,0,3,3,3,40,20,16,Extremely Severe,Extremely Severe,Mild
1,0,3,1,1,0,0,3,1,1,0,3,3,2,0,2,2,1,0,1,0,24,6,20,Severe,Normal,Moderate
1,1,1,1,1,1,1,1,1,1,1,1,1,1,1,1,1,1,1,1,1,14,14,14,Moderate,Moderate,Normal
1,1,1,0,1,1,1,1,1,2,1,1,1,1,1,1,2,1,0,1,1,18,10,14,Moderate,Moderate,Normal
3,0,2,2,3,3,0,1,2,3,2,3,3,1,0,3,3,2,1,2,3,40,14,30,Extremely Severe,Moderate,Severe
0,0,0,0,0,0,0,0,0,0,0,0,0,0,0,0,0,0,1,0,0,0,2,0,Normal,Normal,Normal
3,1,1,3,1,2,2,2,1,1,1,1,0,1,2,2,1,1,1,2,2,16,24,22,Moderate,Extremely Severe,Moderate
1,0,1,0,0,1,0,1,2,3,2,1,1,1,0,1,2,1,0,1,1,18,6,16,Moderate,Normal,Mild
3,3,1,1,3,3,2,2,3,0,3,2,2,1,1,2,2,2,2,1,1,22,26,32,Severe,Extremely Severe,Severe
1,1,0,0,2,2,0,3,0,0,2,3,2,3,1,0,0,3,0,0,0,8,4,34,Normal,Normal,Extremely Severe
3,2,3,3,3,2,1,3,3,3,3,3,3,1,1,3,3,3,1,2,3,42,26,36,Extremely Severe,Extremely Severe,Extremely Severe
0,1,0,0,1,0,0,0,0,2,0,1,1,1,0,1,2,1,0,0,3,20,2,6,Moderate,Normal,Normal
1,0,0,0,1,2,0,2,2,0,3,1,2,3,0,0,0,1,0,1,0,6,6,26,Normal,Normal,Severe
0,0,0,0,1,0,0,0,0,0,2,0,0,2,0,0,2,1,0,1,1,8,2,10,Normal,Normal,Normal
1,2,1,0,1,1,0,1,0,1,1,0,1,0,0,0,1,2,0,2,0,10,8,12,Mild,Mild,Normal
3,3,1,1,1,2,2,3,3,2,3,3,2,2,0,3,1,3,3,2,2,24,28,38,Severe,Extremely Severe,Extremely Severe
1,2,1,1,1,1,1,2,1,3,3,1,3,2,1,2,3,3,2,3,1,28,22,26,Extremely Severe,Extremely Severe,Severe
0,0,0,0,0,0,0,0,0,1,0,0,0,0,0,0,0,1,0,0,0,2,0,2,Normal,Normal,Normal
1,0,0,0,1,1,1,1,1,2,1,0,1,1,0,1,0,1,0,0,0,10,4,12,Mild,Normal,Normal
2,3,1,1,0,1,1,1,1,1,2,0,2,1,0,1,2,2,1,1,1,16,16,18,Moderate,Severe,Mild
3,1,1,0,3,1,0,2,1,3,2,3,3,2,0,1,3,1,3,3,3,34,16,28,Extremely Severe,Severe,Severe
0,0,0,1,0,0,0,0,1,0,0,1,0,1,0,0,0,0,0,0,0,0,4,4,Normal,Normal,Normal
2,0,0,1,1,1,1,1,3,1,1,0,1,0,0,1,0,1,3,1,0,8,18,12,Normal,Severe,Normal
1,1,1,0,3,2,0,1,3,2,2,1,1,1,1,2,3,1,1,3,1,26,18,18,Severe,Severe,Mild
3,0,2,2,3,3,2,3,3,2,3,3,3,3,1,2,3,3,2,3,3,36,26,42,Extremely Severe,Extremely Severe,Extremely Severe
0,2,1,0,0,0,0,0,1,0,1,1,1,1,0,0,0,1,0,0,0,4,6,8,Normal,Normal,Normal
2,1,1,3,3,1,2,2,3,2,2,2,2,2,2,3,2,1,0,3,2,30,28,24,Extremely Severe,Extremely Severe,Moderate
2,1,0,1,1,1,1,1,1,2,2,1,1,1,1,0,1,0,0,1,0,10,12,16,Mild,Moderate,Mild
1,1,2,2,3,2,1,3,2,2,3,3,3,1,1,3,3,3,1,2,3,38,20,32,Extremely Severe,Extremely Severe,Severe
1,1,1,1,2,3,0,2,0,1,2,2,2,0,1,2,0,3,1,2,0,16,12,26,Moderate,Moderate,Severe
2,1,0,1,3,3,1,3,3,3,3,3,2,3,1,3,3,1,2,3,3,34,24,36,Extremely Severe,Extremely Severe,Extremely Severe
1,0,0,1,0,1,0,0,2,0,1,0,1,2,1,0,0,0,1,0,1,4,10,10,Normal,Moderate,Normal
2,2,1,1,3,3,0,1,2,2,3,2,2,2,0,2,3,1,2,2,1,28,18,28,Extremely Severe,Severe,Severe
1,0,1,0,2,0,0,0,1,1,3,1,2,3,3,1,2,3,0,0,1,20,8,22,Moderate,Mild,Moderate
3,2,2,2,3,3,2,1,2,3,3,2,3,1,3,3,3,3,2,3,3,40,32,32,Extremely Severe,Extremely Severe,Severe
2,3,3,2,3,1,0,2,2,3,2,1,3,1,0,1,1,0,1,2,1,30,20,18,Extremely Severe,Extremely Severe,Mild
2,2,1,3,3,3,2,3,3,3,3,2,3,2,1,3,3,0,2,1,3,38,28,30,Extremely Severe,Extremely Severe,Severe
2,0,1,0,2,2,0,1,2,1,2,2,1,1,0,1,3,2,1,2,0,18,10,24,Moderate,Moderate,Moderate
3,0,1,0,2,2,1,0,0,1,2,1,2,2,0,1,3,2,0,1,2,24,4,24,Severe,Normal,Moderate
3,1,3,2,1,3,1,3,3,2,3,3,3,3,3,3,2,2,0,3,2,32,26,40,Extremely Severe,Extremely Severe,Extremely Severe
1,0,0,0,0,1,0,1,1,0,1,1,1,1,1,0,0,0,0,0,0,2,4,12,Normal,Normal,Normal
0,0,0,0,0,0,0,0,0,0,0,0,0,1,0,0,0,1,0,0,0,0,0,4,Normal,Normal,Normal
0,0,0,0,0,0,0,1,0,0,0,0,0,1,0,1,0,0,0,0,0,2,0,4,Normal,Normal,Normal
1,1,3,3,3,3,2,2,3,3,1,2,3,1,1,3,3,2,3,3,3,42,32,24,Extremely Severe,Extremely Severe,Moderate
0,0,0,0,1,1,0,0,0,0,1,0,0,0,0,0,1,1,0,0,0,4,0,6,Normal,Normal,Normal
2,2,2,1,2,2,1,3,1,0,3,0,3,1,3,3,3,1,0,1,3,32,18,24,Extremely Severe,Severe,Moderate
2,0,0,0,0,1,0,0,1,0,3,2,2,1,0,0,0,1,0,0,0,4,2,20,Normal,Normal,Moderate
1,0,0,1,1,1,0,1,0,1,1,2,1,1,0,1,0,1,0,1,0,8,4,16,Normal,Normal,Mild
0,0,0,0,0,0,0,0,0,0,0,0,0,0,0,0,0,0,1,0,0,0,2,0,Normal,Normal,Normal
1,0,0,0,0,0,0,0,0,1,3,1,1,0,0,1,1,3,0,0,0,8,0,16,Normal,Normal,Mild
1,0,0,0,0,0,0,0,0,0,0,0,0,1,0,0,0,0,0,0,0,0,0,4,Normal,Normal,Normal
1,3,0,1,0,0,1,0,1,0,0,0,0,2,1,2,0,1,0,1,0,4,16,8,Normal,Severe,Normal
2,2,3,2,2,3,2,1,3,3,1,1,1,2,2,2,2,2,2,3,1,28,32,24,Extremely Severe,Extremely Severe,Moderate
2,3,1,1,1,2,1,1,1,1,2,1,2,1,0,3,2,3,3,0,1,22,18,24,Severe,Severe,Moderate
0,0,3,0,2,1,0,0,2,2,0,0,0,0,0,1,3,1,0,0,2,26,4,4,Severe,Normal,Normal
1,3,1,2,3,1,1,1,2,2,2,2,3,3,2,2,3,2,1,2,2,32,26,24,Extremely Severe,Extremely Severe,Moderate
2,3,3,3,2,2,3,3,2,3,3,3,3,3,2,2,3,2,2,2,2,36,34,36,Extremely Severe,Extremely Severe,Extremely Severe
0,0,0,0,0,0,0,0,0,0,0,2,0,0,0,0,1,0,0,0,0,2,0,4,Normal,Normal,Normal
1,0,0,0,0,1,1,0,1,1,2,0,1,1,0,0,0,2,0,0,1,6,4,14,Normal,Normal,Normal
2,1,1,2,2,1,0,2,2,2,2,2,2,1,2,2,2,1,2,2,1,24,22,22,Severe,Extremely Severe,Moderate
1,0,1,0,1,1,2,2,1,0,1,3,1,1,2,1,1,2,0,0,0,10,10,22,Mild,Moderate,Moderate
3,1,1,0,1,3,2,1,2,1,1,1,2,2,1,3,2,1,2,1,1,22,18,24,Severe,Severe,Moderate
3,3,1,1,3,3,1,1,3,3,3,3,3,1,1,3,3,3,3,3,3,38,30,34,Extremely Severe,Extremely Severe,Extremely Severe
1,3,2,1,0,0,0,0,1,1,1,1,1,0,0,1,3,3,2,0,1,18,14,12,Moderate,Moderate,Normal
2,1,3,3,3,0,3,2,3,2,3,2,3,3,0,0,3,3,3,3,3,34,32,30,Extremely Severe,Extremely Severe,Severe
3,1,2,1,3,3,2,2,3,3,3,3,3,3,1,3,2,2,1,3,2,36,24,38,Extremely Severe,Extremely Severe,Extremely Severe
1,3,3,2,1,1,2,1,1,3,1,2,3,2,2,3,3,0,2,1,3,38,26,16,Extremely Severe,Extremely Severe,Mild
1,0,1,2,1,1,1,1,1,1,1,1,2,1,1,1,2,2,2,1,1,18,16,16,Moderate,Severe,Mild
3,1,3,3,2,2,1,3,1,3,3,1,3,1,2,3,3,3,3,3,3,40,28,32,Extremely Severe,Extremely Severe,Severe
1,2,2,1,3,0,0,1,0,3,1,1,2,2,0,2,2,1,0,0,2,32,6,14,Extremely Severe,Normal,Normal
2,3,2,1,3,3,3,2,3,1,3,3,3,3,3,3,1,3,3,2,1,28,36,38,Extremely Severe,Extremely Severe,Extremely Severe
0,2,0,1,1,0,2,0,1,0,1,0,0,0,2,0,0,2,0,2,3,8,20,6,Normal,Extremely Severe,Normal
1,2,1,2,1,2,1,1,2,3,3,2,2,2,0,1,3,1,0,2,3,28,18,24,Extremely Severe,Severe,Moderate
0,0,0,0,1,1,0,3,0,0,0,1,1,0,0,0,1,1,0,0,0,6,0,12,Normal,Normal,Normal
2,0,1,0,1,2,0,2,2,1,2,0,1,2,0,1,1,1,0,0,1,14,4,22,Moderate,Normal,Moderate
0,0,1,0,0,0,0,0,0,2,0,0,2,1,0,2,2,1,0,0,2,22,0,4,Severe,Normal,Normal
3,3,1,1,3,2,1,3,3,1,3,3,3,1,3,3,3,3,3,1,3,34,30,36,Extremely Severe,Extremely Severe,Extremely Severe
0,0,0,0,2,0,1,0,2,0,0,2,1,0,0,0,0,0,2,0,0,6,10,4,Normal,Moderate,Normal
3,1,2,1,1,2,1,1,3,1,3,3,3,3,1,1,2,2,1,2,1,22,20,34,Severe,Extremely Severe,Extremely Severe
0,0,1,0,1,1,0,1,1,1,1,0,1,0,0,1,1,0,0,1,0,12,4,6,Mild,Normal,Normal
0,0,0,0,0,1,0,0,1,0,0,1,0,0,0,0,0,0,0,0,0,0,2,4,Normal,Normal,Normal
2,1,1,2,1,1,2,3,2,1,2,3,3,2,0,1,1,1,3,3,2,20,26,28,Moderate,Extremely Severe,Severe
1,2,0,0,0,1,0,2,3,0,1,0,1,1,0,1,1,0,3,0,0,6,16,12,Normal,Severe,Normal
2,1,2,0,2,2,0,3,1,3,2,0,3,2,2,3,3,3,1,1,3,38,12,28,Extremely Severe,Moderate,Severe
2,2,2,1,1,1,1,2,3,2,2,1,2,2,1,1,3,2,0,0,2,26,16,24,Severe,Severe,Moderate
3,3,3,2,3,2,1,2,3,2,2,2,3,2,2,3,3,2,3,3,3,40,34,30,Extremely Severe,Extremely Severe,Severe
2,0,1,0,2,2,0,3,2,3,2,2,3,2,0,1,3,1,0,2,3,32,8,28,Extremely Severe,Mild,Severe
2,1,0,0,0,1,0,1,2,0,1,2,1,2,0,1,1,2,0,0,0,6,6,22,Normal,Normal,Moderate
1,1,1,0,2,1,0,3,1,1,1,2,2,1,0,2,1,2,1,0,1,20,6,22,Moderate,Normal,Moderate
2,0,1,0,2,2,2,3,3,2,2,2,2,2,0,2,2,2,2,2,2,26,18,30,Severe,Severe,Severe
1,1,1,1,1,1,0,1,3,1,2,1,0,2,2,1,1,1,0,1,1,12,16,18,Mild,Severe,Mild
2,0,2,1,3,2,3,1,1,2,2,2,3,1,3,2,1,2,1,3,1,28,24,24,Extremely Severe,Extremely Severe,Moderate
2,1,1,0,2,2,1,2,2,1,2,2,2,2,1,1,0,2,1,2,1,16,16,28,Moderate,Severe,Severe
0,0,1,0,2,0,1,1,0,2,0,0,1,1,1,1,2,0,0,0,2,22,4,4,Severe,Normal,Normal
1,0,0,0,1,1,0,0,1,0,3,0,1,2,1,1,2,0,3,0,1,12,10,14,Mild,Moderate,Normal
1,3,0,0,1,2,0,1,1,0,2,1,1,3,1,1,0,2,0,1,0,6,12,24,Normal,Moderate,Moderate
3,1,3,3,3,3,3,3,3,3,3,1,3,2,2,3,3,3,3,2,3,42,34,36,Extremely Severe,Extremely Severe,Extremely Severe
2,3,1,3,3,2,2,2,0,3,2,1,3,0,3,3,3,1,0,1,2,36,24,20,Extremely Severe,Extremely Severe,Moderate
0,0,0,0,2,2,0,0,0,0,1,0,1,1,1,0,2,0,0,1,0,10,4,8,Mild,Normal,Normal
1,2,0,0,0,1,0,1,1,1,1,1,0,1,0,0,0,1,1,1,0,2,10,14,Normal,Moderate,Normal
0,1,0,0,1,0,0,0,0,0,0,1,1,2,0,0,1,1,0,0,0,6,2,8,Normal,Normal,Normal
2,2,1,0,2,0,0,0,3,1,3,1,2,2,0,3,1,3,0,2,1,22,14,22,Severe,Moderate,Moderate
2,0,1,0,1,2,0,0,1,1,3,0,2,2,0,1,1,0,0,0,1,16,2,18,Moderate,Normal,Mild
1,0,3,3,1,1,1,2,0,2,3,1,3,1,1,1,0,3,2,3,0,20,20,24,Moderate,Extremely Severe,Moderate
1,1,0,0,0,1,0,0,0,0,1,0,1,1,0,0,0,1,0,0,0,2,2,10,Normal,Normal,Normal
3,1,1,3,0,3,2,2,2,0,3,3,1,1,0,1,0,3,2,1,0,6,22,36,Normal,Extremely Severe,Extremely Severe
2,3,2,3,2,2,1,3,3,2,3,1,3,1,2,2,3,1,1,1,2,32,28,26,Extremely Severe,Extremely Severe,Severe
1,2,0,0,1,1,2,0,2,1,1,0,0,3,0,1,1,1,3,2,1,10,22,14,Mild,Extremely Severe,Normal
2,1,2,2,2,2,2,2,3,2,3,2,2,3,2,2,2,2,2,1,2,28,26,32,Extremely Severe,Extremely Severe,Severe
2,2,1,2,0,1,2,2,1,3,1,3,3,2,1,3,2,2,1,3,3,30,24,26,Extremely Severe,Extremely Severe,Severe
1,2,2,1,1,1,2,1,1,1,1,1,1,1,1,1,2,1,1,1,0,16,18,14,Moderate,Severe,Normal
3,3,1,3,3,3,3,2,3,0,3,3,3,3,2,3,3,0,1,3,3,32,36,34,Extremely Severe,Extremely Severe,Extremely Severe
2,0,2,1,1,1,1,2,2,0,1,1,2,3,1,1,0,1,1,1,0,12,14,22,Mild,Moderate,Moderate
3,3,3,1,3,3,0,3,3,3,3,3,3,1,2,3,3,0,0,1,3,42,20,32,Extremely Severe,Extremely Severe,Severe
0,2,3,0,3,0,0,2,1,1,1,3,3,0,3,2,2,0,0,2,3,34,16,12,Extremely Severe,Severe,Normal
1,1,0,0,0,0,0,0,2,0,1,0,0,2,0,0,0,0,0,0,0,0,6,8,Normal,Normal,Normal
0,2,1,1,1,0,0,0,3,1,1,0,2,2,0,2,2,1,0,1,0,18,14,8,Moderate,Moderate,Normal
2,0,2,0,2,2,0,2,1,3,3,0,2,3,0,2,1,1,0,2,2,28,6,26,Extremely Severe,Normal,Severe
1,3,0,1,0,3,0,2,3,2,2,1,1,3,1,1,0,0,0,2,0,8,20,24,Normal,Extremely Severe,Moderate
3,2,2,3,1,3,2,2,2,3,3,1,3,2,2,3,2,3,1,2,3,34,28,34,Extremely Severe,Extremely Severe,Extremely Severe
1,2,1,1,1,1,0,2,2,2,1,3,1,2,1,1,1,0,0,2,1,16,16,20,Moderate,Severe,Moderate
1,1,1,1,1,2,1,1,2,1,1,2,1,1,0,0,1,1,1,2,1,12,16,18,Mild,Severe,Mild
1,0,0,1,0,1,0,0,0,0,2,2,0,0,0,1,1,0,0,0,1,6,2,12,Normal,Normal,Normal
0,1,1,1,0,1,2,2,3,0,0,1,3,1,2,1,1,0,2,0,0,12,22,10,Mild,Extremely Severe,Normal
0,0,0,0,0,3,0,1,1,0,2,1,0,2,0,0,0,0,0,0,0,0,2,18,Normal,Normal,Mild
3,2,2,2,2,2,2,3,3,3,3,3,2,2,1,2,2,2,2,2,3,32,28,36,Extremely Severe,Extremely Severe,Extremely Severe
0,0,0,0,1,0,0,3,2,0,0,1,1,1,0,1,1,0,3,1,2,12,12,10,Mild,Moderate,Normal
1,3,2,1,1,0,2,2,3,0,3,2,3,2,1,1,0,0,1,1,0,14,24,20,Moderate,Extremely Severe,Moderate
3,2,2,1,1,2,1,2,2,1,2,2,3,2,1,1,2,3,0,2,1,22,18,32,Severe,Severe,Severe
2,2,2,0,3,0,1,1,2,0,1,1,3,1,0,1,1,1,1,1,1,22,14,14,Severe,Moderate,Normal
1,0,1,1,1,1,0,1,2,0,1,2,1,3,0,1,0,2,0,2,1,10,10,22,Mild,Moderate,Moderate
3,3,3,3,3,3,3,3,3,3,3,3,3,3,3,3,3,3,3,3,3,42,42,42,Extremely Severe,Extremely Severe,Extremely Severe
3,0,1,1,3,3,2,2,2,1,3,3,3,3,2,3,3,3,0,0,1,30,14,40,Extremely Severe,Moderate,Extremely Severe
3,0,1,1,1,1,2,0,1,0,2,0,1,0,1,0,0,2,1,0,0,6,12,16,Normal,Moderate,Mild
3,0,3,1,3,2,2,3,2,2,1,2,3,2,2,2,3,1,1,2,3,38,20,28,Extremely Severe,Extremely Severe,Severe
3,1,3,1,1,3,0,2,3,3,3,3,3,3,0,3,3,3,1,1,3,38,14,40,Extremely Severe,Moderate,Extremely Severe
3,0,2,1,2,3,0,3,3,3,3,3,3,3,1,3,3,3,1,3,3,38,18,42,Extremely Severe,Severe,Extremely Severe
2,3,3,1,3,1,2,2,3,3,2,1,3,1,2,2,2,2,0,1,2,36,24,22,Extremely Severe,Extremely Severe,Moderate
3,3,0,2,1,3,3,3,3,3,3,3,3,3,1,3,3,1,3,3,1,28,36,38,Extremely Severe,Extremely Severe,Extremely Severe
2,2,1,0,1,0,1,1,2,0,2,1,1,1,0,0,1,0,1,1,1,10,14,14,Mild,Moderate,Normal
3,3,1,1,2,2,0,0,3,3,3,3,1,2,1,0,3,1,2,2,2,24,24,28,Severe,Extremely Severe,Severe
1,1,1,0,0,0,0,0,1,0,0,0,1,1,0,0,0,2,1,0,0,4,6,8,Normal,Normal,Normal
1,0,3,1,3,1,0,2,1,3,3,1,2,3,1,3,2,1,0,0,3,38,6,24,Extremely Severe,Normal,Moderate
2,0,1,0,1,2,0,1,2,0,2,1,2,1,0,2,0,2,0,0,1,14,4,22,Moderate,Normal,Moderate
0,2,1,0,2,0,0,0,0,2,0,1,2,1,0,2,2,2,2,1,1,24,10,8,Severe,Moderate,Normal
2,0,3,1,2,2,0,2,3,3,1,2,3,2,0,3,3,0,0,2,3,40,12,22,Extremely Severe,Moderate,Moderate
3,1,1,1,2,2,2,2,2,2,3,2,3,2,1,1,2,2,2,3,1,24,24,32,Severe,Extremely Severe,Severe
3,1,2,2,2,3,3,3,3,3,2,3,2,1,2,1,2,2,3,3,2,28,34,34,Extremely Severe,Extremely Severe,Extremely Severe
3,3,3,3,2,3,3,2,3,3,3,3,3,2,2,3,2,3,2,3,3,38,38,38,Extremely Severe,Extremely Severe,Extremely Severe
0,2,0,0,0,2,0,1,0,0,1,0,1,2,0,1,1,1,0,1,0,6,6,14,Normal,Normal,Normal
3,0,0,1,3,3,1,3,3,2,3,3,2,3,0,3,2,3,1,1,3,30,14,42,Extremely Severe,Moderate,Extremely Severe
1,1,3,1,1,1,1,3,3,1,1,3,3,0,0,2,1,1,1,3,0,22,20,20,Severe,Extremely Severe,Moderate
1,1,0,0,0,2,0,1,1,0,1,1,0,2,2,0,0,1,1,0,0,0,10,18,Normal,Moderate,Mild
3,1,1,2,2,2,1,1,2,2,3,2,3,3,2,2,3,2,2,3,2,30,26,32,Extremely Severe,Extremely Severe,Severe
3,1,2,3,3,2,0,2,1,2,3,0,3,3,0,3,2,1,0,2,2,34,14,28,Extremely Severe,Moderate,Severe
1,0,1,0,1,1,0,0,0,2,1,0,2,0,1,1,1,0,0,0,1,18,2,6,Moderate,Normal,Normal
1,2,0,0,1,3,1,2,2,1,2,1,1,3,0,1,3,1,0,3,3,20,16,26,Moderate,Severe,Severe
2,2,1,0,1,1,0,1,1,1,1,1,1,3,0,1,2,1,2,0,1,16,10,20,Moderate,Moderate,Moderate
1,0,0,0,0,1,0,0,2,0,2,0,1,1,0,0,0,1,0,0,0,2,4,12,Normal,Normal,Normal
2,0,1,0,1,1,0,1,0,0,2,0,1,1,0,2,1,1,0,0,0,12,0,16,Mild,Normal,Mild
1,2,1,1,1,0,0,1,2,2,1,0,1,1,0,1,1,2,0,0,2,18,10,12,Moderate,Moderate,Normal
1,1,1,1,1,2,0,0,1,3,2,1,0,3,0,1,3,3,0,0,3,24,6,24,Severe,Normal,Moderate
3,0,1,0,0,3,2,2,3,2,3,1,3,3,0,3,2,2,0,3,1,24,16,34,Severe,Severe,Extremely Severe
1,0,0,0,0,0,0,0,0,0,0,0,0,0,0,0,1,1,0,0,0,2,0,4,Normal,Normal,Normal
1,3,1,3,3,1,2,1,3,1,2,3,3,2,3,1,0,1,1,2,0,18,34,22,Moderate,Extremely Severe,Moderate
2,1,0,0,0,1,0,0,3,0,1,1,1,3,0,0,3,1,0,0,0,8,8,18,Normal,Mild,Mild
1,2,0,1,1,0,1,0,3,0,2,0,1,3,1,1,0,0,0,1,0,6,18,12,Normal,Severe,Normal
1,0,0,2,1,2,1,2,1,0,1,1,1,3,1,0,0,1,1,1,0,4,14,22,Normal,Moderate,Moderate
3,1,3,3,3,3,3,3,3,3,3,3,3,3,3,3,3,3,3,3,3,42,38,42,Extremely Severe,Extremely Severe,Extremely Severe
1,1,1,1,2,3,2,2,1,3,2,1,2,0,1,3,3,1,0,2,3,34,16,20,Extremely Severe,Severe,Moderate
3,3,0,0,3,2,0,1,0,2,3,3,3,0,0,0,2,1,0,2,1,22,10,26,Severe,Moderate,Severe
0,1,0,1,0,0,2,1,0,0,0,2,0,2,1,0,0,0,1,1,0,0,14,10,Normal,Moderate,Normal
1,0,1,1,2,0,2,0,1,0,3,0,1,0,0,1,2,1,0,2,2,18,12,10,Moderate,Moderate,Normal
1,1,1,2,2,0,1,2,1,2,2,2,2,2,2,2,1,1,2,1,2,24,20,20,Severe,Extremely Severe,Moderate
1,0,1,1,1,0,0,0,0,0,1,0,1,0,0,0,0,1,0,0,0,6,2,6,Normal,Normal,Normal
2,3,2,3,3,2,3,2,3,2,2,1,3,1,1,3,3,1,1,1,2,36,30,22,Extremely Severe,Extremely Severe,Moderate
2,2,1,0,3,3,1,3,3,3,3,1,3,3,0,3,3,2,0,0,3,38,12,34,Extremely Severe,Moderate,Extremely Severe
1,1,1,3,2,1,1,2,1,3,2,2,2,1,1,2,3,2,1,2,1,28,20,22,Extremely Severe,Extremely Severe,Moderate
0,0,0,0,0,1,0,1,1,0,2,1,0,2,0,1,0,0,0,1,0,2,4,14,Normal,Normal,Normal
2,1,2,1,1,1,1,1,2,2,2,1,2,2,0,1,2,2,1,1,2,24,14,22,Severe,Moderate,Moderate
2,2,0,1,1,2,1,1,2,2,2,1,1,3,1,2,1,2,1,1,1,16,18,26,Moderate,Severe,Severe
3,3,2,2,3,1,3,3,3,3,3,3,3,3,3,3,3,3,3,3,1,36,40,38,Extremely Severe,Extremely Severe,Extremely Severe
2,1,2,0,3,2,0,3,2,1,2,1,3,1,0,2,2,2,0,0,1,28,6,26,Extremely Severe,Normal,Severe
1,1,1,0,2,1,1,2,2,3,1,2,2,3,1,1,3,1,0,1,3,30,12,22,Extremely Severe,Moderate,Moderate
1,0,0,1,1,3,2,1,2,2,1,2,1,0,1,2,3,1,0,2,3,24,16,18,Severe,Severe,Mild
0,1,1,0,0,0,0,0,1,0,0,0,0,1,0,1,0,1,0,0,0,4,4,4,Normal,Normal,Normal
0,0,0,0,0,0,0,1,0,0,0,0,0,1,0,0,0,0,0,0,0,0,0,4,Normal,Normal,Normal
3,1,2,0,1,3,2,2,2,1,3,2,3,0,2,1,3,3,0,2,3,28,18,32,Extremely Severe,Severe,Severe
3,2,3,3,3,2,1,2,1,3,3,3,1,1,1,3,3,0,1,2,3,38,22,28,Extremely Severe,Extremely Severe,Severe
0,0,0,0,1,0,0,0,0,0,1,0,0,0,0,1,0,0,0,0,0,4,0,2,Normal,Normal,Normal
2,0,1,0,2,2,0,1,3,3,2,1,3,0,0,3,3,0,0,3,3,36,12,16,Extremely Severe,Moderate,Mild
3,2,3,2,3,3,1,3,3,3,2,3,2,1,0,3,3,3,2,1,2,38,22,36,Extremely Severe,Extremely Severe,Extremely Severe
1,1,2,1,1,1,0,1,0,3,0,0,1,1,0,3,1,0,0,0,1,24,4,8,Severe,Normal,Normal
3,3,2,2,3,3,3,1,3,3,3,3,3,2,3,3,3,3,3,3,3,40,40,36,Extremely Severe,Extremely Severe,Extremely Severe
2,0,1,2,3,1,0,2,0,3,2,1,3,3,1,1,2,3,3,0,2,30,12,28,Extremely Severe,Moderate,Severe
3,1,1,0,0,3,0,2,1,1,2,1,2,2,1,1,1,1,0,0,0,12,6,28,Mild,Normal,Severe
0,1,0,0,1,1,0,0,0,0,0,0,0,2,0,0,0,1,0,0,0,2,2,8,Normal,Normal,Normal
3,1,1,1,1,1,1,1,2,1,3,1,1,3,1,0,1,3,1,3,1,12,20,30,Mild,Extremely Severe,Severe
3,3,1,1,2,0,1,1,2,3,3,2,3,2,1,2,1,1,3,2,1,26,26,24,Severe,Extremely Severe,Moderate
2,2,1,1,2,1,2,1,2,2,2,2,2,1,2,1,2,2,1,1,2,24,22,22,Severe,Extremely Severe,Moderate
1,1,3,1,3,3,3,3,3,3,3,2,2,3,0,3,3,3,1,3,3,40,24,36,Extremely Severe,Extremely Severe,Extremely Severe
3,1,3,2,3,2,3,3,3,3,3,3,3,3,1,3,3,3,3,2,3,42,30,40,Extremely Severe,Extremely Severe,Extremely Severe
2,1,1,0,1,1,0,1,1,1,1,0,2,0,0,0,0,1,0,1,0,10,6,12,Mild,Normal,Normal
1,0,1,0,0,1,0,0,0,1,1,0,1,1,0,1,1,1,0,1,0,10,2,10,Mild,Normal,Normal
1,1,2,3,3,1,3,2,3,3,2,2,1,2,3,2,3,3,2,2,3,34,34,26,Extremely Severe,Extremely Severe,Severe
2,2,1,1,1,2,0,2,2,0,1,3,1,0,0,2,2,1,2,1,1,16,16,22,Moderate,Severe,Moderate
3,3,3,2,3,3,3,3,3,3,3,3,3,3,3,3,3,3,3,3,3,42,40,42,Extremely Severe,Extremely Severe,Extremely Severe
2,0,0,0,0,3,0,1,0,0,2,1,0,3,0,0,0,3,0,0,0,0,0,30,Normal,Normal,Severe
1,0,0,0,0,2,0,1,3,3,0,1,1,1,1,1,3,0,0,2,1,18,12,12,Moderate,Moderate,Normal
3,3,0,3,0,1,2,1,2,0,3,2,2,2,1,0,3,1,0,1,1,12,24,26,Mild,Extremely Severe,Severe
0,0,0,0,0,0,0,0,0,0,0,0,0,0,0,0,0,0,0,0,0,0,0,0,Normal,Normal,Normal
1,1,2,0,2,1,0,1,1,3,1,0,2,0,1,2,3,1,1,0,1,30,8,10,Extremely Severe,Mild,Normal
1,3,3,2,3,1,2,3,3,3,0,3,3,1,2,3,3,1,3,2,3,42,34,20,Extremely Severe,Extremely Severe,Moderate
3,0,3,2,3,3,1,3,3,3,2,2,3,3,3,3,3,3,1,3,3,42,26,38,Extremely Severe,Extremely Severe,Extremely Severe
3,2,3,1,2,2,3,3,3,3,3,3,3,3,1,3,3,1,3,2,3,40,30,36,Extremely Severe,Extremely Severe,Extremely Severe
1,3,0,0,1,1,0,1,0,0,0,0,2,1,0,1,1,1,1,1,1,12,10,10,Mild,Moderate,Normal
1,1,0,0,1,1,1,1,1,1,1,1,1,1,2,2,1,1,1,1,0,12,14,14,Mild,Moderate,Normal
0,0,0,0,0,0,0,1,1,1,0,1,1,0,0,0,0,2,0,0,0,4,2,8,Normal,Normal,Normal
3,3,1,3,1,3,3,3,3,1,3,3,3,3,1,0,1,3,2,3,0,14,36,42,Moderate,Extremely Severe,Extremely Severe
2,0,2,2,2,2,2,2,2,2,2,2,2,2,2,2,2,2,2,2,2,28,24,28,Extremely Severe,Extremely Severe,Severe
2,3,2,1,3,2,2,2,3,1,3,3,3,3,3,3,3,3,1,1,3,36,28,36,Extremely Severe,Extremely Severe,Extremely Severe
2,3,0,1,1,3,3,3,1,0,1,1,1,1,3,1,0,1,2,0,1,8,26,24,Normal,Extremely Severe,Moderate
2,2,1,0,3,3,1,3,2,2,3,2,2,1,1,2,2,2,0,2,2,28,16,32,Extremely Severe,Severe,Severe
2,0,2,0,1,2,0,1,3,1,3,1,2,0,0,1,0,3,1,0,1,16,8,24,Moderate,Mild,Moderate
3,3,0,0,0,0,1,0,3,3,0,3,0,2,0,3,0,0,0,0,0,12,14,16,Mild,Moderate,Mild
1,2,1,3,3,2,3,2,3,2,1,2,3,3,3,2,3,2,3,3,3,34,40,26,Extremely Severe,Extremely Severe,Severe
3,0,2,2,1,3,0,2,3,3,3,3,3,3,0,3,1,3,3,3,2,30,22,40,Extremely Severe,Extremely Severe,Extremely Severe
3,3,2,1,2,2,0,1,2,3,3,2,3,2,0,2,3,2,0,2,3,36,16,30,Extremely Severe,Severe,Severe
0,2,1,1,3,1,3,1,3,3,1,0,1,1,0,0,0,1,2,2,1,18,26,10,Moderate,Extremely Severe,Normal
0,1,1,0,1,3,0,1,1,0,1,1,0,1,0,0,0,3,0,0,0,4,4,20,Normal,Normal,Moderate
3,0,3,1,3,2,1,3,1,3,3,2,3,3,0,3,3,3,1,3,3,42,14,38,Extremely Severe,Moderate,Extremely Severe
2,3,3,0,3,2,0,3,2,3,2,1,3,0,0,2,3,1,3,2,3,40,20,22,Extremely Severe,Extremely Severe,Moderate
2,3,1,0,3,3,0,1,0,0,1,3,1,3,0,1,1,2,0,0,0,14,6,30,Moderate,Normal,Severe
3,1,1,2,2,3,1,3,3,2,3,3,3,3,2,3,3,1,1,3,3,34,26,38,Extremely Severe,Extremely Severe,Extremely Severe
3,3,3,3,2,3,3,3,3,3,3,3,3,3,1,2,3,2,1,2,3,38,32,40,Extremely Severe,Extremely Severe,Extremely Severe
2,2,2,2,1,2,2,2,2,2,2,1,2,2,2,1,2,2,2,2,2,24,28,26,Severe,Extremely Severe,Severe
3,3,3,0,2,3,0,2,3,3,3,3,3,1,0,3,3,3,0,3,3,40,18,36,Extremely Severe,Severe,Extremely Severe
1,0,2,0,1,1,1,1,2,3,1,1,2,2,1,1,3,1,0,1,2,28,10,16,Extremely Severe,Moderate,Mild
0,0,1,1,3,1,0,2,2,3,1,0,3,1,1,3,2,1,0,0,1,32,8,12,Extremely Severe,Mild,Normal
2,3,2,3,1,3,1,2,3,2,3,2,3,2,2,2,2,2,1,1,2,28,28,32,Extremely Severe,Extremely Severe,Severe
1,1,0,1,1,2,1,1,2,0,1,1,0,1,0,0,0,1,1,1,0,2,14,16,Normal,Moderate,Mild
3,1,2,2,2,1,3,1,3,1,1,3,3,3,1,2,2,3,1,3,3,30,28,30,Extremely Severe,Extremely Severe,Severe
3,1,2,3,3,3,1,3,3,3,1,3,3,3,2,3,3,3,2,3,2,38,30,38,Extremely Severe,Extremely Severe,Extremely Severe
1,1,0,0,1,3,0,1,1,1,1,1,2,3,0,1,1,1,0,2,2,16,8,22,Moderate,Mild,Moderate
1,0,0,1,0,1,0,1,1,0,1,1,1,1,0,0,0,1,0,0,0,2,4,14,Normal,Normal,Normal
3,3,1,2,3,3,3,2,3,1,2,3,1,1,3,2,3,3,3,1,1,24,36,34,Severe,Extremely Severe,Extremely Severe
2,0,0,0,0,1,0,1,1,0,1,1,0,3,0,1,0,3,2,0,0,2,6,24,Normal,Normal,Moderate
0,1,0,0,0,1,0,0,0,0,0,0,0,1,0,0,0,0,0,0,0,0,2,4,Normal,Normal,Normal
3,3,1,1,1,0,0,0,2,0,3,1,3,1,3,1,2,3,1,0,2,20,20,22,Moderate,Extremely Severe,Moderate
1,1,1,1,0,1,0,0,2,1,0,1,0,1,1,1,2,0,2,1,1,12,16,8,Mild,Severe,Normal
1,2,1,0,1,2,0,3,3,0,2,3,2,3,0,1,2,1,0,0,2,18,10,30,Moderate,Moderate,Severe
2,1,1,1,1,1,0,1,1,2,2,0,2,1,0,3,3,0,0,2,2,28,10,14,Extremely Severe,Moderate,Normal
1,3,0,0,3,2,2,2,3,0,3,1,3,3,1,3,2,0,1,2,2,26,24,24,Severe,Extremely Severe,Moderate
3,1,3,1,3,2,2,3,1,3,3,1,2,3,1,3,3,3,0,3,1,36,18,36,Extremely Severe,Severe,Extremely Severe
3,2,3,2,3,1,3,3,3,3,3,3,3,2,3,3,3,3,3,3,3,42,38,36,Extremely Severe,Extremely Severe,Extremely Severe
2,0,3,1,3,3,1,3,3,3,2,3,3,1,0,3,3,3,1,3,3,42,18,34,Extremely Severe,Severe,Extremely Severe
3,3,2,3,3,2,3,3,3,3,3,3,3,2,3,3,3,0,3,3,2,38,42,32,Extremely Severe,Extremely Severe,Severe
0,0,0,0,0,0,0,0,0,0,0,0,0,0,0,0,0,0,0,0,0,0,0,0,Normal,Normal,Normal
3,2,1,2,1,3,1,0,1,3,3,2,2,1,0,1,2,2,2,0,1,22,16,28,Severe,Severe,Severe
3,1,2,0,3,2,1,3,1,3,3,2,3,3,2,2,2,3,1,3,3,36,18,38,Extremely Severe,Severe,Extremely Severe
3,0,2,2,1,3,0,3,3,1,3,3,3,2,1,1,3,3,2,2,1,24,20,40,Severe,Extremely Severe,Extremely Severe
3,0,1,0,2,3,1,1,3,2,2,3,2,2,3,1,2,2,0,3,0,20,20,32,Moderate,Extremely Severe,Severe
3,2,1,3,2,0,3,0,1,3,2,1,3,2,1,3,3,0,0,0,3,36,20,16,Extremely Severe,Extremely Severe,Mild
3,3,3,1,3,3,3,3,3,3,3,3,3,3,3,3,3,3,3,3,3,42,38,42,Extremely Severe,Extremely Severe,Extremely Severe
0,3,2,2,1,0,1,3,2,3,1,3,2,1,1,3,2,1,2,3,2,30,28,18,Extremely Severe,Extremely Severe,Mild
1,1,1,1,1,2,1,1,1,1,1,1,1,2,0,1,2,2,2,1,1,16,14,20,Moderate,Moderate,Moderate
1,0,0,0,2,1,0,2,2,1,1,1,2,1,0,0,1,0,0,1,0,12,6,14,Mild,Normal,Normal
0,0,0,0,1,1,0,0,1,0,0,1,0,1,0,0,0,0,1,0,0,2,4,6,Normal,Normal,Normal
1,0,1,0,1,3,1,0,2,1,1,1,1,0,0,1,3,1,2,0,1,18,10,14,Moderate,Moderate,Normal
3,0,0,0,3,3,1,2,2,1,3,2,0,3,0,0,3,1,3,1,1,16,14,34,Moderate,Moderate,Extremely Severe
1,1,0,0,1,1,1,1,1,0,0,2,0,0,1,1,1,0,1,0,0,6,10,10,Normal,Moderate,Normal
3,0,3,0,2,2,1,3,3,3,1,1,2,2,2,2,1,3,1,2,0,26,18,30,Severe,Severe,Severe
3,3,3,1,3,3,0,1,3,3,3,3,3,3,3,3,3,3,1,3,3,42,28,38,Extremely Severe,Extremely Severe,Extremely Severe
3,0,1,2,2,2,2,3,1,2,2,2,1,1,3,3,3,1,2,2,3,30,24,28,Extremely Severe,Extremely Severe,Severe
1,1,0,1,1,1,0,1,1,0,2,1,1,1,0,0,0,1,1,1,0,4,10,16,Normal,Moderate,Mild
2,0,2,0,1,1,0,1,1,0,1,0,2,1,0,2,1,1,0,0,0,16,2,14,Moderate,Normal,Normal
1,0,2,3,0,3,3,1,3,0,0,1,1,3,0,0,3,2,0,1,0,12,20,22,Mild,Extremely Severe,Moderate
0,1,0,0,0,0,0,0,1,0,0,0,0,1,0,1,1,0,1,1,0,4,8,2,Normal,Mild,Normal
1,2,1,2,2,3,1,1,3,2,2,2,2,2,1,1,2,3,1,0,2,24,20,28,Severe,Extremely Severe,Severe
0,1,1,0,1,0,0,1,1,0,0,0,2,0,0,1,1,1,0,0,1,14,4,4,Moderate,Normal,Normal
3,3,3,3,2,0,3,2,2,2,3,2,3,1,3,0,3,1,2,3,2,30,38,24,Extremely Severe,Extremely Severe,Moderate
1,3,2,0,3,1,0,2,1,1,1,2,1,2,0,2,2,1,0,0,1,24,8,20,Severe,Mild,Moderate
3,3,3,2,3,3,2,3,3,3,3,2,3,3,2,3,3,3,2,3,3,42,34,40,Extremely Severe,Extremely Severe,Extremely Severe
3,0,3,1,3,2,1,1,2,3,3,2,3,2,2,3,1,2,1,3,3,38,20,30,Extremely Severe,Extremely Severe,Severe
2,1,2,1,2,2,2,2,2,1,2,2,2,3,0,2,2,2,1,2,1,24,18,30,Severe,Severe,Severe
1,1,2,2,1,1,0,2,2,1,1,1,2,0,0,2,3,1,0,1,3,28,12,14,Extremely Severe,Moderate,Normal
2,3,2,1,3,1,1,2,2,3,1,2,3,2,2,3,3,2,1,2,3,40,24,24,Extremely Severe,Extremely Severe,Moderate
2,1,1,1,2,2,3,1,3,2,2,3,3,2,2,1,1,3,1,2,2,24,26,30,Severe,Extremely Severe,Severe
1,0,1,1,1,1,1,2,2,1,2,2,2,0,0,1,2,1,1,1,0,16,12,18,Moderate,Moderate,Mild
3,1,3,1,1,3,1,3,3,3,3,2,2,2,1,3,3,1,3,1,3,36,22,34,Extremely Severe,Extremely Severe,Extremely Severe
1,2,1,1,2,2,3,1,3,0,1,3,1,0,1,1,2,1,3,3,1,16,32,18,Moderate,Extremely Severe,Mild
0,2,0,2,0,1,1,3,1,0,0,2,1,1,0,0,3,0,0,0,0,8,12,14,Normal,Moderate,Normal
1,1,0,1,0,2,0,1,1,0,1,1,0,2,0,0,1,1,1,1,0,2,10,18,Normal,Moderate,Mild
2,2,1,0,2,2,2,3,3,3,2,2,3,3,0,1,3,3,3,2,1,28,24,34,Extremely Severe,Extremely Severe,Extremely Severe
1,1,1,2,2,3,3,3,2,2,2,3,3,0,3,1,3,2,1,3,3,30,30,28,Extremely Severe,Extremely Severe,Severe
0,0,0,0,0,1,0,0,1,0,1,0,0,1,0,0,0,1,0,0,0,0,2,8,Normal,Normal,Normal
1,0,0,0,0,0,0,1,0,0,0,0,0,0,0,0,0,0,0,0,0,0,0,4,Normal,Normal,Normal
1,0,0,0,1,0,0,0,1,0,0,0,1,0,0,0,0,0,0,0,0,4,2,2,Normal,Normal,Normal
1,2,1,1,1,0,2,0,1,1,2,1,1,2,2,2,0,0,0,0,0,12,16,12,Mild,Severe,Normal
1,0,1,2,1,3,1,2,2,1,2,3,2,2,0,1,0,2,1,0,0,12,12,30,Mild,Moderate,Severe
0,0,0,1,0,2,1,0,2,1,0,0,0,0,0,1,0,0,0,0,0,4,8,4,Normal,Mild,Normal
3,2,0,1,0,2,3,1,2,0,3,2,1,3,1,1,3,2,3,0,0,10,24,32,Mild,Extremely Severe,Severe
0,0,0,0,0,0,1,2,1,1,0,0,1,3,0,0,0,3,1,0,2,8,6,16,Normal,Normal,Mild
3,3,3,2,3,3,3,3,3,3,3,3,3,3,3,3,3,3,2,3,3,42,38,42,Extremely Severe,Extremely Severe,Extremely Severe
3,1,1,1,3,3,2,3,3,2,3,3,2,3,2,2,3,1,0,3,3,32,24,38,Extremely Severe,Extremely Severe,Extremely Severe
3,3,2,2,2,3,3,2,3,2,3,3,3,3,3,3,3,3,3,3,2,34,40,40,Extremely Severe,Extremely Severe,Extremely Severe
0,2,0,1,3,0,0,1,1,0,1,1,1,1,1,1,0,0,0,1,0,10,12,8,Mild,Moderate,Normal
2,1,0,0,1,2,1,1,1,0,2,2,0,3,2,1,1,0,2,1,0,6,16,24,Normal,Severe,Moderate
3,3,3,0,3,3,3,1,1,3,3,3,3,3,0,2,3,3,3,3,3,40,26,38,Extremely Severe,Extremely Severe,Extremely Severe
0,0,0,0,0,0,0,0,0,0,0,0,0,1,0,0,0,0,0,0,0,0,0,2,Normal,Normal,Normal
3,3,2,3,2,3,3,3,0,3,3,0,2,3,0,1,1,3,3,3,0,22,30,36,Severe,Extremely Severe,Extremely Severe
1,0,1,0,1,1,0,1,2,1,2,1,2,0,1,1,2,0,3,0,1,18,12,12,Moderate,Moderate,Normal
1,0,0,0,0,0,1,0,1,0,1,1,1,0,0,0,0,1,0,1,0,2,6,8,Normal,Normal,Normal
3,3,0,0,1,2,2,0,0,0,1,2,3,0,1,0,0,3,1,0,0,8,14,22,Normal,Moderate,Moderate
0,0,0,0,0,0,1,0,0,0,0,0,0,1,0,0,0,0,0,0,0,0,2,2,Normal,Normal,Normal
2,1,1,2,1,1,3,2,2,1,2,1,2,2,1,2,2,2,1,2,1,20,24,24,Moderate,Extremely Severe,Moderate
0,0,0,0,0,0,0,0,0,0,2,0,0,2,0,0,0,0,0,0,0,0,0,8,Normal,Normal,Normal
1,1,3,1,1,0,1,3,0,3,1,1,1,1,0,2,2,1,0,1,1,26,8,16,Severe,Mild,Mild
3,2,1,1,2,1,2,3,3,2,1,2,1,3,2,1,2,3,1,2,1,20,26,32,Moderate,Extremely Severe,Severe
2,3,2,1,2,2,3,3,3,2,2,3,2,2,3,2,3,3,3,2,2,30,36,34,Extremely Severe,Extremely Severe,Extremely Severe
0,0,0,0,0,0,0,0,0,0,0,1,0,1,0,0,0,1,0,1,0,0,2,6,Normal,Normal,Normal
2,2,1,0,1,2,1,2,2,3,2,2,2,2,1,2,0,2,3,2,2,22,22,28,Severe,Extremely Severe,Severe
3,3,2,1,2,3,2,2,3,3,3,2,3,2,0,2,3,3,1,3,2,34,26,36,Extremely Severe,Extremely Severe,Extremely Severe
3,3,2,2,3,3,3,2,3,3,3,2,3,3,1,3,3,3,0,3,3,40,30,38,Extremely Severe,Extremely Severe,Extremely Severe
2,2,1,0,0,1,0,1,3,1,2,1,1,3,1,2,1,2,3,1,0,12,20,24,Mild,Extremely Severe,Moderate
2,2,0,2,0,2,0,1,1,0,3,1,0,2,1,0,0,2,0,0,0,0,12,26,Normal,Moderate,Severe
3,3,3,3,3,3,1,3,3,3,3,1,3,1,3,1,3,3,1,1,3,38,30,34,Extremely Severe,Extremely Severe,Extremely Severe
2,2,2,0,1,1,1,1,1,1,2,1,3,2,1,2,3,1,1,1,3,30,14,20,Extremely Severe,Moderate,Moderate
1,0,0,0,1,2,1,1,2,0,1,2,1,1,0,1,2,1,1,0,0,10,8,18,Mild,Mild,Mild
2,2,1,2,2,2,2,1,2,2,2,2,2,1,2,2,2,0,1,2,2,26,26,20,Severe,Extremely Severe,Moderate
3,2,2,2,2,3,3,3,3,2,3,3,3,3,3,2,2,0,3,3,1,28,38,36,Extremely Severe,Extremely Severe,Extremely Severe
0,0,0,1,0,0,0,1,1,0,0,0,0,0,1,0,0,0,0,0,0,0,6,2,Normal,Normal,Normal
0,0,0,0,1,0,0,0,0,3,0,0,3,0,0,0,0,0,0,0,0,14,0,0,Moderate,Normal,Normal
3,3,1,1,0,3,3,3,3,0,3,3,1,3,0,1,1,3,1,3,1,10,28,42,Mild,Extremely Severe,Extremely Severe
2,1,0,0,1,1,1,1,1,1,1,1,2,3,0,1,1,1,2,0,2,16,10,20,Moderate,Moderate,Moderate
3,3,3,3,3,2,1,3,3,3,3,3,3,3,2,3,3,3,1,1,3,42,28,40,Extremely Severe,Extremely Severe,Extremely Severe
2,2,1,1,1,2,3,1,3,1,2,3,3,0,3,3,3,2,3,2,2,28,34,24,Extremely Severe,Extremely Severe,Moderate
2,1,2,0,2,2,2,1,2,2,2,0,1,3,0,2,1,3,0,0,0,20,10,26,Moderate,Moderate,Severe
1,1,0,0,0,0,0,0,1,0,0,0,0,1,0,0,0,0,0,0,0,0,4,4,Normal,Normal,Normal
2,1,2,1,3,2,0,2,1,3,3,1,3,1,1,2,3,1,1,1,3,38,12,24,Extremely Severe,Moderate,Moderate
2,0,1,0,2,3,1,2,3,1,3,2,2,2,0,1,3,3,0,3,0,20,14,34,Moderate,Moderate,Extremely Severe
3,0,3,1,3,1,1,3,3,3,2,3,3,1,3,3,3,2,1,3,3,42,24,30,Extremely Severe,Extremely Severe,Severe
1,3,1,2,1,0,0,1,2,0,2,0,1,0,0,1,2,2,0,1,0,12,16,12,Mild,Severe,Normal
3,3,3,0,3,3,1,2,3,3,2,2,3,3,1,3,3,3,2,3,3,42,26,36,Extremely Severe,Extremely Severe,Extremely Severe
1,0,1,0,1,1,0,2,0,3,1,1,1,2,0,1,0,1,1,1,1,16,4,18,Moderate,Normal,Mild
1,2,1,0,1,1,0,1,0,1,1,1,3,0,1,3,3,1,0,0,3,30,6,12,Extremely Severe,Normal,Normal
3,0,1,3,3,3,3,3,2,3,3,2,3,3,3,3,3,2,3,0,3,38,28,38,Extremely Severe,Extremely Severe,Extremely Severe
2,1,1,2,2,1,1,1,1,0,2,3,1,2,1,2,0,2,2,2,1,14,20,26,Moderate,Extremely Severe,Severe
1,1,0,1,1,2,0,1,2,0,1,1,0,1,0,1,0,1,0,1,0,4,10,16,Normal,Moderate,Mild
2,0,1,3,0,1,0,0,3,0,2,1,1,3,2,0,0,1,0,3,0,4,22,20,Normal,Extremely Severe,Moderate
1,2,0,3,0,0,3,1,2,0,2,0,2,3,0,1,2,1,1,1,0,10,24,16,Mild,Extremely Severe,Mild
2,2,2,1,2,2,1,2,2,3,3,2,3,2,1,3,3,2,2,2,2,36,22,30,Extremely Severe,Extremely Severe,Severe
0,1,0,1,0,1,1,0,1,0,1,1,1,1,0,1,0,1,1,1,0,4,12,10,Normal,Moderate,Normal
1,1,1,1,1,1,0,1,1,1,1,1,1,1,1,1,1,1,0,1,0,12,10,14,Mild,Moderate,Normal
3,2,3,1,2,2,1,3,2,2,3,1,3,3,1,3,3,1,1,1,3,38,18,32,Extremely Severe,Severe,Severe
2,1,1,0,2,1,1,1,2,1,0,2,2,3,0,1,1,2,0,1,1,18,10,22,Moderate,Moderate,Moderate
2,0,2,0,1,1,1,1,2,3,2,2,3,2,2,3,3,0,1,2,3,36,16,20,Extremely Severe,Severe,Moderate
1,3,1,1,2,2,0,3,3,3,3,3,1,1,0,3,3,0,2,3,3,32,24,26,Extremely Severe,Extremely Severe,Severe
1,1,1,2,1,1,2,1,1,1,2,2,2,2,1,2,2,0,0,1,1,20,16,18,Moderate,Severe,Mild
3,2,1,3,3,3,2,2,3,2,3,3,3,3,3,2,3,3,3,3,3,34,38,40,Extremely Severe,Extremely Severe,Extremely Severe
2,3,1,2,1,3,1,2,2,2,3,1,2,3,0,1,3,3,0,2,1,22,20,34,Severe,Extremely Severe,Extremely Severe
1,1,0,0,0,1,0,0,1,0,1,0,0,2,0,1,0,1,1,0,0,2,6,12,Normal,Normal,Normal
3,1,3,3,3,3,3,3,3,3,3,3,3,2,3,3,3,3,3,2,3,42,36,40,Extremely Severe,Extremely Severe,Extremely Severe
3,3,1,0,1,3,0,3,1,0,3,0,1,3,0,3,0,3,0,1,0,12,10,36,Mild,Moderate,Extremely Severe
3,0,1,0,1,3,0,1,2,3,2,0,2,3,1,3,3,0,0,2,3,32,10,24,Extremely Severe,Moderate,Moderate
0,2,0,3,1,3,0,2,2,0,1,2,2,0,1,0,3,2,0,1,0,12,18,20,Mild,Severe,Moderate
2,1,0,0,1,2,0,1,1,1,1,1,1,1,1,1,1,0,0,0,1,12,6,16,Mild,Normal,Mild
3,3,3,1,3,3,3,3,3,3,3,3,3,3,3,3,3,2,3,3,3,42,38,40,Extremely Severe,Extremely Severe,Extremely Severe
3,2,1,2,3,1,1,2,2,3,3,2,3,3,3,3,2,3,1,3,2,34,28,34,Extremely Severe,Extremely Severe,Extremely Severe
1,1,1,1,1,1,1,1,2,1,2,1,1,1,1,2,1,2,1,1,1,16,16,18,Moderate,Severe,Mild
2,2,0,0,2,1,0,1,0,0,1,1,0,1,0,0,0,2,0,0,0,4,4,18,Normal,Normal,Mild
3,1,2,1,3,2,3,1,0,2,3,1,3,1,2,3,3,0,2,1,2,36,20,22,Extremely Severe,Extremely Severe,Moderate
2,1,2,2,2,1,3,2,2,2,3,2,3,2,2,2,3,1,1,2,3,34,26,26,Extremely Severe,Extremely Severe,Severe
0,1,1,1,0,0,0,1,1,0,0,0,0,0,1,0,0,1,0,1,0,2,10,4,Normal,Moderate,Normal
3,1,3,1,3,3,1,2,2,3,3,2,3,1,2,3,3,2,1,2,3,42,20,32,Extremely Severe,Extremely Severe,Severe
1,1,2,1,3,2,1,1,2,2,3,1,3,2,1,2,1,2,2,0,3,32,16,24,Extremely Severe,Severe,Moderate
3,0,1,1,2,1,1,2,2,1,3,2,3,3,2,1,2,3,2,0,1,22,16,34,Severe,Severe,Extremely Severe
1,0,2,0,0,2,0,2,1,0,3,0,3,2,0,1,0,3,1,3,0,12,10,26,Mild,Moderate,Severe
1,3,1,1,0,1,2,0,2,1,1,0,2,1,2,1,1,0,0,2,1,14,24,8,Moderate,Extremely Severe,Normal
2,0,1,1,2,2,2,2,2,2,2,2,2,2,0,1,0,1,0,0,1,18,10,26,Moderate,Moderate,Severe
2,3,2,1,2,1,0,2,3,3,3,3,2,1,0,3,2,0,1,3,2,32,22,24,Extremely Severe,Extremely Severe,Moderate
1,2,1,1,2,2,1,1,2,2,2,2,2,1,1,1,2,2,2,2,2,24,22,22,Severe,Extremely Severe,Moderate
3,3,2,3,2,3,3,3,3,2,3,3,2,3,2,1,3,3,3,2,2,28,38,42,Extremely Severe,Extremely Severe,Extremely Severe
2,3,2,3,3,2,2,3,2,3,3,3,3,1,3,1,3,3,3,2,3,36,36,34,Extremely Severe,Extremely Severe,Extremely Severe
1,0,1,0,0,1,0,2,1,1,1,2,3,0,1,2,2,2,0,0,2,22,4,18,Severe,Normal,Mild
2,0,1,1,1,2,1,1,1,3,1,2,3,1,0,1,3,3,0,2,2,28,10,24,Extremely Severe,Moderate,Moderate
0,0,0,0,0,0,0,0,0,0,0,0,0,0,0,0,0,1,0,0,0,0,0,2,Normal,Normal,Normal
1,1,0,0,1,1,0,1,1,0,1,0,1,1,0,1,0,0,1,1,0,6,8,10,Normal,Mild,Normal
2,1,3,1,2,2,2,1,3,3,1,1,3,0,0,3,3,1,0,1,1,36,16,16,Extremely Severe,Severe,Mild
1,1,1,1,0,2,1,1,3,1,3,1,2,2,1,2,0,2,3,1,1,14,22,24,Moderate,Extremely Severe,Moderate
2,2,1,0,2,2,0,2,2,3,2,3,2,3,0,3,1,3,1,0,0,24,10,34,Severe,Moderate,Extremely Severe
1,0,0,1,0,1,0,0,0,0,0,0,0,2,0,0,0,1,1,0,0,0,4,10,Normal,Normal,Normal
2,1,2,1,1,1,2,2,0,1,2,2,1,1,1,0,0,1,2,3,3,16,20,22,Moderate,Extremely Severe,Moderate
2,2,1,0,0,3,1,1,3,0,3,2,2,0,2,1,1,3,0,1,0,10,18,28,Mild,Severe,Severe
3,2,3,2,3,3,1,3,3,3,3,3,3,3,1,3,3,3,3,3,2,40,30,42,Extremely Severe,Extremely Severe,Extremely Severe
3,3,1,2,3,0,0,2,2,3,3,3,2,2,0,3,3,2,1,1,2,34,18,30,Extremely Severe,Severe,Severe
2,2,1,1,2,2,0,1,1,2,2,2,1,2,1,3,1,1,0,0,1,22,10,24,Severe,Moderate,Moderate
1,1,2,1,2,1,2,1,2,1,2,1,2,1,1,2,2,2,1,2,2,26,20,18,Severe,Extremely Severe,Mild
3,0,1,1,1,3,2,2,2,1,3,1,3,3,1,0,3,1,1,0,3,24,14,32,Severe,Moderate,Severe
1,1,1,1,0,1,0,0,1,0,0,0,1,1,0,2,0,1,0,0,0,8,6,8,Normal,Normal,Normal
2,1,3,2,3,2,2,1,1,3,3,1,3,2,2,3,3,2,2,1,3,42,22,26,Extremely Severe,Extremely Severe,Severe
0,1,0,1,0,3,2,1,0,0,1,0,2,1,0,0,0,2,0,0,0,4,8,16,Normal,Mild,Mild
1,1,0,2,1,3,2,1,1,1,2,2,2,2,0,1,1,2,2,2,1,14,20,26,Moderate,Extremely Severe,Severe
2,2,1,0,1,2,0,0,0,2,2,0,2,2,1,2,1,1,0,1,1,20,8,18,Moderate,Mild,Mild
3,3,1,0,2,3,0,0,1,2,3,0,3,2,0,3,1,2,1,0,1,26,10,26,Severe,Moderate,Severe
1,2,0,2,1,1,0,1,2,1,1,1,2,3,0,0,0,1,0,1,0,8,14,18,Normal,Moderate,Mild
1,0,2,0,3,1,1,1,2,2,1,0,3,1,0,2,3,2,0,0,2,34,6,14,Extremely Severe,Normal,Normal
2,3,1,3,1,1,1,1,3,2,1,0,1,3,1,3,1,2,1,1,1,20,26,20,Moderate,Extremely Severe,Moderate
2,3,3,1,2,3,0,2,3,3,3,1,3,2,0,3,3,3,0,0,3,40,14,32,Extremely Severe,Moderate,Severe
1,1,0,1,1,0,0,2,1,1,2,1,1,0,1,2,2,1,0,0,1,16,8,14,Moderate,Mild,Normal
1,2,2,1,1,2,2,2,3,2,1,3,3,2,3,2,3,2,1,3,3,32,30,26,Extremely Severe,Extremely Severe,Severe
0,2,0,1,0,1,0,1,1,0,0,1,0,1,0,1,0,0,0,0,0,2,8,8,Normal,Mild,Normal
1,1,2,1,2,1,0,2,3,3,1,0,3,2,0,3,2,2,0,1,3,36,12,18,Extremely Severe,Moderate,Mild
3,0,0,0,0,2,0,0,0,1,2,0,0,2,0,0,0,1,0,0,0,2,0,20,Normal,Normal,Moderate
1,3,0,1,0,0,1,0,3,0,2,1,0,2,0,0,0,1,0,1,0,0,18,14,Normal,Severe,Normal
0,0,1,1,1,1,0,2,2,1,0,2,1,0,0,2,2,0,0,2,1,18,10,10,Moderate,Moderate,Normal
1,0,0,0,1,0,0,0,1,0,2,1,1,1,0,1,1,2,1,0,0,8,4,14,Normal,Normal,Normal
3,3,3,3,3,3,3,3,3,3,3,0,3,1,3,3,3,0,3,3,3,42,42,26,Extremely Severe,Extremely Severe,Severe
1,1,1,0,2,1,1,1,1,0,1,1,1,1,0,1,0,0,1,1,0,10,10,12,Mild,Moderate,Normal
1,3,2,1,2,2,0,1,2,1,1,2,2,2,0,0,2,2,1,1,0,18,16,22,Moderate,Severe,Moderate
2,3,2,2,1,2,1,2,2,2,2,2,2,1,2,3,3,2,2,2,2,30,28,26,Extremely Severe,Extremely Severe,Severe
3,1,1,1,1,3,0,3,3,3,3,1,3,2,1,3,3,1,1,3,3,34,20,32,Extremely Severe,Extremely Severe,Severe
1,0,0,1,0,1,0,2,1,0,1,2,2,0,0,0,1,0,0,0,0,6,4,14,Normal,Normal,Normal
2,3,3,0,3,2,1,3,3,2,3,1,2,3,0,3,2,2,0,1,2,34,16,32,Extremely Severe,Severe,Severe
1,1,3,0,1,2,0,0,1,3,2,0,3,0,1,3,3,1,1,0,3,38,8,12,Extremely Severe,Mild,Normal
2,3,2,2,1,1,0,2,2,2,3,0,3,1,1,3,2,2,0,1,3,32,18,22,Extremely Severe,Severe,Moderate
1,3,2,0,2,3,1,2,0,2,3,2,1,3,0,2,2,0,0,1,2,26,10,28,Severe,Moderate,Severe
1,0,1,0,0,2,0,3,1,2,1,2,1,0,0,1,2,2,0,1,1,16,4,22,Moderate,Normal,Moderate
3,0,2,0,3,1,1,2,3,2,3,2,1,1,0,2,3,0,3,3,3,32,20,24,Extremely Severe,Extremely Severe,Moderate
0,0,0,0,0,0,0,0,0,1,0,0,2,1,0,0,1,1,0,0,0,8,0,4,Normal,Normal,Normal
1,1,0,0,2,0,0,1,0,0,3,0,1,1,0,1,1,1,0,0,0,10,2,14,Mild,Normal,Normal
3,1,2,1,1,1,0,3,1,1,3,2,3,0,2,3,3,1,3,1,3,32,18,26,Extremely Severe,Severe,Severe
2,1,1,2,0,2,1,1,3,1,3,3,3,2,1,1,3,2,2,3,2,22,26,30,Severe,Extremely Severe,Severe
2,1,3,0,3,0,1,0,1,3,3,0,3,0,0,3,3,0,0,2,3,42,10,10,Extremely Severe,Moderate,Normal
2,0,1,1,3,3,1,2,3,3,1,2,2,2,0,2,3,1,1,0,3,34,12,26,Extremely Severe,Moderate,Severe
2,0,1,1,2,3,0,2,1,3,2,2,2,2,1,1,2,2,1,2,1,24,12,30,Severe,Moderate,Severe
1,1,1,1,1,3,1,2,1,1,1,1,1,1,1,1,1,1,1,3,1,14,18,20,Moderate,Severe,Moderate
2,1,3,0,3,0,1,3,3,3,1,3,3,3,0,3,3,0,0,1,3,42,12,24,Extremely Severe,Moderate,Moderate
2,0,2,3,1,0,3,1,0,1,2,0,2,0,3,2,0,0,0,3,0,16,24,10,Moderate,Extremely Severe,Normal
3,3,3,3,3,3,3,3,3,3,3,3,3,3,3,3,3,3,2,3,3,42,40,42,Extremely Severe,Extremely Severe,Extremely Severe
0,1,2,1,0,0,1,1,1,1,1,0,1,1,0,2,1,0,0,0,0,14,8,6,Moderate,Mild,Normal
1,0,0,1,0,1,0,3,0,1,2,1,2,1,0,2,0,3,0,0,0,10,2,24,Mild,Normal,Moderate
2,2,1,1,1,1,2,1,1,1,2,2,1,1,1,1,1,2,0,1,1,14,16,22,Moderate,Severe,Moderate
0,1,0,0,0,0,0,1,0,0,0,1,0,1,0,0,0,0,0,0,0,0,2,6,Normal,Normal,Normal
3,3,3,1,1,3,0,3,1,3,2,3,3,0,1,1,3,3,2,1,3,34,18,34,Extremely Severe,Severe,Extremely Severe
1,0,2,0,0,0,0,1,2,2,2,1,2,2,0,2,0,2,0,0,0,16,4,18,Moderate,Normal,Mild
3,0,0,3,3,0,0,3,3,1,3,3,3,3,3,0,1,3,2,3,1,18,28,36,Moderate,Extremely Severe,Extremely Severe
0,0,0,0,0,0,1,1,1,0,1,0,1,0,0,0,0,0,0,1,0,2,6,4,Normal,Normal,Normal
2,2,1,0,3,1,0,1,1,3,3,0,2,1,0,2,3,1,0,0,3,34,6,18,Extremely Severe,Normal,Mild
2,3,2,3,3,3,2,2,3,3,1,1,2,1,1,2,3,0,2,3,3,36,34,20,Extremely Severe,Extremely Severe,Moderate
2,3,0,0,2,1,0,0,2,2,3,3,3,3,0,3,3,1,3,1,1,28,18,26,Extremely Severe,Severe,Severe
2,1,1,3,2,1,1,1,1,0,2,2,0,3,2,0,1,3,3,1,1,10,24,28,Mild,Extremely Severe,Severe
1,0,1,0,1,1,0,1,0,3,1,0,2,3,0,1,3,0,0,1,3,28,2,14,Extremely Severe,Normal,Normal
1,2,1,3,1,2,3,2,2,1,1,3,2,1,3,1,1,1,2,3,0,14,36,22,Moderate,Extremely Severe,Moderate
1,1,1,0,0,1,1,1,1,1,1,0,1,1,1,0,1,1,1,1,0,8,12,12,Normal,Moderate,Normal
2,0,2,2,1,1,2,0,1,3,3,1,2,2,2,3,3,2,1,1,3,34,18,22,Extremely Severe,Severe,Moderate
2,1,1,2,2,1,2,2,3,1,2,2,2,3,1,2,2,3,0,3,1,22,24,30,Severe,Extremely Severe,Severe
1,0,1,1,1,1,0,1,1,1,1,1,1,1,0,1,1,1,0,1,1,14,6,14,Moderate,Normal,Normal
2,3,2,1,2,2,0,2,2,2,3,3,3,2,0,3,3,3,1,1,2,34,16,34,Extremely Severe,Severe,Extremely Severe
1,3,1,2,2,2,0,2,1,3,1,2,2,2,0,2,2,3,0,0,2,28,12,26,Extremely Severe,Moderate,Severe
1,1,0,0,0,1,0,0,1,0,1,0,0,1,0,0,0,1,0,1,0,0,6,10,Normal,Normal,Normal
1,0,3,0,1,1,0,1,0,3,2,1,3,0,0,3,3,1,0,1,3,38,2,14,Extremely Severe,Normal,Normal
0,2,1,0,1,1,2,0,1,0,0,0,0,2,0,0,0,0,2,0,0,4,14,6,Normal,Moderate,Normal
0,0,2,0,3,1,1,2,0,3,2,1,2,1,0,2,2,0,0,2,3,34,6,14,Extremely Severe,Normal,Normal
1,0,2,0,2,1,0,2,2,2,1,2,2,2,0,2,1,1,0,1,1,24,6,20,Severe,Normal,Moderate
3,3,1,3,2,3,1,3,3,3,3,2,2,2,1,1,3,2,1,1,3,30,26,36,Extremely Severe,Extremely Severe,Extremely Severe
1,0,1,0,1,0,0,0,0,1,1,0,0,0,0,1,3,0,0,0,2,18,0,4,Moderate,Normal,Normal
3,3,0,1,1,2,1,1,2,1,2,3,3,3,2,1,3,2,2,1,3,24,24,32,Severe,Extremely Severe,Severe
2,0,1,0,2,2,1,1,1,2,2,1,2,2,0,2,2,1,0,0,1,24,4,22,Severe,Normal,Moderate
3,3,0,0,1,1,1,2,3,1,3,3,1,0,0,1,1,3,0,3,1,12,20,30,Mild,Extremely Severe,Severe
2,0,2,1,2,2,0,2,3,2,1,2,3,2,1,2,2,2,1,2,2,30,16,26,Extremely Severe,Severe,Severe
2,1,1,2,1,2,1,2,2,1,2,1,1,2,1,1,2,2,1,1,1,16,18,26,Moderate,Severe,Severe
0,0,0,1,0,0,1,1,1,0,0,0,0,1,1,1,0,0,1,0,0,2,10,4,Normal,Moderate,Normal
3,0,1,1,2,2,1,1,1,1,3,2,2,1,2,1,1,2,1,2,1,18,16,28,Moderate,Severe,Severe
1,0,0,0,0,0,0,0,1,0,3,0,0,0,2,0,2,0,0,0,0,4,6,8,Normal,Normal,Normal
2,2,2,2,2,2,2,3,0,2,2,3,2,2,3,3,2,2,2,2,3,32,26,32,Extremely Severe,Extremely Severe,Severe
3,2,1,2,3,2,2,1,3,1,2,3,1,2,2,1,1,2,3,2,1,18,32,30,Moderate,Extremely Severe,Severe
2,0,2,2,3,3,1,3,3,3,3,3,3,3,1,3,3,2,1,3,3,40,22,38,Extremely Severe,Extremely Severe,Extremely Severe
1,0,0,0,1,0,0,1,3,1,1,1,0,0,1,0,0,0,3,3,0,4,20,8,Normal,Extremely Severe,Normal
1,1,1,2,1,2,1,2,1,0,1,1,2,1,1,1,1,2,2,1,2,16,18,20,Moderate,Severe,Moderate
2,1,1,2,2,1,2,2,1,2,1,2,1,3,1,2,3,2,3,1,2,26,22,26,Severe,Extremely Severe,Severe
1,0,2,1,2,1,0,1,2,2,1,1,1,1,0,3,1,1,1,1,3,28,10,14,Extremely Severe,Moderate,Normal
1,0,1,0,1,2,0,1,0,1,2,0,1,1,0,1,1,1,0,0,0,12,0,16,Mild,Normal,Mild
1,1,2,0,2,0,1,0,1,2,1,0,1,0,1,1,3,0,0,2,2,26,12,4,Severe,Moderate,Normal
1,1,1,0,3,1,0,1,1,1,1,1,1,2,0,1,2,2,2,0,0,18,8,18,Moderate,Mild,Mild
0,1,1,1,2,0,2,1,0,0,1,1,2,1,0,1,0,1,1,3,0,12,16,10,Mild,Severe,Normal
0,0,0,0,0,0,0,2,1,2,0,0,2,0,2,0,2,0,0,0,1,14,6,4,Moderate,Normal,Normal
0,0,0,1,0,0,0,0,1,0,0,0,0,1,1,0,0,1,0,0,0,0,6,4,Normal,Normal,Normal
3,0,1,2,1,3,2,1,1,0,1,1,1,1,1,1,0,3,0,0,0,8,12,26,Normal,Moderate,Severe
3,1,3,0,3,3,0,2,2,0,3,2,3,0,0,1,3,3,0,2,1,28,10,32,Extremely Severe,Moderate,Severe
3,1,1,1,2,3,2,2,3,0,2,3,3,1,2,1,3,2,1,2,2,24,24,32,Severe,Extremely Severe,Severe
0,3,3,2,3,0,3,3,3,3,0,3,3,3,3,3,3,0,3,3,0,36,40,18,Extremely Severe,Extremely Severe,Mild
1,0,3,1,0,0,0,1,1,1,1,0,1,1,2,2,0,2,0,0,2,18,8,12,Moderate,Mild,Normal
1,0,0,0,1,1,1,1,0,0,1,0,0,1,0,0,0,2,0,0,0,2,2,14,Normal,Normal,Normal
3,3,2,1,3,3,1,3,3,0,3,2,3,3,1,2,3,3,0,2,2,30,22,40,Extremely Severe,Extremely Severe,Extremely Severe
2,0,2,0,0,3,0,1,2,1,3,1,2,0,0,3,2,0,0,1,0,20,6,20,Moderate,Normal,Moderate
3,3,3,2,3,3,1,2,3,2,3,2,3,3,0,3,2,1,1,2,2,36,24,34,Extremely Severe,Extremely Severe,Extremely Severe
0,0,0,0,1,0,0,0,1,0,0,0,0,1,0,0,0,1,1,0,0,2,4,4,Normal,Normal,Normal
3,0,1,0,2,3,1,1,2,3,2,2,3,0,2,0,2,0,0,1,1,24,12,22,Severe,Moderate,Moderate
1,1,1,2,3,2,0,3,2,0,1,0,1,2,1,2,1,1,2,0,0,16,16,20,Moderate,Severe,Moderate
3,2,2,3,3,3,1,3,0,3,3,3,3,3,1,3,3,3,1,3,3,40,22,42,Extremely Severe,Extremely Severe,Extremely Severe
3,1,1,2,2,1,0,1,3,0,1,2,0,3,0,1,3,1,2,2,0,14,20,24,Moderate,Extremely Severe,Moderate
2,2,1,0,2,2,1,2,2,2,2,2,2,2,3,2,2,2,2,1,2,26,22,28,Severe,Extremely Severe,Severe
2,3,0,2,2,2,1,3,3,2,2,3,2,3,1,1,3,1,3,3,1,22,32,32,Severe,Extremely Severe,Severe
1,0,0,1,1,1,1,0,1,0,0,1,1,1,0,0,0,1,3,0,0,4,12,10,Normal,Moderate,Normal
1,2,2,2,1,2,2,0,2,1,3,2,3,3,2,3,3,1,3,1,1,28,28,24,Extremely Severe,Extremely Severe,Moderate
0,2,1,0,1,1,0,1,2,1,3,1,1,0,0,1,3,2,3,1,3,22,16,16,Severe,Severe,Mild
0,1,0,1,0,1,0,1,1,0,0,0,0,1,1,0,0,0,0,0,0,0,8,6,Normal,Mild,Normal
2,1,1,0,2,2,0,1,1,2,2,0,2,1,0,1,2,2,2,0,2,24,8,20,Severe,Mild,Moderate
1,1,1,2,2,0,1,2,1,1,1,1,2,1,2,2,2,1,1,1,1,22,18,14,Severe,Severe,Normal
0,0,2,0,1,0,0,1,0,1,0,0,1,0,0,1,2,1,0,0,0,16,0,4,Moderate,Normal,Normal
3,1,2,2,3,3,1,2,2,3,3,2,2,1,1,3,3,3,3,1,3,38,22,34,Extremely Severe,Extremely Severe,Extremely Severe
1,0,2,0,3,1,1,2,2,2,1,2,3,1,0,1,2,2,1,1,2,30,10,20,Extremely Severe,Moderate,Moderate
1,2,1,1,1,1,1,1,1,1,2,1,1,1,1,1,1,2,1,1,1,14,16,18,Moderate,Severe,Mild
1,1,0,0,3,2,2,1,2,1,1,2,2,2,2,1,2,2,0,0,1,20,14,22,Moderate,Moderate,Moderate
1,3,3,1,0,2,1,3,3,2,3,3,2,1,0,2,2,3,3,3,3,28,28,32,Extremely Severe,Extremely Severe,Severe
3,1,2,3,3,2,1,3,2,3,2,2,2,3,1,3,2,3,2,2,1,32,24,36,Extremely Severe,Extremely Severe,Extremely Severe
1,3,1,0,0,1,3,2,1,3,3,2,3,3,0,1,3,2,1,0,0,22,16,28,Severe,Severe,Severe
2,2,2,1,3,2,2,1,2,2,3,2,2,3,2,2,3,1,3,3,1,30,30,28,Extremely Severe,Extremely Severe,Severe
1,1,1,1,1,1,0,1,1,1,1,1,1,1,1,3,1,1,1,1,1,18,12,14,Moderate,Moderate,Normal
1,3,1,2,3,2,3,3,3,3,1,2,3,0,3,3,3,1,0,1,2,36,30,20,Extremely Severe,Extremely Severe,Moderate
1,0,1,2,1,1,0,1,1,1,1,0,1,0,0,3,2,0,1,1,2,22,10,8,Severe,Moderate,Normal
1,2,1,0,2,2,0,2,1,2,3,1,2,2,0,2,1,1,0,1,2,24,8,24,Severe,Mild,Moderate
0,2,0,0,0,2,0,2,1,0,0,0,1,1,0,1,1,0,0,0,0,6,6,10,Normal,Normal,Normal
2,3,1,1,3,1,1,2,1,1,1,0,3,1,1,1,3,1,3,1,0,24,22,16,Severe,Extremely Severe,Mild
3,1,1,1,1,3,1,2,1,3,3,1,3,0,0,2,3,3,1,1,3,32,12,30,Extremely Severe,Moderate,Severe
2,0,0,2,3,2,2,2,2,1,3,2,2,1,0,0,3,0,3,2,1,20,22,24,Moderate,Extremely Severe,Moderate
1,2,1,0,2,2,0,1,3,1,2,3,1,1,1,0,1,2,3,0,1,14,18,24,Moderate,Severe,Moderate
1,0,0,0,0,1,0,0,0,0,0,0,0,0,0,0,0,0,0,0,0,0,0,4,Normal,Normal,Normal
2,0,3,0,3,2,0,3,1,3,3,1,2,3,0,2,3,1,0,0,3,38,2,30,Extremely Severe,Normal,Severe
1,1,1,3,0,3,0,0,1,0,1,1,1,3,3,1,1,3,0,1,0,8,18,24,Normal,Severe,Moderate
2,0,3,1,3,1,2,3,2,3,3,2,3,2,1,3,3,2,0,2,3,42,16,30,Extremely Severe,Severe,Severe
1,1,1,1,1,2,1,1,1,1,1,1,1,1,0,1,1,1,1,1,1,14,12,16,Moderate,Moderate,Mild
0,1,0,0,0,0,1,0,2,0,0,0,0,1,0,0,0,1,1,1,0,0,12,4,Normal,Moderate,Normal
1,2,2,1,2,1,3,1,2,2,2,2,2,1,2,1,2,2,2,1,2,26,26,20,Severe,Extremely Severe,Moderate
1,2,0,0,1,2,0,0,3,2,0,1,1,2,0,1,1,1,2,0,1,14,14,14,Moderate,Moderate,Normal
2,3,3,0,3,2,1,2,2,1,2,2,2,2,2,3,2,3,2,3,2,32,26,30,Extremely Severe,Extremely Severe,Severe
0,0,1,0,0,2,0,0,1,0,1,0,0,1,0,0,0,0,0,0,0,2,2,8,Normal,Normal,Normal
1,1,0,1,2,2,0,2,0,0,1,1,1,1,2,1,0,0,0,0,0,8,8,16,Normal,Mild,Mild
2,0,3,1,3,3,2,1,2,3,3,2,3,3,1,3,3,3,2,1,3,42,18,34,Extremely Severe,Severe,Extremely Severe
1,0,0,2,2,1,0,2,2,1,2,1,1,2,0,1,3,2,0,1,2,20,10,22,Moderate,Moderate,Moderate
1,1,1,1,2,1,0,1,1,0,3,0,0,3,0,1,3,0,1,0,1,16,8,18,Moderate,Mild,Mild
2,1,1,1,1,2,2,0,1,1,2,1,2,1,1,1,1,1,1,2,1,16,18,18,Moderate,Severe,Mild
2,0,1,0,0,0,0,1,0,0,0,1,0,1,0,0,0,0,0,0,0,2,0,10,Normal,Normal,Normal
2,0,1,0,2,2,0,2,3,2,2,1,3,0,0,1,3,1,0,1,3,30,8,20,Extremely Severe,Mild,Moderate
3,2,2,1,3,2,1,3,3,2,3,3,3,3,3,3,3,3,1,3,3,38,28,40,Extremely Severe,Extremely Severe,Extremely Severe
2,3,1,2,2,2,0,3,2,2,3,3,2,2,1,1,2,1,2,2,2,24,24,32,Severe,Extremely Severe,Severe
3,1,1,1,2,2,3,1,1,2,3,3,2,2,3,2,3,2,2,3,1,26,28,32,Severe,Extremely Severe,Severe
0,0,2,0,2,1,0,2,3,2,1,1,2,1,1,2,2,1,1,1,2,28,12,14,Extremely Severe,Moderate,Normal
2,3,3,2,3,3,2,2,3,3,3,3,3,2,1,2,3,2,2,2,3,40,30,34,Extremely Severe,Extremely Severe,Extremely Severe
0,1,0,0,0,0,0,0,1,1,1,0,1,0,0,1,1,0,0,1,0,8,6,2,Normal,Normal,Normal
2,0,1,0,2,2,1,1,0,1,2,1,1,0,1,0,1,1,0,1,2,16,6,18,Moderate,Normal,Mild
3,3,0,1,1,3,0,1,3,1,1,3,1,3,0,2,0,1,0,0,1,12,14,30,Mild,Moderate,Severe
2,0,3,0,1,2,0,2,3,3,1,1,2,0,2,1,2,2,0,1,3,30,12,20,Extremely Severe,Moderate,Moderate
1,3,0,1,1,1,2,1,2,2,1,1,3,2,1,0,1,1,2,1,1,16,24,16,Moderate,Extremely Severe,Mild
1,0,0,0,1,1,0,0,3,1,0,1,0,1,0,0,0,1,0,1,0,4,8,10,Normal,Mild,Normal
2,2,1,0,0,1,0,2,2,2,2,2,1,2,0,1,1,2,2,1,0,12,14,26,Mild,Moderate,Severe
2,0,0,0,1,0,1,0,1,1,3,0,1,2,0,0,1,0,3,1,0,8,12,14,Normal,Moderate,Normal
3,3,3,3,3,3,3,3,3,3,3,3,3,0,3,3,3,3,3,3,3,42,42,36,Extremely Severe,Extremely Severe,Extremely Severe
1,0,2,0,1,1,1,2,1,1,2,1,1,2,0,1,2,1,0,0,2,20,4,20,Moderate,Normal,Moderate
3,2,0,0,2,1,0,0,0,1,0,0,1,3,0,0,2,3,2,0,1,14,8,20,Moderate,Mild,Moderate
2,3,2,1,1,1,1,3,2,2,2,2,3,2,1,3,1,1,2,2,1,26,24,26,Severe,Extremely Severe,Severe
1,0,1,0,0,1,0,2,2,0,2,0,2,0,0,0,2,2,0,1,1,12,6,16,Mild,Normal,Mild
3,3,2,1,3,1,2,3,3,2,1,2,3,0,3,3,1,3,0,3,0,28,30,26,Extremely Severe,Extremely Severe,Severe
2,2,0,0,1,2,0,3,1,1,3,2,2,3,0,3,0,3,0,0,1,16,6,36,Moderate,Normal,Extremely Severe
1,1,0,0,0,0,1,0,1,1,2,1,1,1,0,1,1,0,1,1,0,8,10,10,Normal,Moderate,Normal
2,1,2,2,3,2,0,3,2,2,3,3,3,3,1,3,2,3,1,3,2,34,20,38,Extremely Severe,Extremely Severe,Extremely Severe
2,3,1,3,2,2,3,3,3,3,2,3,1,3,3,2,1,3,3,3,2,24,42,36,Severe,Extremely Severe,Extremely Severe
2,1,2,2,1,2,1,2,3,2,2,2,2,2,1,3,2,2,2,3,2,28,26,28,Extremely Severe,Extremely Severe,Severe
1,2,2,1,1,2,0,2,3,1,3,3,3,3,1,2,1,2,1,3,1,22,22,32,Severe,Extremely Severe,Severe
1,0,1,0,0,1,0,1,0,1,2,0,1,1,0,0,1,2,0,0,0,8,0,16,Normal,Normal,Mild
3,3,2,0,3,1,0,0,3,3,3,0,3,1,0,3,2,2,0,3,1,34,18,20,Extremely Severe,Severe,Moderate
2,1,0,1,1,1,0,1,2,1,3,1,1,1,3,1,2,3,0,1,1,14,16,24,Moderate,Severe,Moderate
1,0,1,1,2,0,1,1,2,2,0,1,1,0,0,1,1,1,0,0,0,16,8,8,Moderate,Mild,Normal
1,1,1,3,1,3,3,1,3,1,3,2,2,2,1,2,2,2,2,2,1,20,30,28,Moderate,Extremely Severe,Severe
1,1,0,0,1,1,0,0,1,0,1,1,1,2,0,1,1,3,1,0,3,14,6,18,Moderate,Normal,Mild
1,2,0,2,2,1,2,1,3,1,2,2,1,1,2,2,1,1,2,2,1,16,30,18,Moderate,Extremely Severe,Mild
0,0,0,0,0,0,0,0,0,0,0,1,1,0,0,2,0,0,0,0,0,6,0,2,Normal,Normal,Normal
1,1,0,0,0,0,0,0,0,1,0,0,0,0,0,3,1,0,0,0,1,12,2,2,Mild,Normal,Normal
1,0,0,0,0,1,0,1,0,0,1,0,0,0,0,0,0,1,0,0,0,0,0,10,Normal,Normal,Normal
3,3,2,0,0,1,2,2,3,3,3,2,3,3,3,3,3,3,1,3,3,34,30,34,Extremely Severe,Extremely Severe,Extremely Severe
2,1,2,0,2,2,0,1,2,1,2,1,2,3,0,2,2,0,0,1,1,24,8,22,Severe,Mild,Moderate
3,3,3,2,3,3,2,1,3,3,3,2,3,3,2,3,3,3,0,3,3,42,30,36,Extremely Severe,Extremely Severe,Extremely Severe
3,2,0,0,0,2,2,1,0,1,2,0,1,3,0,1,1,1,0,0,1,10,8,24,Mild,Mild,Moderate
3,1,2,3,0,3,3,2,3,3,3,2,3,3,3,0,3,0,2,3,3,28,36,32,Extremely Severe,Extremely Severe,Severe
3,0,3,1,3,3,0,3,1,3,3,3,3,3,0,3,3,3,0,1,3,42,6,42,Extremely Severe,Normal,Extremely Severe
1,0,1,0,1,1,0,1,1,1,1,1,1,1,1,1,1,1,1,1,1,14,8,14,Moderate,Mild,Normal
2,0,1,0,1,1,0,1,2,1,2,1,1,2,0,2,2,3,1,1,0,16,8,24,Moderate,Mild,Moderate
2,2,1,1,1,1,1,1,1,0,2,3,1,3,1,0,0,0,0,0,0,6,12,24,Normal,Moderate,Moderate
1,1,1,0,1,1,0,1,1,1,1,1,1,0,0,0,1,3,0,1,0,10,6,16,Mild,Normal,Mild
1,0,1,0,2,1,0,1,1,1,2,1,3,0,0,2,1,2,0,0,1,22,2,16,Severe,Normal,Mild
3,3,2,3,3,3,3,3,3,3,3,3,3,3,3,3,3,0,3,3,3,40,42,36,Extremely Severe,Extremely Severe,Extremely Severe
3,1,2,1,3,0,0,2,0,2,3,1,3,3,0,3,3,3,0,1,0,32,6,30,Extremely Severe,Normal,Severe
0,0,0,0,0,0,0,0,0,0,0,1,0,0,1,0,1,0,0,3,0,2,8,2,Normal,Mild,Normal
1,0,0,2,2,1,2,1,1,1,1,1,2,2,2,1,0,3,1,2,0,12,20,20,Mild,Extremely Severe,Moderate
2,1,1,0,3,2,1,3,1,1,2,3,0,2,1,1,1,1,2,1,0,14,14,30,Moderate,Moderate,Severe
1,0,0,0,0,1,1,0,1,0,0,0,1,1,0,0,0,0,0,0,0,2,4,6,Normal,Normal,Normal
1,1,1,1,1,1,1,1,2,1,1,1,2,1,1,2,2,1,0,1,1,20,14,14,Moderate,Moderate,Normal
1,2,0,1,1,2,2,1,1,1,2,2,0,2,1,1,1,3,2,1,1,10,20,26,Mild,Extremely Severe,Severe
1,3,1,1,2,1,1,2,3,1,1,1,3,1,0,1,3,1,0,3,3,28,22,16,Extremely Severe,Extremely Severe,Mild
3,2,2,2,2,3,3,3,3,3,3,2,3,2,3,3,2,3,2,3,2,34,36,38,Extremely Severe,Extremely Severe,Extremely Severe
2,0,1,1,1,1,1,0,1,3,2,1,1,0,0,1,0,2,1,1,3,20,10,16,Moderate,Moderate,Mild
2,1,1,1,3,1,1,1,1,1,2,1,1,1,0,1,1,2,2,1,0,16,14,20,Moderate,Moderate,Moderate
3,1,3,1,3,3,1,3,3,3,3,3,3,3,2,3,3,3,3,3,3,42,28,42,Extremely Severe,Extremely Severe,Extremely Severe
3,3,3,3,3,3,2,3,3,3,3,3,3,3,3,3,3,3,2,3,3,42,38,42,Extremely Severe,Extremely Severe,Extremely Severe
1,2,1,1,1,1,1,1,1,2,1,2,2,1,1,1,1,2,0,3,2,20,18,18,Moderate,Severe,Mild
3,1,3,0,3,3,0,3,0,2,3,0,3,3,0,3,3,2,0,2,3,40,6,34,Extremely Severe,Normal,Extremely Severe
0,2,0,0,3,0,0,0,2,1,0,3,2,2,1,1,1,0,0,0,1,18,10,10,Moderate,Moderate,Normal
1,0,1,1,3,1,3,2,0,0,0,0,2,0,0,2,1,2,0,1,1,20,10,12,Moderate,Moderate,Normal
2,1,3,0,3,3,0,2,2,3,3,2,2,3,0,3,3,2,2,1,3,40,12,34,Extremely Severe,Moderate,Extremely Severe
1,1,2,2,2,3,2,2,2,2,2,2,2,1,1,2,2,2,2,2,2,28,24,26,Extremely Severe,Extremely Severe,Severe
2,3,2,3,3,2,3,3,3,3,3,3,3,2,3,3,3,3,3,3,3,40,42,36,Extremely Severe,Extremely Severe,Extremely Severe
0,0,0,0,0,0,0,1,0,1,0,1,0,1,0,0,0,2,0,0,0,2,0,10,Normal,Normal,Normal
1,0,3,0,1,3,0,1,1,1,1,2,2,1,0,0,2,1,0,2,1,20,6,20,Moderate,Normal,Moderate
2,0,0,0,2,1,0,0,0,1,2,0,2,1,0,2,0,1,0,1,2,18,2,14,Moderate,Normal,Normal
0,3,2,0,2,0,1,0,3,1,0,0,2,0,1,3,0,1,1,1,0,20,20,2,Moderate,Extremely Severe,Normal
3,2,1,3,1,1,1,2,2,0,2,2,2,3,2,2,0,2,1,3,1,14,28,30,Moderate,Extremely Severe,Severe
1,0,1,0,2,1,0,1,3,1,3,3,3,1,0,1,3,2,0,3,2,26,12,24,Severe,Moderate,Moderate
1,1,0,0,0,1,0,1,1,0,1,0,0,1,0,0,0,0,0,0,0,0,4,10,Normal,Normal,Normal
2,0,2,0,2,2,0,2,1,1,2,2,2,2,2,1,1,2,0,0,1,20,6,28,Moderate,Normal,Severe
3,0,1,0,0,2,0,0,3,0,3,1,3,1,0,1,1,0,0,0,3,18,6,20,Moderate,Normal,Moderate
2,1,1,1,2,2,1,1,1,2,2,0,2,1,0,2,2,2,2,0,1,24,12,20,Severe,Moderate,Moderate
3,1,3,1,3,3,1,3,3,3,3,2,3,3,1,3,3,3,1,3,3,42,22,40,Extremely Severe,Extremely Severe,Extremely Severe
0,0,0,0,2,0,0,1,2,0,3,0,1,0,0,1,0,0,1,0,0,8,6,8,Normal,Normal,Normal
2,2,2,0,1,2,1,1,2,2,2,2,2,1,2,1,2,1,3,1,2,24,22,22,Severe,Extremely Severe,Moderate
2,0,3,2,2,3,1,2,3,3,3,0,3,3,1,3,3,2,0,3,3,40,20,30,Extremely Severe,Extremely Severe,Severe
2,2,2,2,3,3,2,2,3,2,2,3,2,3,1,3,3,3,2,2,2,34,28,36,Extremely Severe,Extremely Severe,Extremely Severe
2,0,1,1,1,2,1,1,2,2,2,2,1,3,1,3,2,2,0,0,1,22,10,28,Severe,Moderate,Severe
0,0,0,0,0,0,0,0,0,0,0,0,0,0,0,0,0,0,0,0,0,0,0,0,Normal,Normal,Normal
2,1,1,0,1,1,0,1,2,2,2,2,2,1,2,1,1,1,0,3,1,18,16,20,Moderate,Severe,Moderate
2,1,3,1,2,2,2,2,3,3,2,2,3,1,1,3,3,2,1,2,3,40,22,26,Extremely Severe,Extremely Severe,Severe
1,1,0,0,0,3,0,1,2,0,3,1,2,2,0,1,0,2,2,0,1,8,10,26,Normal,Moderate,Severe
0,1,3,3,3,3,3,1,3,3,3,3,3,1,0,3,3,3,3,3,3,42,32,28,Extremely Severe,Extremely Severe,Severe
2,2,1,1,3,0,2,2,1,2,2,2,2,2,0,2,2,1,1,0,2,28,14,22,Extremely Severe,Moderate,Moderate
0,0,0,0,0,0,0,0,1,0,1,0,0,1,0,0,0,1,0,0,0,0,2,6,Normal,Normal,Normal
1,1,2,1,1,1,0,1,1,1,3,1,1,1,0,1,3,1,3,1,3,24,14,18,Severe,Moderate,Mild
0,0,0,0,0,0,0,0,0,0,1,1,0,0,0,0,1,0,1,0,0,2,2,4,Normal,Normal,Normal
0,1,0,0,0,0,1,0,0,1,0,0,0,1,0,1,1,1,0,0,0,6,4,4,Normal,Normal,Normal
1,0,0,0,2,2,1,0,0,0,2,1,2,2,0,0,1,1,1,1,0,10,6,18,Mild,Normal,Mild
3,1,1,0,2,1,0,1,2,2,2,0,0,1,0,1,0,1,0,0,1,14,6,18,Moderate,Normal,Mild
0,0,0,0,1,1,0,1,1,1,1,1,0,1,0,0,0,1,0,0,0,4,2,12,Normal,Normal,Normal
1,0,0,0,0,1,0,0,0,1,1,1,0,1,1,0,0,1,0,0,0,2,2,12,Normal,Normal,Normal
3,3,3,3,3,3,3,2,3,3,2,3,2,3,2,3,3,3,3,1,3,40,36,38,Extremely Severe,Extremely Severe,Extremely Severe
0,0,0,0,0,0,0,0,0,0,0,0,1,0,1,1,0,0,0,0,1,6,2,0,Normal,Normal,Normal
3,1,3,0,1,3,1,3,3,3,3,1,1,3,3,3,3,1,1,3,3,34,24,34,Extremely Severe,Extremely Severe,Extremely Severe
0,0,0,0,0,1,0,0,1,0,1,2,0,1,0,0,0,0,0,1,0,0,4,10,Normal,Normal,Normal
3,1,1,2,3,1,2,3,3,1,3,2,3,2,0,1,1,2,3,3,3,26,28,32,Severe,Extremely Severe,Severe
2,2,2,0,2,2,2,3,2,2,3,0,3,0,2,3,3,2,0,1,3,36,18,24,Extremely Severe,Severe,Moderate
2,0,1,2,2,2,0,2,3,2,2,3,2,3,2,2,1,3,1,3,2,24,22,34,Severe,Extremely Severe,Extremely Severe
1,1,2,1,2,0,1,1,1,0,1,2,2,0,2,1,0,1,1,0,1,16,14,12,Moderate,Moderate,Normal
0,0,0,0,1,0,0,1,0,0,1,0,0,0,0,0,0,0,0,0,0,2,0,4,Normal,Normal,Normal
1,0,1,0,1,3,0,1,2,2,3,1,2,1,0,2,1,2,0,2,0,18,8,24,Moderate,Mild,Moderate
1,0,2,0,3,1,0,1,1,1,1,0,2,0,0,2,1,1,0,0,1,24,2,10,Severe,Normal,Normal
1,0,1,0,1,0,0,0,0,1,1,0,1,0,0,1,1,0,0,0,2,16,0,4,Moderate,Normal,Normal
1,1,0,0,0,0,0,2,3,1,1,0,2,1,0,1,1,1,1,1,0,10,12,12,Mild,Moderate,Normal
0,1,0,1,0,0,0,0,1,0,0,0,0,1,0,0,0,0,0,0,0,0,6,2,Normal,Normal,Normal
3,1,2,0,3,0,0,1,0,1,3,0,3,3,0,3,3,3,0,0,3,36,2,26,Extremely Severe,Normal,Severe
0,1,1,1,0,1,1,0,1,1,1,0,0,1,1,2,1,1,0,3,1,12,16,8,Mild,Severe,Normal
3,3,2,3,3,3,2,2,2,3,3,3,3,3,3,3,3,3,2,3,3,40,36,40,Extremely Severe,Extremely Severe,Extremely Severe
3,3,0,1,0,1,2,0,3,0,1,1,1,3,0,2,3,3,2,1,1,14,24,24,Moderate,Extremely Severe,Moderate
1,2,1,1,1,1,1,1,1,1,1,1,1,3,1,1,1,1,2,1,1,14,18,18,Moderate,Severe,Mild
2,1,1,0,2,3,1,0,1,1,2,1,2,1,0,3,1,2,0,0,1,22,6,22,Severe,Normal,Moderate
0,1,1,1,1,0,1,2,1,1,0,2,1,0,2,1,1,1,1,1,1,14,16,10,Moderate,Severe,Normal
2,1,2,1,2,2,1,1,2,1,3,2,2,1,2,1,1,1,1,2,1,20,20,24,Moderate,Extremely Severe,Moderate
3,0,1,0,1,3,0,1,0,1,2,0,2,2,0,1,1,3,1,0,1,16,2,28,Moderate,Normal,Severe
2,2,3,3,3,3,3,3,3,3,3,3,3,3,3,3,3,3,3,2,3,42,38,40,Extremely Severe,Extremely Severe,Extremely Severe
3,0,3,1,3,2,1,2,3,3,2,3,3,1,2,3,3,1,1,3,3,42,22,28,Extremely Severe,Extremely Severe,Severe
2,0,0,0,1,1,0,0,0,1,1,0,1,0,0,2,2,1,0,2,1,16,4,10,Moderate,Normal,Normal
2,1,2,0,1,0,1,1,1,2,3,1,2,3,0,2,1,2,0,0,1,22,6,24,Severe,Normal,Moderate
1,1,0,1,0,0,0,1,1,0,1,2,1,0,0,0,0,2,0,1,0,2,8,14,Normal,Mild,Normal
2,0,1,3,2,1,1,1,1,0,2,1,2,0,1,1,3,0,1,1,3,24,16,14,Severe,Severe,Normal
3,1,1,3,1,3,1,1,3,1,3,3,3,1,2,1,3,3,1,1,3,26,24,34,Severe,Extremely Severe,Extremely Severe
1,0,0,0,0,1,0,1,1,0,1,0,0,1,0,0,0,1,0,0,0,0,2,12,Normal,Normal,Normal
2,1,1,1,0,1,2,0,1,0,1,1,1,2,0,1,1,1,3,0,2,12,16,16,Mild,Severe,Mild
1,1,1,0,1,0,0,1,1,2,1,1,1,1,0,1,2,1,0,0,2,20,4,12,Moderate,Normal,Normal
3,0,1,0,3,2,3,2,3,1,0,2,1,3,0,0,2,0,0,3,1,18,18,24,Moderate,Severe,Moderate
1,1,1,1,3,1,2,1,0,3,2,1,3,2,2,2,3,1,0,0,3,36,12,18,Extremely Severe,Moderate,Mild
2,2,2,2,1,1,0,1,2,2,2,2,3,2,1,2,2,1,1,2,1,26,20,22,Severe,Extremely Severe,Moderate
2,0,0,0,0,1,0,0,2,0,2,1,1,2,0,0,1,2,1,1,0,4,8,20,Normal,Mild,Moderate
1,3,1,2,1,2,2,1,2,1,2,2,1,3,1,1,1,1,1,2,1,14,26,24,Moderate,Extremely Severe,Moderate
1,1,1,1,1,0,0,0,0,1,0,0,1,0,1,2,0,0,0,0,0,12,6,2,Mild,Normal,Normal
0,1,0,0,0,0,0,0,0,0,0,0,0,1,0,0,0,0,0,0,0,0,2,2,Normal,Normal,Normal
3,3,2,2,2,3,1,2,3,3,3,1,3,2,1,2,3,2,2,1,3,36,26,32,Extremely Severe,Extremely Severe,Severe
2,0,1,1,2,2,0,3,2,3,3,3,1,2,0,3,3,2,0,2,2,30,10,34,Extremely Severe,Moderate,Extremely Severe
1,1,1,0,2,2,0,1,1,0,1,1,2,1,0,1,3,2,0,1,0,18,6,18,Moderate,Normal,Mild
1,0,1,0,1,2,0,1,1,0,2,0,1,1,0,1,1,1,0,1,1,12,4,16,Mild,Normal,Mild
2,1,2,1,3,2,1,2,3,2,2,3,3,3,1,3,3,0,1,3,3,38,22,28,Extremely Severe,Extremely Severe,Severe
3,3,1,0,3,3,1,3,3,1,3,3,3,3,1,3,3,3,2,1,3,34,22,42,Extremely Severe,Extremely Severe,Extremely Severe
2,1,1,0,2,0,0,3,0,1,2,1,3,2,0,1,1,1,3,0,1,20,8,22,Moderate,Mild,Moderate
2,0,2,2,1,0,1,2,3,1,3,3,3,2,1,2,1,2,1,2,0,20,20,28,Moderate,Extremely Severe,Severe
1,0,1,0,0,1,0,0,0,1,1,0,1,0,0,0,0,1,0,0,0,6,0,8,Normal,Normal,Normal
1,2,2,0,2,1,2,3,1,0,1,3,1,1,0,0,2,1,1,0,1,16,12,22,Moderate,Moderate,Moderate
2,3,2,2,3,3,3,3,3,3,3,2,1,1,0,3,2,1,0,0,2,32,22,30,Extremely Severe,Extremely Severe,Severe
1,0,0,0,0,2,0,1,0,0,3,1,1,1,0,1,1,1,0,0,0,6,0,20,Normal,Normal,Moderate
2,0,1,0,2,3,0,2,2,1,2,3,1,2,0,1,1,1,1,1,1,16,8,30,Moderate,Mild,Severe
0,0,0,1,0,0,0,0,0,0,0,0,0,1,0,0,0,0,0,0,0,0,2,2,Normal,Normal,Normal
3,3,2,0,3,3,3,3,3,3,3,3,3,3,0,3,3,3,3,3,3,40,30,42,Extremely Severe,Extremely Severe,Extremely Severe
2,2,3,0,3,2,2,2,3,1,3,1,3,3,0,3,1,3,1,0,1,30,16,32,Extremely Severe,Severe,Severe
2,0,1,2,1,3,3,0,1,1,3,3,1,1,3,0,1,3,0,3,0,10,24,30,Mild,Extremely Severe,Severe
2,3,2,2,3,3,1,3,3,1,3,1,3,3,2,3,2,1,3,3,3,34,34,32,Extremely Severe,Extremely Severe,Severe
3,2,1,1,2,3,0,3,3,1,3,3,2,3,0,2,3,3,1,2,1,24,18,42,Severe,Severe,Extremely Severe
0,2,2,1,3,1,1,3,3,3,2,3,3,1,2,3,3,1,1,3,1,36,26,22,Extremely Severe,Extremely Severe,Moderate
1,0,3,0,1,1,0,1,1,3,2,2,3,0,0,2,3,1,0,1,2,34,4,16,Extremely Severe,Normal,Mild
2,1,2,1,2,3,0,2,3,3,2,1,3,3,0,1,3,2,1,1,2,32,14,30,Extremely Severe,Moderate,Severe
1,1,0,1,0,1,0,1,1,0,1,1,0,1,0,0,0,1,1,1,0,0,10,14,Normal,Moderate,Normal
3,3,3,2,3,3,3,3,2,3,2,2,3,2,3,3,3,3,2,3,3,42,36,36,Extremely Severe,Extremely Severe,Extremely Severe
0,1,0,1,1,2,1,0,3,0,0,2,0,2,0,0,0,0,0,1,0,2,14,12,Normal,Moderate,Normal
1,0,0,1,0,1,0,2,2,0,3,1,1,0,0,0,3,3,0,0,1,10,6,22,Mild,Normal,Moderate
0,0,2,0,2,0,0,3,2,3,1,0,1,0,0,3,2,0,2,0,3,32,8,8,Extremely Severe,Mild,Normal
1,3,0,2,0,1,2,1,1,1,2,1,3,3,1,3,1,3,1,1,2,20,22,24,Moderate,Extremely Severe,Moderate
2,2,2,1,1,1,2,2,3,3,3,3,3,3,1,1,3,1,0,3,0,26,24,30,Severe,Extremely Severe,Severe
2,1,0,1,2,2,0,2,2,0,2,1,1,3,0,0,1,1,0,2,1,10,12,26,Mild,Moderate,Severe
1,0,0,0,0,0,0,1,1,0,1,1,0,2,0,0,1,1,0,0,1,4,2,14,Normal,Normal,Normal
3,2,3,3,3,3,3,3,3,3,3,2,3,3,2,3,3,3,2,3,3,42,36,40,Extremely Severe,Extremely Severe,Extremely Severe
3,2,3,3,3,3,1,2,3,3,3,2,3,1,0,3,3,3,2,3,3,42,28,34,Extremely Severe,Extremely Severe,Extremely Severe
3,3,3,3,2,3,2,2,3,3,3,2,2,1,2,3,3,3,2,2,3,38,34,34,Extremely Severe,Extremely Severe,Extremely Severe
1,2,0,1,2,3,0,1,3,2,2,2,2,3,0,0,3,1,1,2,0,18,18,26,Moderate,Severe,Severe
2,2,1,2,1,0,0,1,1,2,3,1,3,2,0,1,3,1,3,1,1,24,18,20,Severe,Severe,Moderate
2,1,3,3,3,2,2,3,3,2,2,3,3,2,2,2,2,2,0,2,3,36,26,32,Extremely Severe,Extremely Severe,Severe
3,0,1,0,0,2,0,2,3,1,1,1,3,3,0,2,2,0,2,1,1,20,12,24,Moderate,Moderate,Moderate
1,1,1,1,1,2,1,2,2,2,2,2,2,2,0,1,2,2,1,1,1,20,14,26,Moderate,Moderate,Severe
3,0,0,1,2,0,0,3,3,2,3,3,3,3,0,0,2,3,2,2,0,18,16,36,Moderate,Severe,Extremely Severe
0,3,2,0,0,0,0,3,2,3,0,0,0,3,0,3,0,0,3,0,3,22,16,12,Severe,Severe,Normal
3,1,2,0,2,2,0,0,1,2,3,0,3,1,0,2,3,2,0,0,3,34,4,22,Extremely Severe,Normal,Moderate
3,2,3,2,3,2,1,3,3,3,3,1,3,2,3,3,3,3,1,1,3,42,26,34,Extremely Severe,Extremely Severe,Extremely Severe
0,0,1,0,0,0,0,1,1,2,0,0,3,0,0,0,2,0,0,0,2,20,2,2,Moderate,Normal,Normal
3,1,1,1,3,3,3,3,3,1,3,3,3,3,0,3,3,2,3,3,3,34,28,40,Extremely Severe,Extremely Severe,Extremely Severe
3,2,2,2,3,3,2,2,1,3,3,2,3,2,2,2,3,3,1,3,3,38,26,36,Extremely Severe,Extremely Severe,Extremely Severe
1,0,0,0,0,1,0,0,1,0,0,0,0,1,0,0,0,2,0,0,0,0,2,10,Normal,Normal,Normal
2,2,1,0,2,1,1,1,3,1,3,1,3,3,1,1,3,1,2,1,2,26,20,24,Severe,Extremely Severe,Moderate
1,2,2,0,3,1,0,3,3,3,1,2,3,3,0,2,3,3,1,1,3,38,14,28,Extremely Severe,Moderate,Severe
1,0,0,0,1,1,0,0,2,2,1,0,1,0,1,3,2,0,0,0,2,22,6,6,Severe,Normal,Normal
1,0,1,1,1,1,0,1,1,0,1,1,1,1,1,1,1,1,0,0,1,12,6,14,Mild,Normal,Normal
0,0,0,0,0,2,0,1,1,0,1,2,0,0,0,0,1,1,2,2,0,2,10,14,Normal,Moderate,Normal
2,3,1,2,1,2,2,2,3,1,1,1,0,0,0,1,1,2,1,3,1,12,28,20,Mild,Extremely Severe,Moderate
2,2,1,3,2,0,2,3,3,3,2,3,3,2,0,1,2,0,0,3,1,26,26,24,Severe,Extremely Severe,Moderate
1,0,0,0,3,2,0,2,3,2,1,1,2,3,0,2,3,1,2,2,2,28,14,22,Extremely Severe,Moderate,Moderate
3,2,2,1,2,1,1,2,2,3,3,1,2,3,2,3,3,2,2,1,2,34,22,30,Extremely Severe,Extremely Severe,Severe
3,3,2,0,2,1,0,0,2,3,3,1,3,3,0,2,3,3,0,0,3,36,10,28,Extremely Severe,Moderate,Severe
3,0,2,1,3,3,1,3,1,3,3,2,3,3,0,1,2,2,3,1,3,34,14,38,Extremely Severe,Moderate,Extremely Severe
3,0,1,1,3,2,1,2,3,3,3,3,2,1,2,2,3,1,1,2,2,32,20,30,Extremely Severe,Extremely Severe,Severe
2,1,1,0,1,2,1,1,1,2,3,1,2,2,0,3,2,0,2,1,2,26,12,22,Severe,Moderate,Moderate
3,3,1,1,1,3,1,1,3,1,2,3,3,3,1,1,1,3,0,3,0,16,24,36,Moderate,Extremely Severe,Extremely Severe
0,0,0,1,0,0,0,0,0,0,0,0,0,1,0,0,0,0,1,0,0,0,4,2,Normal,Normal,Normal
2,0,0,0,3,1,1,2,1,3,1,1,2,2,0,1,1,1,1,1,2,24,8,20,Severe,Mild,Moderate
2,1,1,2,2,1,3,2,2,1,1,1,1,3,3,2,1,0,1,1,3,22,26,20,Severe,Extremely Severe,Moderate
2,1,3,0,2,2,1,3,2,1,2,2,3,2,1,2,2,1,2,2,1,28,18,28,Extremely Severe,Severe,Severe
2,2,2,1,2,2,1,3,1,3,2,2,3,3,1,3,1,2,2,2,2,32,20,32,Extremely Severe,Extremely Severe,Severe
1,0,1,1,1,2,1,2,1,2,2,2,3,1,1,1,2,1,0,2,2,24,12,22,Severe,Moderate,Moderate
1,2,3,1,3,3,1,3,1,3,1,1,3,1,0,3,3,1,1,1,3,42,14,22,Extremely Severe,Moderate,Moderate
3,2,0,0,1,0,0,1,3,0,2,1,2,3,0,1,2,1,0,2,1,14,14,22,Moderate,Moderate,Moderate
0,0,2,2,0,3,0,0,0,0,0,1,3,0,0,2,0,0,0,0,1,16,4,8,Moderate,Normal,Normal
0,0,0,1,0,0,1,1,1,0,1,1,1,1,0,1,1,1,1,1,0,6,10,10,Normal,Moderate,Normal
2,0,2,0,2,2,0,2,2,1,1,1,1,1,0,3,3,2,2,2,1,26,12,22,Severe,Moderate,Moderate
1,1,0,1,1,1,0,1,1,1,3,0,2,2,1,1,1,3,3,0,1,14,14,22,Moderate,Moderate,Moderate
1,1,1,1,1,1,1,2,1,1,1,1,1,0,0,2,1,2,2,0,1,16,12,16,Moderate,Moderate,Mild
3,0,1,0,1,0,0,3,3,1,3,3,3,1,0,2,1,0,1,0,1,20,8,26,Moderate,Mild,Severe
2,1,1,2,1,1,1,1,3,2,2,1,3,2,2,2,3,2,1,1,3,30,22,22,Extremely Severe,Extremely Severe,Moderate
3,1,1,3,3,3,3,3,3,1,3,3,3,1,1,3,1,3,3,3,0,24,34,38,Severe,Extremely Severe,Extremely Severe
2,0,3,3,2,2,1,3,1,3,3,3,3,1,3,3,3,2,1,3,2,38,24,32,Extremely Severe,Extremely Severe,Severe
1,1,0,0,2,1,0,0,1,0,0,1,1,2,0,3,0,2,1,1,0,12,8,14,Mild,Mild,Normal
2,1,1,0,1,1,0,1,0,2,1,0,1,0,0,0,0,1,0,1,0,10,4,12,Mild,Normal,Normal
3,1,2,0,2,1,1,1,3,3,3,1,3,1,3,1,1,2,0,2,1,26,20,24,Severe,Extremely Severe,Moderate
3,2,1,3,3,3,2,2,2,3,2,2,3,3,2,1,2,3,2,3,1,28,32,36,Extremely Severe,Extremely Severe,Extremely Severe
3,3,3,0,3,3,0,3,3,3,3,3,3,3,0,3,3,0,0,3,3,42,18,36,Extremely Severe,Severe,Extremely Severe
0,0,0,0,0,1,0,0,1,0,1,2,0,1,0,0,1,1,3,0,0,2,8,12,Normal,Mild,Normal
3,3,3,0,3,0,0,0,3,3,3,0,3,3,0,3,3,3,0,2,3,42,16,24,Extremely Severe,Severe,Moderate
1,2,2,0,3,0,0,1,3,3,2,0,3,2,1,3,2,1,0,2,3,38,16,14,Extremely Severe,Severe,Normal
3,1,2,1,3,3,0,1,1,2,3,1,3,1,1,2,2,3,0,1,2,32,10,30,Extremely Severe,Moderate,Severe
2,1,0,0,1,1,0,1,2,0,0,2,1,3,1,0,1,1,3,0,0,6,14,20,Normal,Moderate,Moderate
0,0,0,0,1,0,0,1,1,0,0,1,1,1,0,1,0,1,0,0,0,6,2,8,Normal,Normal,Normal
1,0,1,1,1,1,0,1,1,1,1,1,1,1,0,2,1,0,0,0,1,16,4,12,Moderate,Normal,Normal
1,1,0,0,1,1,0,1,0,1,1,0,0,1,0,0,0,0,0,0,0,4,2,10,Normal,Normal,Normal
3,3,3,2,3,3,2,2,3,3,3,3,3,2,2,3,3,0,2,1,3,42,30,32,Extremely Severe,Extremely Severe,Severe
1,3,0,1,2,2,2,2,1,0,1,2,1,1,0,0,2,1,0,1,1,12,16,20,Mild,Severe,Moderate
1,0,1,0,1,1,0,1,2,1,1,1,2,1,0,1,1,1,0,1,0,14,6,14,Moderate,Normal,Normal
2,0,1,0,2,2,0,2,1,2,2,1,2,2,0,1,3,1,1,2,1,24,8,24,Severe,Mild,Moderate
1,1,2,0,2,2,0,1,1,3,2,2,3,1,0,2,2,2,0,0,3,34,4,22,Extremely Severe,Normal,Moderate
2,1,1,1,1,2,1,1,3,2,2,1,2,2,0,3,2,3,1,2,1,24,18,26,Severe,Severe,Severe
2,0,3,1,2,3,0,1,3,3,3,3,3,3,0,2,3,0,0,0,2,36,8,30,Extremely Severe,Mild,Severe
2,2,2,2,1,1,1,2,2,1,2,2,3,1,1,1,2,2,3,2,1,22,26,24,Severe,Extremely Severe,Moderate
3,0,3,0,3,1,0,1,2,3,3,3,3,3,0,3,3,3,0,2,3,42,8,34,Extremely Severe,Mild,Extremely Severe
3,0,3,3,3,1,3,3,3,3,3,3,3,3,3,3,3,3,3,3,3,42,36,38,Extremely Severe,Extremely Severe,Extremely Severe
1,1,1,2,2,2,1,1,2,2,2,2,2,2,1,3,2,2,0,2,2,28,18,24,Extremely Severe,Severe,Moderate
0,0,1,3,1,1,2,0,0,0,0,3,2,2,2,1,2,0,0,2,0,14,18,12,Moderate,Severe,Normal
0,0,0,0,1,0,0,0,1,1,0,0,2,2,0,0,0,0,0,0,1,10,2,4,Mild,Normal,Normal
3,0,1,2,1,3,0,1,3,1,3,0,1,3,0,1,3,0,0,0,2,20,10,26,Moderate,Moderate,Severe
0,2,0,1,0,1,1,0,1,0,0,1,0,0,0,0,0,0,3,1,0,0,18,4,Normal,Severe,Normal
2,2,2,0,1,1,0,2,1,1,1,2,2,1,1,1,1,2,0,1,1,18,10,22,Moderate,Moderate,Moderate
1,2,3,0,1,3,0,2,2,3,2,0,3,3,1,3,3,3,3,1,2,36,18,28,Extremely Severe,Severe,Severe
2,1,1,2,3,2,2,3,1,0,2,3,2,3,1,2,3,2,1,2,1,24,20,34,Severe,Extremely Severe,Extremely Severe
2,2,3,1,2,3,2,3,3,1,3,2,2,3,1,1,2,2,3,2,3,28,28,36,Extremely Severe,Extremely Severe,Extremely Severe
1,1,0,1,1,1,1,1,2,1,2,1,1,1,0,1,1,1,0,1,1,12,12,16,Mild,Moderate,Mild
3,2,3,1,3,3,1,1,2,3,3,1,3,2,1,3,3,2,1,2,3,42,20,30,Extremely Severe,Extremely Severe,Severe
1,0,1,0,1,1,0,1,1,0,1,0,1,1,1,1,1,1,0,1,1,12,6,12,Mild,Normal,Normal
1,0,1,1,1,1,1,1,1,1,1,2,1,1,1,1,1,1,0,2,1,14,12,16,Moderate,Moderate,Mild
0,1,0,0,0,0,0,0,1,0,1,0,0,1,1,1,0,0,0,0,0,2,6,4,Normal,Normal,Normal
3,0,3,0,3,3,1,3,2,3,3,3,0,1,3,3,3,3,2,2,3,36,20,38,Extremely Severe,Extremely Severe,Extremely Severe
1,0,0,0,1,1,0,0,2,1,0,1,1,1,0,2,1,2,3,1,1,14,12,12,Moderate,Moderate,Normal
0,0,0,0,0,0,0,0,0,0,0,0,0,0,0,0,0,0,0,0,0,0,0,0,Normal,Normal,Normal
1,1,0,0,1,1,0,1,1,0,2,2,0,0,0,0,0,1,0,0,0,2,4,16,Normal,Normal,Mild
3,1,3,0,3,1,1,3,3,1,3,3,3,3,1,3,1,3,0,1,1,30,14,38,Extremely Severe,Moderate,Extremely Severe
2,3,2,1,2,1,3,1,0,1,2,0,3,3,3,2,3,1,2,0,3,32,24,20,Extremely Severe,Extremely Severe,Moderate
3,1,1,2,2,3,1,1,3,2,3,2,3,1,2,3,3,2,3,3,2,32,30,30,Extremely Severe,Extremely Severe,Severe
1,0,2,0,3,1,1,1,1,2,1,0,1,2,0,2,2,1,0,0,2,28,4,14,Extremely Severe,Normal,Normal
2,3,1,2,1,3,1,1,2,1,3,2,3,0,0,2,3,1,2,3,3,28,26,24,Extremely Severe,Extremely Severe,Moderate
0,2,0,1,0,1,0,1,1,0,0,1,0,1,0,0,0,0,0,0,0,0,8,8,Normal,Mild,Normal
0,0,0,0,0,0,0,1,0,0,1,0,1,1,0,0,0,1,0,0,0,2,0,8,Normal,Normal,Normal
3,2,2,2,3,3,2,3,3,3,3,2,3,3,3,3,3,3,3,3,3,40,36,40,Extremely Severe,Extremely Severe,Extremely Severe
3,1,3,2,3,3,1,2,3,2,3,3,3,0,1,2,3,3,1,2,2,36,22,34,Extremely Severe,Extremely Severe,Extremely Severe
1,0,1,1,3,0,0,3,2,1,2,3,3,1,0,2,2,2,0,0,1,26,6,24,Severe,Normal,Moderate
3,1,3,2,1,3,1,3,3,2,3,3,2,2,0,2,3,3,0,3,2,30,20,40,Extremely Severe,Extremely Severe,Extremely Severe
0,0,0,0,0,0,1,1,1,0,0,1,2,0,0,0,0,0,0,1,0,4,6,4,Normal,Normal,Normal
1,0,1,0,1,1,1,1,1,1,3,1,1,3,0,1,1,1,0,0,1,14,4,22,Moderate,Normal,Moderate
1,0,0,0,0,1,0,0,0,0,1,0,0,1,0,0,0,1,0,0,0,0,0,10,Normal,Normal,Normal
1,1,0,0,1,1,1,1,3,0,1,2,1,2,0,2,0,1,1,2,0,8,16,18,Normal,Severe,Mild
3,0,2,2,1,1,0,1,1,3,3,0,3,0,0,2,2,0,2,1,3,32,12,16,Extremely Severe,Moderate,Mild
3,3,3,3,3,3,1,3,3,3,3,3,3,3,2,3,3,2,3,2,3,42,34,40,Extremely Severe,Extremely Severe,Extremely Severe
2,1,1,2,3,3,3,2,3,1,2,3,3,3,3,2,3,2,3,3,3,32,36,34,Extremely Severe,Extremely Severe,Extremely Severe
1,2,0,1,1,0,1,0,0,2,2,0,2,2,1,2,0,2,2,0,1,16,14,14,Moderate,Moderate,Normal
2,1,0,0,0,1,0,0,1,1,1,0,1,2,0,0,1,1,0,0,1,8,4,14,Normal,Normal,Normal
3,0,1,0,2,3,0,1,2,2,2,1,1,3,0,1,2,0,1,1,0,18,8,26,Moderate,Mild,Severe
3,1,1,2,2,2,1,1,3,2,3,3,3,3,1,3,3,2,3,2,3,34,26,34,Extremely Severe,Extremely Severe,Extremely Severe
3,1,1,0,1,1,0,1,1,1,2,1,2,2,0,3,2,1,2,0,0,20,8,22,Moderate,Mild,Moderate
2,3,1,1,1,1,1,2,3,0,2,3,3,1,2,2,0,2,3,3,1,16,32,26,Moderate,Extremely Severe,Severe
1,0,1,2,0,1,0,2,2,2,2,2,0,2,1,1,0,2,0,1,0,8,12,24,Normal,Moderate,Moderate
1,1,1,0,3,1,0,1,3,2,2,2,2,2,1,1,3,1,1,2,2,28,16,20,Extremely Severe,Severe,Moderate
2,0,1,1,2,2,1,1,1,3,2,0,3,2,1,2,2,2,2,0,3,32,12,22,Extremely Severe,Moderate,Moderate
2,3,1,3,1,1,0,1,0,1,2,1,1,2,0,1,1,1,0,1,1,14,14,20,Moderate,Moderate,Moderate
0,1,0,0,0,1,0,0,1,0,1,0,0,1,0,0,0,1,0,0,0,0,4,8,Normal,Normal,Normal
1,0,2,1,2,1,0,1,0,1,1,0,2,1,0,1,0,1,0,0,0,16,2,12,Moderate,Normal,Normal
2,2,0,1,1,1,1,1,3,0,1,2,1,1,0,2,1,1,0,0,0,10,14,18,Mild,Moderate,Mild
1,0,2,2,1,1,0,0,3,3,2,2,2,1,0,2,1,1,0,2,2,26,14,16,Severe,Moderate,Mild
2,0,1,0,1,2,2,2,2,1,3,1,2,3,2,1,1,1,1,2,2,18,18,28,Moderate,Severe,Severe
0,3,0,2,0,1,2,1,1,0,1,1,0,1,0,0,0,1,3,1,0,0,24,12,Normal,Extremely Severe,Normal
1,1,0,0,1,1,0,1,0,0,1,0,0,1,0,0,0,1,0,1,0,2,4,12,Normal,Normal,Normal
2,3,2,2,2,2,1,3,1,3,1,3,2,1,1,2,3,3,0,1,3,34,18,30,Extremely Severe,Severe,Severe
2,3,2,1,2,2,1,3,1,2,3,2,2,3,0,2,3,2,2,3,2,30,22,34,Extremely Severe,Extremely Severe,Extremely Severe
1,2,1,2,1,1,2,1,1,1,1,1,1,2,0,1,1,1,1,1,1,14,18,16,Moderate,Severe,Mild
2,2,2,3,2,3,2,2,2,3,3,2,2,3,2,2,2,2,2,2,2,30,30,34,Extremely Severe,Extremely Severe,Extremely Severe
3,0,3,3,3,3,3,3,3,3,3,3,3,3,3,3,3,2,3,3,3,42,36,40,Extremely Severe,Extremely Severe,Extremely Severe
2,0,3,2,3,2,3,3,1,3,2,3,3,2,2,3,3,3,1,3,3,42,24,34,Extremely Severe,Extremely Severe,Extremely Severe
2,3,3,3,2,3,2,2,3,1,3,3,2,1,3,2,2,1,3,3,3,30,40,30,Extremely Severe,Extremely Severe,Severe
2,1,1,1,2,2,1,2,1,1,2,2,2,1,1,1,2,2,1,1,1,20,14,26,Moderate,Moderate,Severe
0,1,0,0,1,0,0,0,1,3,1,0,2,0,0,1,1,2,2,0,1,18,8,6,Moderate,Mild,Normal
1,0,2,3,1,2,0,2,1,1,3,3,3,2,2,0,2,0,0,3,3,24,18,26,Severe,Severe,Severe
2,0,1,0,2,0,1,0,0,2,2,0,2,3,1,2,0,0,0,0,1,20,4,14,Moderate,Normal,Normal
2,3,2,2,2,1,2,2,2,3,2,1,3,3,3,3,3,2,2,1,3,38,30,26,Extremely Severe,Extremely Severe,Severe
1,2,1,1,1,2,1,2,1,1,2,1,1,1,0,0,1,1,1,1,0,10,14,20,Mild,Moderate,Moderate
0,1,0,0,0,1,0,1,1,1,0,0,1,1,0,1,2,0,0,0,0,10,4,6,Mild,Normal,Normal
1,3,2,0,1,2,1,3,2,3,2,1,2,1,1,2,3,1,2,1,0,26,20,22,Severe,Extremely Severe,Moderate
2,3,1,2,1,3,0,2,3,0,3,2,3,3,3,1,1,3,0,1,0,14,24,36,Moderate,Extremely Severe,Extremely Severe
1,0,0,0,0,1,0,1,1,0,1,0,1,2,0,0,0,0,0,0,0,2,2,12,Normal,Normal,Normal
2,2,3,1,3,1,0,1,2,3,3,2,3,3,1,3,3,0,0,2,3,42,16,24,Extremely Severe,Severe,Moderate
1,0,0,0,0,1,1,1,1,0,1,0,2,1,0,2,1,1,1,1,0,10,8,12,Mild,Mild,Normal
1,0,3,1,3,2,1,2,3,3,1,2,3,2,1,2,3,1,0,3,3,40,18,22,Extremely Severe,Severe,Moderate
0,3,0,0,3,2,1,3,3,1,3,3,1,2,0,0,0,1,3,1,2,14,22,28,Moderate,Extremely Severe,Severe
1,1,1,0,0,0,0,0,0,1,1,1,0,0,0,1,1,0,0,0,0,8,2,6,Normal,Normal,Normal
2,2,2,3,2,2,2,2,2,2,2,3,3,3,2,3,3,3,2,2,3,36,30,34,Extremely Severe,Extremely Severe,Extremely Severe
3,2,3,2,3,1,3,2,2,3,2,2,3,3,1,2,3,2,0,1,3,40,22,30,Extremely Severe,Extremely Severe,Severe
1,0,0,2,3,1,2,1,2,1,2,2,1,1,0,1,1,1,1,2,1,16,18,18,Moderate,Severe,Mild
3,3,2,3,3,3,3,3,3,1,3,3,3,3,3,3,3,3,3,3,3,36,42,42,Extremely Severe,Extremely Severe,Extremely Severe
2,1,1,0,1,1,0,1,1,1,3,1,1,0,1,1,1,3,0,3,1,14,12,22,Moderate,Moderate,Moderate
1,0,3,0,3,3,0,3,0,3,1,0,1,0,0,3,3,0,0,0,0,32,0,16,Extremely Severe,Normal,Mild
1,1,0,1,0,1,0,1,1,0,1,1,1,0,0,1,0,1,0,0,0,4,6,12,Normal,Normal,Normal
1,0,1,1,1,0,0,1,2,0,1,1,1,1,0,2,1,0,2,0,0,12,10,10,Mild,Moderate,Normal
0,0,0,0,0,1,0,1,1,0,1,0,0,1,0,0,0,0,0,0,0,0,2,8,Normal,Normal,Normal
0,0,1,0,1,2,0,1,1,1,1,1,1,1,0,1,0,0,1,0,0,10,4,12,Mild,Normal,Normal
2,0,1,2,1,3,1,1,3,1,3,2,1,3,0,0,2,3,0,1,3,18,14,34,Moderate,Moderate,Extremely Severe
3,0,2,0,2,3,0,3,3,2,3,2,3,3,0,2,2,3,0,0,0,26,6,40,Severe,Normal,Extremely Severe
2,1,2,1,1,0,1,2,0,1,3,2,2,1,3,2,0,1,0,1,1,18,14,22,Moderate,Moderate,Moderate
1,1,2,1,2,1,1,1,1,3,1,1,1,1,1,2,2,1,0,0,0,24,10,14,Severe,Moderate,Normal
3,0,1,0,3,2,3,1,1,2,1,0,2,0,1,1,3,2,0,0,2,28,10,18,Extremely Severe,Moderate,Mild
3,2,3,2,3,3,0,1,2,3,3,1,3,2,2,3,3,1,0,3,3,42,22,28,Extremely Severe,Extremely Severe,Severe
0,0,0,0,0,0,0,0,1,0,0,0,0,1,0,0,0,0,0,0,0,0,2,2,Normal,Normal,Normal
2,2,0,3,2,1,1,2,3,3,1,1,2,1,0,2,3,1,3,3,2,28,30,18,Extremely Severe,Extremely Severe,Mild
2,1,0,0,2,1,1,1,2,2,1,2,2,1,1,0,2,3,0,0,1,18,10,22,Moderate,Moderate,Moderate
1,3,1,1,1,3,1,0,0,1,3,1,1,1,0,0,2,1,0,1,1,14,12,20,Moderate,Moderate,Moderate
1,0,0,0,0,1,0,1,1,0,1,1,1,3,0,0,0,2,0,1,0,2,4,20,Normal,Normal,Moderate
1,1,1,0,1,1,0,1,3,1,1,1,1,1,0,1,1,3,3,1,1,14,16,18,Moderate,Severe,Mild
3,3,1,2,3,3,3,3,3,1,3,3,3,2,3,3,3,3,3,3,1,30,40,40,Extremely Severe,Extremely Severe,Extremely Severe
2,2,2,2,3,1,3,2,2,3,0,2,3,0,2,3,3,1,2,2,3,40,30,16,Extremely Severe,Extremely Severe,Mild
0,0,1,0,1,0,0,0,0,2,0,0,2,0,0,1,1,0,0,0,1,18,0,0,Moderate,Normal,Normal
0,0,1,1,0,2,0,1,1,0,1,0,2,0,0,1,1,0,2,2,0,10,12,8,Mild,Moderate,Normal
1,0,1,0,1,1,0,0,0,1,1,1,1,1,0,1,1,1,0,0,1,14,0,12,Moderate,Normal,Normal
3,2,3,3,3,3,1,3,2,2,3,3,3,2,2,2,2,3,2,0,2,34,24,40,Extremely Severe,Extremely Severe,Extremely Severe
3,1,1,1,3,3,1,2,1,1,3,2,3,2,2,3,2,3,0,2,2,30,16,36,Extremely Severe,Severe,Extremely Severe
3,3,3,2,3,2,3,3,3,3,3,3,3,3,3,3,3,3,2,3,3,42,38,40,Extremely Severe,Extremely Severe,Extremely Severe
1,1,0,0,0,1,0,0,1,1,1,1,1,0,1,0,0,1,0,0,0,4,6,10,Normal,Normal,Normal
2,1,3,0,2,2,0,3,2,3,1,1,3,3,0,1,3,1,1,3,3,36,14,26,Extremely Severe,Moderate,Severe
1,0,1,1,1,1,0,0,1,0,3,3,1,1,1,1,1,1,0,3,1,12,12,20,Mild,Moderate,Moderate
2,2,2,2,3,3,1,3,3,3,3,3,3,3,2,2,3,3,3,2,3,38,30,40,Extremely Severe,Extremely Severe,Extremely Severe
1,0,2,1,1,1,1,0,0,2,3,3,1,1,2,3,1,1,0,2,1,22,12,20,Severe,Moderate,Moderate
0,1,2,0,1,3,0,2,3,2,3,3,3,0,2,0,3,1,0,0,2,26,12,24,Severe,Moderate,Moderate
0,1,0,0,0,0,0,1,0,1,1,1,1,1,0,1,1,0,0,1,1,10,4,8,Mild,Normal,Normal
3,2,1,2,2,3,1,2,2,2,2,1,1,1,0,2,0,2,0,3,0,16,20,28,Moderate,Extremely Severe,Severe
0,0,0,0,0,0,0,0,0,0,0,0,0,0,0,0,0,0,0,0,0,0,0,0,Normal,Normal,Normal
1,1,0,1,1,2,0,2,3,3,3,2,2,1,1,2,0,3,1,0,2,20,14,28,Moderate,Moderate,Severe
3,0,1,0,1,2,3,3,2,3,2,2,1,3,0,1,2,1,0,2,3,24,14,32,Severe,Moderate,Severe
2,0,1,1,2,2,1,2,3,2,2,1,2,1,1,2,2,1,0,3,1,24,18,22,Severe,Severe,Moderate
1,0,1,1,0,2,0,2,1,2,2,2,2,2,0,2,2,2,2,2,2,22,12,26,Severe,Moderate,Severe
1,0,0,1,1,1,0,1,2,0,0,2,1,0,0,1,0,0,0,0,0,6,6,10,Normal,Normal,Normal
1,0,2,0,2,1,0,3,1,3,0,1,2,2,1,0,1,1,0,1,2,24,6,18,Severe,Normal,Mild
3,2,1,1,1,3,2,0,2,0,3,1,1,1,1,0,1,2,1,0,0,8,18,26,Normal,Severe,Severe
2,2,2,0,1,2,0,3,2,0,1,3,1,2,0,1,3,3,0,1,2,20,10,32,Moderate,Moderate,Severe
3,2,1,0,2,1,1,2,3,1,2,2,2,1,1,1,1,2,3,3,1,18,26,26,Moderate,Extremely Severe,Severe
1,0,1,2,1,1,2,1,3,2,1,3,2,1,1,2,3,0,1,2,3,28,22,16,Extremely Severe,Extremely Severe,Mild
2,2,0,1,0,0,1,1,1,2,3,1,3,1,1,3,0,3,1,1,0,16,16,22,Moderate,Severe,Moderate
1,1,1,1,3,0,0,2,0,3,0,0,2,1,1,3,1,1,0,0,0,26,6,10,Severe,Normal,Normal
3,0,1,0,3,3,0,3,3,3,3,2,3,3,0,3,3,3,0,2,1,34,10,40,Extremely Severe,Moderate,Extremely Severe
2,1,1,0,3,1,0,0,3,3,2,0,2,3,0,2,2,3,0,1,2,30,10,22,Extremely Severe,Moderate,Moderate
0,0,0,1,0,0,0,0,0,0,0,0,0,1,0,0,0,0,0,1,0,0,4,2,Normal,Normal,Normal
1,0,1,2,1,1,1,1,1,1,2,1,1,1,2,2,1,1,1,1,1,16,16,16,Moderate,Severe,Mild
0,0,1,0,3,0,0,1,3,2,0,1,1,0,0,2,2,1,3,2,2,26,16,6,Severe,Severe,Normal
0,0,2,0,1,1,0,1,0,0,3,0,0,1,0,0,2,0,0,1,1,12,2,12,Mild,Normal,Normal
1,1,0,1,1,2,1,0,2,2,3,1,3,0,0,3,3,2,0,0,3,30,10,18,Extremely Severe,Moderate,Mild
2,0,1,0,1,0,0,0,1,3,2,0,1,1,0,1,2,0,0,2,1,20,6,10,Moderate,Normal,Normal
3,3,3,3,3,3,3,1,3,2,3,2,3,1,2,2,3,0,3,3,3,38,40,26,Extremely Severe,Extremely Severe,Severe
0,0,0,0,0,0,0,0,0,0,0,0,0,0,0,0,0,0,0,0,0,0,0,0,Normal,Normal,Normal
1,0,1,0,1,0,1,0,1,0,1,0,1,2,0,1,1,0,1,0,0,10,6,8,Mild,Normal,Normal
1,1,1,0,0,2,0,0,1,1,2,1,1,1,0,1,1,0,2,1,2,14,10,14,Moderate,Moderate,Normal
2,1,2,0,1,0,0,2,0,1,2,2,2,1,1,2,2,1,1,1,2,24,8,20,Severe,Mild,Moderate
1,0,2,1,3,3,0,3,0,3,3,2,3,0,1,3,2,2,0,2,3,38,8,28,Extremely Severe,Mild,Severe
2,0,0,0,0,1,0,0,1,1,2,0,1,2,0,1,0,0,0,0,1,8,2,14,Normal,Normal,Normal
3,2,1,2,2,2,3,2,1,2,3,0,2,3,2,2,3,3,2,0,2,28,24,32,Extremely Severe,Extremely Severe,Severe
0,1,0,1,1,1,0,0,1,0,2,0,1,1,0,1,0,1,0,1,0,6,8,10,Normal,Mild,Normal
3,3,2,2,3,3,3,3,3,3,3,3,3,3,3,3,3,0,3,3,3,40,40,36,Extremely Severe,Extremely Severe,Extremely Severe
2,1,1,1,2,3,2,2,1,1,2,0,1,2,1,2,2,2,3,2,1,20,22,26,Moderate,Extremely Severe,Severe
1,0,0,1,3,2,0,2,1,0,2,2,1,0,1,2,0,1,2,1,0,12,12,20,Mild,Moderate,Moderate
1,0,0,1,1,3,0,1,3,0,1,3,1,3,0,1,1,0,0,0,1,10,8,24,Mild,Mild,Moderate
1,0,0,0,0,1,0,0,1,0,1,0,1,1,0,0,0,0,0,0,0,2,2,8,Normal,Normal,Normal
1,2,1,0,2,2,2,2,2,3,2,2,3,2,1,3,2,2,2,2,2,32,22,26,Extremely Severe,Extremely Severe,Severe
2,2,1,0,1,0,2,2,3,2,2,2,1,1,0,2,1,2,2,0,1,18,18,22,Moderate,Severe,Moderate
1,3,1,3,1,3,1,2,2,0,3,1,1,1,1,1,0,3,1,1,0,8,24,28,Normal,Extremely Severe,Severe
1,0,0,0,1,0,0,1,1,0,1,0,2,0,0,0,0,1,0,0,0,6,2,8,Normal,Normal,Normal
1,1,1,0,0,0,0,0,0,3,3,0,3,2,0,3,3,3,0,0,3,32,2,18,Extremely Severe,Normal,Mild
3,0,3,0,3,3,0,2,1,2,3,1,3,3,1,3,3,3,0,1,2,38,6,36,Extremely Severe,Normal,Extremely Severe
3,2,1,2,0,3,3,1,2,1,3,2,2,3,3,1,3,3,2,1,2,20,30,36,Moderate,Extremely Severe,Extremely Severe
1,0,2,2,1,2,2,2,3,1,1,2,1,2,2,1,2,2,1,3,1,18,26,24,Moderate,Extremely Severe,Moderate
2,3,1,1,2,1,1,2,3,1,3,1,1,3,1,1,1,1,0,0,1,16,18,26,Moderate,Severe,Severe
0,1,1,0,2,0,0,3,1,2,0,1,2,0,0,1,2,0,0,0,1,22,4,8,Severe,Normal,Normal
2,3,3,3,3,3,3,3,3,3,3,3,3,3,3,3,3,3,3,3,3,42,42,40,Extremely Severe,Extremely Severe,Extremely Severe
1,0,2,0,1,0,2,1,3,1,0,1,0,2,0,1,3,2,0,1,1,18,12,14,Moderate,Moderate,Normal
1,2,0,1,1,2,1,0,2,0,0,1,0,1,0,0,0,1,1,0,0,2,14,12,Normal,Moderate,Normal
1,0,1,1,0,1,0,0,1,1,0,0,1,1,0,2,1,1,0,0,2,16,4,8,Moderate,Normal,Normal
0,0,0,0,0,1,0,0,0,0,0,0,0,1,0,0,0,1,1,0,0,0,2,6,Normal,Normal,Normal
1,2,1,0,0,0,1,1,2,1,1,1,1,1,0,1,2,2,0,1,0,12,12,14,Mild,Moderate,Normal
2,1,1,1,1,3,1,1,1,1,2,2,1,0,0,1,1,2,0,2,2,16,12,24,Moderate,Moderate,Moderate
1,2,2,1,3,1,1,1,1,2,2,1,2,1,2,2,3,3,0,3,3,34,20,20,Extremely Severe,Extremely Severe,Moderate
1,2,1,0,1,1,1,1,2,1,1,1,1,3,1,1,1,2,1,1,1,14,16,20,Moderate,Severe,Moderate
2,1,0,1,1,3,2,2,2,2,3,2,1,1,1,3,3,3,1,1,2,24,18,32,Severe,Severe,Severe
0,0,0,0,0,1,0,1,1,1,1,1,1,1,0,1,1,0,0,1,0,8,4,10,Normal,Normal,Normal
1,0,1,0,0,2,0,1,2,1,2,1,0,2,0,0,1,1,0,1,1,8,6,20,Normal,Normal,Moderate
1,0,0,0,0,2,0,1,1,0,2,1,1,0,1,0,0,3,1,1,1,4,8,20,Normal,Mild,Moderate
2,0,2,1,2,2,1,2,3,2,3,2,2,3,2,2,1,2,1,3,2,26,22,32,Severe,Extremely Severe,Severe
2,3,2,2,3,1,0,1,2,3,2,0,2,1,2,2,3,1,1,2,2,34,24,16,Extremely Severe,Extremely Severe,Mild
0,0,1,1,2,0,1,0,1,0,2,0,1,0,0,1,0,0,0,1,0,10,8,4,Mild,Mild,Normal
3,2,3,2,3,3,2,3,3,3,3,3,3,3,3,3,3,3,1,3,3,42,32,42,Extremely Severe,Extremely Severe,Extremely Severe
3,3,2,2,3,3,3,2,3,3,3,3,3,3,1,1,3,3,3,2,3,36,34,40,Extremely Severe,Extremely Severe,Extremely Severe
2,3,2,0,3,3,1,3,0,2,2,1,3,3,0,2,0,0,0,1,1,26,10,28,Severe,Moderate,Severe
2,0,1,2,2,3,0,2,3,1,2,1,1,2,0,1,2,2,1,1,3,22,14,28,Severe,Moderate,Severe
3,0,1,2,3,3,1,2,1,1,2,2,3,2,1,2,2,2,0,2,1,26,14,32,Severe,Moderate,Severe
3,1,3,3,3,2,1,2,3,2,1,1,3,2,2,3,3,2,2,3,3,40,30,26,Extremely Severe,Extremely Severe,Severe
1,3,1,0,1,3,0,1,3,3,3,3,2,3,0,3,3,3,0,3,1,28,18,34,Extremely Severe,Severe,Extremely Severe
2,1,1,1,1,2,1,1,2,1,2,2,2,2,0,1,1,2,2,3,1,16,20,26,Moderate,Extremely Severe,Severe
3,1,3,1,3,3,1,1,3,3,2,3,1,3,3,3,3,1,1,3,3,38,26,32,Extremely Severe,Extremely Severe,Severe
0,1,1,0,0,1,0,0,1,3,1,1,1,1,0,1,2,2,0,0,1,18,4,12,Moderate,Normal,Normal
0,2,1,1,1,0,0,1,1,0,1,1,0,1,0,2,0,0,0,2,0,8,12,8,Normal,Moderate,Normal
1,0,1,1,0,1,0,1,1,0,1,0,1,1,1,1,0,1,0,0,0,6,6,12,Normal,Normal,Normal
0,3,2,1,2,1,0,2,0,1,1,2,1,3,3,2,0,3,2,1,1,18,20,24,Moderate,Extremely Severe,Moderate
0,0,0,0,0,2,0,0,0,0,0,0,2,0,0,0,0,2,0,1,0,4,2,8,Normal,Normal,Normal
2,2,1,1,1,2,1,2,1,1,2,1,1,2,0,1,2,1,1,2,1,16,16,24,Moderate,Severe,Moderate
1,0,2,0,2,1,0,2,2,0,1,0,3,0,0,2,2,1,0,0,2,26,4,12,Severe,Normal,Normal
3,2,2,1,1,1,0,1,1,2,1,2,2,1,1,1,1,2,0,2,1,20,14,22,Moderate,Moderate,Moderate
1,2,0,0,1,1,1,0,0,0,1,0,1,1,0,0,0,1,0,1,0,4,8,10,Normal,Mild,Normal
0,3,3,2,3,0,0,3,0,3,0,0,3,3,2,3,3,0,0,0,3,42,14,12,Extremely Severe,Moderate,Normal
1,2,0,0,1,0,0,0,1,0,1,1,1,3,0,1,2,1,3,1,1,12,14,14,Mild,Moderate,Normal
1,0,0,0,0,3,0,1,0,3,1,0,1,3,0,1,1,2,0,0,1,14,0,22,Moderate,Normal,Moderate
3,2,1,2,3,3,1,3,2,1,3,3,1,3,1,1,0,3,3,2,0,14,26,42,Moderate,Extremely Severe,Extremely Severe
3,0,3,1,2,3,1,3,2,3,3,3,3,1,1,3,3,3,3,1,3,40,18,38,Extremely Severe,Severe,Extremely Severe
2,2,1,0,1,2,1,0,1,2,2,0,2,0,0,2,1,1,0,1,1,20,10,14,Moderate,Moderate,Normal
3,3,1,0,3,0,0,0,0,0,1,0,1,1,0,1,1,3,0,0,1,16,6,16,Moderate,Normal,Mild
1,0,2,0,2,0,0,0,0,2,1,0,3,1,0,1,3,1,0,0,1,28,0,8,Extremely Severe,Normal,Normal
3,2,3,2,2,3,2,3,2,3,3,2,2,3,2,3,1,3,2,2,2,32,28,40,Extremely Severe,Extremely Severe,Extremely Severe
3,0,2,0,3,3,0,1,3,1,3,1,3,2,0,2,3,2,2,1,3,34,12,30,Extremely Severe,Moderate,Severe
1,2,1,2,1,2,0,1,1,2,1,2,1,2,1,1,1,1,2,0,0,14,16,20,Moderate,Severe,Moderate
1,1,1,0,3,0,0,1,0,1,1,0,3,0,0,0,0,1,0,0,0,16,2,8,Moderate,Normal,Normal
1,3,3,1,3,3,1,1,2,1,3,2,2,2,0,3,3,1,3,1,1,32,22,26,Extremely Severe,Extremely Severe,Severe
2,0,1,0,2,2,0,1,0,1,2,1,2,2,0,0,2,1,0,0,1,18,0,22,Moderate,Normal,Moderate
1,0,1,0,1,1,1,1,2,2,2,1,1,0,0,1,2,0,0,1,3,22,8,12,Severe,Mild,Normal
1,0,1,0,1,2,0,1,1,0,2,1,2,3,1,1,1,2,1,0,0,12,6,24,Mild,Normal,Moderate
2,3,2,3,2,1,1,3,3,1,3,3,2,3,2,3,2,2,3,3,0,24,36,34,Severe,Extremely Severe,Extremely Severe
1,2,1,1,2,1,2,1,2,0,2,1,2,1,2,1,1,2,1,1,1,16,22,18,Moderate,Extremely Severe,Mild
0,1,1,1,0,1,0,1,1,0,1,2,1,1,2,3,1,2,0,0,1,14,10,16,Moderate,Moderate,Mild
1,0,0,0,1,1,0,0,1,1,1,0,1,0,1,0,1,2,0,1,0,8,6,10,Normal,Normal,Normal
2,0,3,3,0,2,0,2,3,3,1,1,3,3,3,1,3,2,3,3,1,28,30,26,Extremely Severe,Extremely Severe,Severe
2,2,3,1,3,3,3,2,3,3,3,3,3,2,3,3,2,2,3,1,3,40,32,34,Extremely Severe,Extremely Severe,Extremely Severe
3,2,2,0,2,1,1,2,2,3,2,2,1,0,1,3,2,1,0,0,2,30,12,22,Extremely Severe,Moderate,Moderate
0,1,0,0,0,0,0,1,0,1,1,0,0,0,0,1,1,0,0,0,0,6,2,4,Normal,Normal,Normal
1,0,1,0,3,0,0,2,2,1,0,0,1,1,0,1,1,1,0,0,0,16,4,10,Moderate,Normal,Normal
2,0,0,1,2,1,0,1,1,0,2,1,2,1,0,0,2,1,0,1,1,14,6,18,Moderate,Normal,Mild
2,1,1,1,2,2,1,1,1,1,2,0,2,1,1,2,2,1,1,1,2,24,14,18,Severe,Moderate,Mild
1,0,0,3,2,0,0,1,2,1,1,2,2,2,1,1,0,1,0,1,1,14,14,16,Moderate,Moderate,Mild
1,2,1,0,0,1,1,2,1,1,1,1,1,1,0,1,1,1,1,2,0,10,14,16,Mild,Moderate,Mild
3,3,3,3,3,3,3,3,3,3,3,3,3,3,3,3,3,3,3,3,3,42,42,42,Extremely Severe,Extremely Severe,Extremely Severe
0,0,0,0,1,1,0,3,1,0,0,1,1,2,0,0,1,1,0,0,0,6,2,16,Normal,Normal,Mild
3,2,1,1,1,3,3,3,3,2,3,3,3,3,1,1,2,3,2,3,1,22,30,42,Severe,Extremely Severe,Extremely Severe
2,2,0,0,1,1,0,1,2,1,1,2,1,2,1,1,0,0,0,1,0,8,12,18,Normal,Moderate,Mild
2,2,1,3,1,1,3,0,1,3,1,3,1,0,2,1,2,1,1,1,2,22,26,16,Severe,Extremely Severe,Mild
3,2,3,3,3,2,0,3,2,1,3,1,3,3,2,3,3,1,3,3,3,38,30,32,Extremely Severe,Extremely Severe,Severe
0,0,0,0,0,0,0,0,1,0,0,0,0,0,0,0,0,0,1,0,0,0,4,0,Normal,Normal,Normal
1,0,1,0,1,0,0,0,0,0,1,0,1,0,0,0,1,1,1,0,0,8,2,6,Normal,Normal,Normal
1,2,1,1,2,3,1,0,1,2,3,1,2,2,2,1,3,0,0,1,1,24,16,20,Severe,Severe,Moderate
2,2,3,1,1,1,1,1,3,3,3,0,3,2,3,2,3,3,0,1,3,36,22,24,Extremely Severe,Extremely Severe,Moderate
3,1,1,1,3,2,0,1,0,2,2,1,2,0,0,3,0,2,0,0,3,28,4,22,Extremely Severe,Normal,Moderate
1,1,1,0,2,0,0,1,0,1,1,0,0,0,1,1,1,1,1,0,0,12,6,8,Mild,Normal,Normal
2,0,1,0,0,0,0,0,1,1,1,0,1,0,0,1,1,1,0,0,1,12,2,8,Mild,Normal,Normal
3,3,2,2,2,3,2,1,2,3,1,2,3,2,2,1,3,2,2,2,3,34,30,28,Extremely Severe,Extremely Severe,Severe
1,0,0,0,1,1,1,1,3,1,1,1,0,2,1,0,0,0,1,1,0,4,14,14,Normal,Moderate,Normal
2,2,3,0,2,0,0,2,0,2,0,0,3,0,0,2,2,0,0,1,2,32,6,8,Extremely Severe,Normal,Normal
3,0,0,0,0,3,0,1,3,3,3,3,3,1,0,0,3,0,1,0,2,22,8,28,Severe,Mild,Severe
2,2,1,3,1,3,1,3,1,1,2,3,2,0,1,2,2,2,1,2,2,22,22,30,Severe,Extremely Severe,Severe
1,0,0,0,1,0,0,1,0,1,2,2,2,1,0,1,2,2,1,1,1,16,4,18,Moderate,Normal,Mild
1,2,1,1,1,2,1,1,2,1,1,1,1,1,1,1,1,1,1,1,1,14,18,16,Moderate,Severe,Mild
2,3,2,2,3,2,3,3,3,2,3,3,3,3,2,2,3,3,3,3,2,34,38,38,Extremely Severe,Extremely Severe,Extremely Severe
2,3,1,1,2,1,1,2,2,2,3,2,2,1,2,1,0,3,1,1,1,18,22,28,Moderate,Extremely Severe,Severe
1,0,3,0,3,0,1,0,1,3,1,1,3,0,1,3,3,1,2,2,3,42,14,8,Extremely Severe,Moderate,Normal
0,0,1,0,3,2,0,3,2,0,3,2,3,3,0,1,1,3,0,1,1,20,6,32,Moderate,Normal,Severe
3,1,3,1,2,2,0,3,3,2,3,3,3,3,2,0,3,2,2,3,3,32,24,38,Extremely Severe,Extremely Severe,Extremely Severe
1,2,1,0,2,3,1,1,1,2,3,3,2,0,0,1,2,0,2,2,1,22,16,22,Severe,Severe,Moderate
1,0,0,1,3,2,2,2,3,2,1,3,3,1,0,1,2,3,0,0,2,26,12,26,Severe,Moderate,Severe
1,2,0,2,0,1,0,2,0,0,1,1,1,1,1,2,2,2,0,1,0,10,12,18,Mild,Moderate,Mild
3,3,2,3,3,3,1,3,3,3,3,3,3,2,1,3,3,3,2,3,3,40,32,40,Extremely Severe,Extremely Severe,Extremely Severe
2,3,0,1,3,2,0,1,3,3,3,0,2,3,1,2,3,3,0,3,1,28,22,28,Extremely Severe,Extremely Severe,Severe
3,3,2,0,3,3,3,3,2,2,3,1,3,3,0,3,3,3,1,3,2,36,24,38,Extremely Severe,Extremely Severe,Extremely Severe
2,0,2,1,2,2,0,1,2,2,1,1,1,2,2,2,2,2,0,2,2,26,14,22,Severe,Moderate,Moderate
1,0,1,0,0,1,0,1,2,0,0,0,0,3,0,0,0,1,0,1,0,2,6,14,Normal,Normal,Normal
1,1,1,1,1,1,1,1,1,1,1,1,1,1,1,1,1,1,1,1,1,14,14,14,Moderate,Moderate,Normal
3,0,1,0,2,1,1,1,3,1,3,3,2,2,0,2,1,3,0,1,0,18,10,32,Moderate,Moderate,Severe
0,1,0,0,0,1,0,0,3,2,1,1,1,1,0,0,1,1,1,0,0,8,10,10,Normal,Moderate,Normal
2,0,0,1,2,0,0,1,3,0,2,1,1,1,0,1,1,0,1,0,0,10,10,14,Mild,Moderate,Normal
2,3,3,2,3,3,2,1,3,2,2,1,2,2,2,2,3,2,3,2,2,34,34,26,Extremely Severe,Extremely Severe,Severe
3,0,1,0,0,1,3,0,3,1,3,2,2,2,0,1,1,2,1,0,0,12,14,26,Mild,Moderate,Severe
3,2,1,1,3,0,0,1,2,3,3,3,2,1,1,1,3,3,3,2,1,28,22,28,Extremely Severe,Extremely Severe,Severe
2,1,2,0,2,3,0,3,1,0,3,1,3,2,1,1,1,3,0,0,1,20,6,34,Moderate,Normal,Extremely Severe
3,1,2,2,2,3,3,1,2,1,3,3,3,3,2,2,3,3,3,3,2,30,32,38,Extremely Severe,Extremely Severe,Extremely Severe
2,3,2,0,3,1,0,0,3,3,3,0,0,2,0,3,2,1,1,3,1,28,20,18,Extremely Severe,Extremely Severe,Mild
0,0,0,0,0,2,3,0,3,1,0,2,1,0,0,0,1,1,1,3,1,8,20,10,Normal,Extremely Severe,Normal
1,1,1,1,2,1,1,1,1,1,1,1,2,3,0,0,2,0,2,0,1,18,12,16,Moderate,Moderate,Mild
3,2,1,0,3,3,2,2,3,3,3,1,3,3,3,3,3,3,1,3,3,38,28,36,Extremely Severe,Extremely Severe,Extremely Severe
1,1,0,0,0,1,0,1,1,0,1,0,1,1,0,0,0,1,1,1,0,2,8,12,Normal,Mild,Normal
1,0,0,0,0,1,0,1,0,0,1,1,1,1,0,1,0,1,0,0,0,4,0,14,Normal,Normal,Normal
1,0,0,0,0,1,0,0,1,0,0,0,0,0,0,0,0,1,0,0,0,0,2,6,Normal,Normal,Normal
1,1,0,0,0,1,0,0,0,0,1,0,0,1,0,1,0,0,0,0,0,2,2,8,Normal,Normal,Normal
0,1,0,0,0,0,0,0,0,0,1,0,1,0,0,0,0,0,1,0,1,4,4,2,Normal,Normal,Normal
3,2,1,1,1,3,2,0,3,1,3,3,1,2,0,1,3,3,0,1,1,18,18,34,Moderate,Severe,Extremely Severe
1,3,2,1,3,3,1,3,2,1,2,3,3,3,1,3,2,3,2,2,1,30,24,36,Extremely Severe,Extremely Severe,Extremely Severe
1,3,1,2,0,0,2,2,1,1,1,2,2,3,1,1,1,2,3,1,1,14,26,22,Moderate,Extremely Severe,Moderate
3,1,2,0,3,1,1,0,2,3,3,1,3,0,0,3,3,3,0,0,0,34,8,22,Extremely Severe,Mild,Moderate
1,1,0,1,0,1,0,1,3,0,2,1,2,1,0,3,0,1,0,1,0,10,12,16,Mild,Moderate,Mild
3,1,3,3,3,3,1,3,3,3,1,3,3,2,0,3,1,3,0,3,3,38,22,36,Extremely Severe,Extremely Severe,Extremely Severe
1,3,1,1,1,2,0,2,1,2,1,1,2,0,1,1,1,2,0,1,2,20,14,18,Moderate,Moderate,Mild
1,0,0,1,1,2,1,1,1,0,1,1,1,2,1,0,2,2,2,1,1,10,14,20,Mild,Moderate,Moderate
1,1,0,1,1,1,1,1,1,1,1,1,1,1,0,1,1,1,3,2,0,10,18,14,Mild,Severe,Normal
2,2,3,2,3,1,2,1,2,2,3,1,2,1,2,3,3,1,1,2,3,38,26,20,Extremely Severe,Extremely Severe,Moderate
1,0,1,0,3,3,0,1,0,3,3,1,3,0,0,2,3,3,0,0,3,36,0,24,Extremely Severe,Normal,Moderate
2,1,3,2,2,1,1,1,2,2,2,2,2,2,1,1,3,2,1,2,2,30,20,24,Extremely Severe,Extremely Severe,Moderate
0,0,0,1,0,0,0,0,1,0,0,0,1,0,0,0,0,1,0,0,0,2,4,2,Normal,Normal,Normal
3,3,1,2,3,1,1,2,3,3,2,2,3,3,2,2,2,2,3,0,3,34,28,30,Extremely Severe,Extremely Severe,Severe
0,1,0,0,1,1,0,0,0,0,0,0,0,0,0,0,0,1,0,1,0,2,4,4,Normal,Normal,Normal
0,0,0,1,1,1,1,1,0,0,1,1,1,1,0,1,0,1,1,1,0,6,8,12,Normal,Mild,Normal
3,1,3,1,3,3,3,3,0,3,3,2,3,0,1,3,3,3,1,2,3,42,18,34,Extremely Severe,Severe,Extremely Severe
1,3,1,3,0,2,1,1,0,0,2,1,2,3,0,1,3,3,3,0,1,16,20,26,Moderate,Extremely Severe,Severe
1,1,1,1,0,1,2,1,2,0,1,0,2,1,2,1,1,0,0,1,0,10,18,10,Mild,Severe,Normal
1,0,2,0,2,2,1,2,2,2,1,0,2,2,0,2,3,1,0,1,3,32,8,18,Extremely Severe,Mild,Mild
1,1,0,1,0,1,0,1,1,1,1,1,1,2,1,0,2,1,0,1,1,10,10,16,Mild,Moderate,Mild
1,0,2,0,1,2,0,2,0,3,1,0,3,2,0,1,3,0,0,0,3,32,0,16,Extremely Severe,Normal,Mild
2,1,2,2,2,2,1,2,2,3,3,1,3,3,2,3,3,1,3,3,2,36,28,28,Extremely Severe,Extremely Severe,Severe
2,2,3,1,3,2,1,3,3,3,2,2,3,2,3,3,2,1,0,1,2,38,22,28,Extremely Severe,Extremely Severe,Severe
1,0,0,0,0,0,0,0,0,1,2,0,1,1,0,0,0,0,0,0,0,4,0,8,Normal,Normal,Normal
1,3,0,0,0,0,0,1,0,0,1,0,0,1,0,0,0,2,0,0,0,0,6,12,Normal,Normal,Normal
1,1,1,0,3,1,0,2,3,1,2,2,2,1,1,1,1,2,1,1,1,20,14,22,Moderate,Moderate,Moderate
1,3,1,2,3,2,3,2,2,0,1,2,2,2,2,1,1,2,2,2,1,18,32,24,Moderate,Extremely Severe,Moderate
2,3,0,1,3,3,0,0,0,3,3,3,2,2,2,3,2,3,1,2,2,30,18,32,Extremely Severe,Severe,Severe
0,0,0,0,0,0,0,0,0,0,0,0,0,0,0,0,0,2,0,0,0,0,0,4,Normal,Normal,Normal
1,0,3,1,3,1,0,3,2,3,1,0,3,3,0,3,3,1,1,1,3,42,10,20,Extremely Severe,Moderate,Moderate
1,0,0,0,0,1,1,0,1,1,1,1,1,1,1,0,1,1,0,1,1,8,8,12,Normal,Mild,Normal
0,1,0,0,0,0,0,0,0,0,0,1,0,0,0,0,0,0,0,0,0,0,2,2,Normal,Normal,Normal
0,0,0,0,0,0,0,0,0,0,0,0,0,0,0,0,0,0,0,0,0,0,0,0,Normal,Normal,Normal
2,1,2,0,2,0,1,1,0,1,1,1,3,1,1,1,2,0,1,1,2,26,10,12,Severe,Moderate,Normal
2,2,1,1,1,1,1,1,1,3,2,2,3,2,2,3,3,2,1,3,2,32,22,24,Extremely Severe,Extremely Severe,Moderate
0,0,1,0,2,0,1,1,2,2,1,1,1,1,0,2,1,0,0,0,2,22,6,8,Severe,Normal,Normal
2,1,1,1,2,2,1,2,2,1,2,2,2,3,1,1,2,2,1,2,2,22,18,30,Severe,Severe,Severe
0,3,1,3,2,1,2,2,2,1,1,2,3,0,2,2,3,3,2,2,3,30,32,18,Extremely Severe,Extremely Severe,Mild
1,2,1,3,2,2,2,1,2,1,1,1,1,3,1,1,2,2,1,3,2,20,28,22,Moderate,Extremely Severe,Moderate
2,2,0,0,0,0,0,2,1,2,2,1,1,0,0,0,2,1,0,1,1,12,8,16,Mild,Mild,Mild
2,1,2,1,3,2,1,2,3,3,2,1,1,3,1,3,3,3,0,0,0,30,14,30,Extremely Severe,Moderate,Severe
3,1,2,3,3,3,2,3,3,2,2,3,2,2,2,2,3,3,3,3,2,32,34,38,Extremely Severe,Extremely Severe,Extremely Severe
2,3,1,2,1,1,1,1,2,0,1,2,1,3,3,1,2,2,2,1,0,12,28,24,Mild,Extremely Severe,Moderate
0,3,1,1,1,0,1,1,1,1,0,1,1,2,1,1,2,0,1,0,1,16,16,8,Moderate,Severe,Normal
3,0,0,0,2,1,1,1,2,0,3,2,0,2,0,0,0,2,0,2,0,4,10,28,Normal,Moderate,Severe
2,1,2,1,1,1,1,1,1,1,1,1,2,3,0,2,2,1,1,0,1,22,10,20,Severe,Moderate,Moderate
3,3,0,2,3,2,1,1,3,1,3,2,3,3,1,2,2,3,2,2,1,24,28,34,Severe,Extremely Severe,Extremely Severe
0,0,3,0,3,1,1,2,1,3,0,1,3,0,3,3,3,0,0,1,3,42,12,8,Extremely Severe,Moderate,Normal
2,0,2,3,3,2,0,2,2,1,2,3,2,3,0,2,3,2,2,0,3,32,14,32,Extremely Severe,Moderate,Severe
2,2,1,3,1,1,3,2,2,0,2,1,1,0,1,0,1,1,3,2,0,8,32,18,Normal,Extremely Severe,Mild
1,1,0,0,1,0,0,0,0,0,0,0,0,1,0,0,0,1,0,0,0,2,2,6,Normal,Normal,Normal
1,1,1,1,1,3,1,1,2,1,1,1,2,1,1,1,2,2,0,0,1,18,12,20,Moderate,Moderate,Moderate
3,2,3,3,3,3,0,3,3,3,3,3,3,3,0,2,3,3,1,3,3,40,24,42,Extremely Severe,Extremely Severe,Extremely Severe
1,2,3,0,2,1,3,3,3,3,1,2,3,3,1,3,3,1,1,3,3,40,26,24,Extremely Severe,Extremely Severe,Moderate
1,2,1,3,2,3,3,2,3,3,2,2,3,0,1,1,3,1,3,3,3,32,36,22,Extremely Severe,Extremely Severe,Moderate
3,2,1,2,1,2,2,3,2,2,3,3,3,3,1,1,3,1,2,3,3,28,28,36,Extremely Severe,Extremely Severe,Extremely Severe
3,2,2,3,3,3,3,3,3,3,3,3,3,3,3,2,3,3,3,3,0,32,40,42,Extremely Severe,Extremely Severe,Extremely Severe
3,1,3,2,3,2,3,2,3,3,3,3,3,2,3,3,3,0,0,2,3,42,28,30,Extremely Severe,Extremely Severe,Severe
1,1,0,1,1,2,1,1,2,1,2,2,1,2,1,1,2,2,2,2,2,16,20,24,Moderate,Extremely Severe,Moderate
1,1,1,2,0,1,0,1,2,1,2,2,1,2,0,2,0,1,0,1,0,10,12,20,Mild,Moderate,Moderate
1,0,0,0,0,2,0,0,3,1,1,0,3,1,0,0,3,3,0,1,0,14,8,16,Moderate,Mild,Mild
3,1,3,2,3,3,1,2,1,3,3,3,3,2,3,3,2,0,0,0,3,40,16,32,Extremely Severe,Severe,Severe
2,0,1,2,1,3,1,2,3,1,2,2,2,2,0,1,2,1,0,2,3,22,16,28,Severe,Severe,Severe
1,1,0,0,3,2,0,2,0,1,2,1,3,3,1,2,2,1,0,0,0,22,4,24,Severe,Normal,Moderate
2,1,2,1,3,2,3,2,3,3,2,3,2,2,2,3,1,1,2,2,2,32,28,28,Extremely Severe,Extremely Severe,Severe
1,2,2,0,1,0,0,2,0,0,1,0,2,2,0,1,0,2,1,0,0,12,6,16,Mild,Normal,Mild
1,3,3,0,2,3,3,1,1,3,3,3,3,2,0,3,3,2,3,0,3,40,20,30,Extremely Severe,Extremely Severe,Severe
3,0,1,0,3,3,2,3,2,1,3,0,3,3,1,1,3,2,2,1,1,26,16,34,Severe,Severe,Extremely Severe
0,3,3,3,3,1,0,0,3,3,0,2,2,3,0,3,2,0,2,2,1,34,26,12,Extremely Severe,Extremely Severe,Normal
2,2,0,2,3,3,0,1,0,0,3,1,0,2,0,0,2,2,0,1,0,10,10,28,Mild,Moderate,Severe
3,3,1,2,3,2,3,1,3,0,3,0,3,2,1,2,2,1,1,3,2,26,32,24,Severe,Extremely Severe,Moderate
3,0,3,1,3,3,2,3,3,3,3,3,3,2,3,3,3,3,0,2,3,42,22,40,Extremely Severe,Extremely Severe,Extremely Severe
3,1,3,2,3,2,0,2,0,1,3,3,3,1,0,1,3,2,1,0,2,32,8,32,Extremely Severe,Mild,Severe
3,1,2,2,2,2,3,3,3,3,3,2,3,1,3,3,3,3,2,3,3,38,34,34,Extremely Severe,Extremely Severe,Extremely Severe
0,0,3,1,3,0,0,3,3,3,1,1,3,0,0,3,3,1,1,0,3,42,10,12,Extremely Severe,Moderate,Normal
0,1,3,0,2,0,2,2,1,3,0,1,3,2,2,3,2,1,3,0,2,36,18,12,Extremely Severe,Severe,Normal
2,1,1,0,3,1,0,3,0,0,1,2,2,1,0,3,0,1,0,0,0,18,2,22,Moderate,Normal,Moderate
3,1,1,1,3,3,1,2,2,1,3,3,1,2,2,1,1,3,3,1,1,18,22,38,Moderate,Extremely Severe,Extremely Severe
3,2,3,1,3,2,1,2,1,3,1,3,3,0,1,3,3,3,1,2,3,42,18,28,Extremely Severe,Severe,Severe
3,0,1,1,2,3,1,1,2,1,3,1,3,2,2,2,3,3,1,1,3,30,16,32,Extremely Severe,Severe,Severe
1,3,1,2,2,0,3,3,3,0,1,1,1,2,1,1,3,2,0,2,2,20,28,20,Moderate,Extremely Severe,Moderate
0,0,0,0,2,0,0,0,0,0,0,1,1,0,0,2,2,1,0,0,0,14,0,4,Moderate,Normal,Normal
1,0,1,0,2,1,0,1,0,1,1,0,1,1,0,1,2,1,0,0,1,18,0,12,Moderate,Normal,Normal
3,1,2,0,2,3,1,2,2,1,3,1,3,3,1,2,3,3,0,3,2,30,16,36,Extremely Severe,Severe,Extremely Severe
3,3,3,3,3,3,2,3,3,3,3,3,3,3,1,3,3,2,3,2,3,42,34,40,Extremely Severe,Extremely Severe,Extremely Severe
2,0,2,0,0,2,1,3,3,0,1,0,1,1,0,0,0,2,0,0,0,6,8,22,Normal,Mild,Moderate
0,3,0,0,0,0,0,2,3,0,0,1,1,1,1,0,0,1,0,1,0,2,16,10,Normal,Severe,Normal
1,1,1,2,3,2,2,1,2,2,3,2,2,1,1,2,2,3,2,2,1,26,24,26,Severe,Extremely Severe,Severe
2,0,3,2,2,2,1,2,1,2,2,1,3,2,2,3,3,2,2,3,2,36,22,26,Extremely Severe,Extremely Severe,Severe
0,0,0,0,1,0,0,0,0,0,0,0,0,1,0,0,0,0,0,0,0,2,0,2,Normal,Normal,Normal
0,0,0,0,1,0,0,0,0,0,0,0,0,0,0,0,0,0,0,0,0,2,0,0,Normal,Normal,Normal
3,1,3,1,3,3,3,3,1,3,3,1,3,3,1,3,3,3,0,3,3,42,20,38,Extremely Severe,Extremely Severe,Extremely Severe
1,3,1,0,2,1,0,2,3,1,1,2,1,2,0,0,2,2,1,1,0,14,16,22,Moderate,Severe,Moderate
1,2,1,1,1,2,1,1,1,1,1,1,2,1,1,1,1,1,0,1,0,14,14,16,Moderate,Moderate,Mild
3,0,2,2,2,1,2,3,2,3,2,3,3,2,1,1,3,1,3,2,3,34,24,30,Extremely Severe,Extremely Severe,Severe
0,1,0,0,0,2,0,0,0,0,0,1,0,1,0,0,0,0,1,0,0,0,4,8,Normal,Normal,Normal
2,2,2,0,1,3,2,2,3,2,2,1,1,3,1,2,3,0,3,3,1,24,28,26,Severe,Extremely Severe,Severe
2,3,3,2,2,3,0,3,3,3,3,3,3,3,3,2,3,3,1,2,1,34,28,40,Extremely Severe,Extremely Severe,Extremely Severe
1,0,1,1,0,1,0,0,1,0,2,0,0,2,0,0,1,2,0,0,0,4,4,16,Normal,Normal,Mild
1,1,1,1,2,0,3,2,1,1,1,2,3,1,1,1,1,0,1,1,1,20,18,14,Moderate,Severe,Normal
3,1,3,2,3,2,3,3,3,2,3,3,3,3,2,3,2,3,3,2,3,38,32,40,Extremely Severe,Extremely Severe,Extremely Severe
0,0,0,0,1,0,0,0,2,1,0,0,0,1,0,0,1,1,0,1,0,6,6,4,Normal,Normal,Normal
2,3,2,1,3,1,1,3,3,2,2,2,3,3,2,3,3,3,2,2,2,36,28,32,Extremely Severe,Extremely Severe,Severe
0,1,0,0,0,0,1,1,0,0,0,1,0,0,1,0,0,1,0,1,0,0,8,6,Normal,Mild,Normal
3,2,3,3,3,3,3,3,3,3,3,3,3,3,3,3,3,3,3,3,3,42,40,42,Extremely Severe,Extremely Severe,Extremely Severe
2,3,3,3,3,3,3,2,3,3,3,3,3,1,2,2,3,1,3,2,3,40,38,30,Extremely Severe,Extremely Severe,Severe
1,1,1,0,1,1,1,1,1,1,1,1,1,1,0,1,1,1,0,1,1,14,8,14,Moderate,Mild,Normal
2,0,1,0,3,2,0,1,1,2,2,0,3,2,0,3,2,3,1,3,2,32,10,24,Extremely Severe,Moderate,Moderate
0,0,0,0,0,0,0,1,0,0,0,0,0,0,0,1,0,0,0,0,0,2,0,2,Normal,Normal,Normal
1,0,0,0,1,1,0,1,1,0,1,1,1,1,0,0,1,1,0,0,0,6,2,14,Normal,Normal,Normal
2,1,2,2,3,3,1,3,2,3,3,3,3,1,3,3,3,3,1,3,3,40,26,36,Extremely Severe,Extremely Severe,Extremely Severe
0,0,0,0,0,0,0,0,0,0,0,0,0,0,0,0,0,1,0,1,0,0,2,2,Normal,Normal,Normal
2,1,2,0,3,3,2,3,2,2,3,1,2,3,1,2,2,3,1,0,2,30,14,36,Extremely Severe,Moderate,Extremely Severe
1,1,0,0,0,1,0,0,1,0,3,1,1,1,0,0,0,1,0,0,0,2,4,16,Normal,Normal,Mild
3,0,3,0,2,2,0,2,0,3,3,3,3,3,0,3,3,0,0,0,3,40,0,32,Extremely Severe,Normal,Severe
0,3,1,1,1,0,1,2,2,0,0,2,1,3,0,0,2,2,2,0,1,12,18,18,Mild,Severe,Mild
1,1,0,0,0,0,0,1,0,1,1,3,1,3,0,2,2,0,1,0,0,12,4,18,Mild,Normal,Mild
3,3,3,3,3,3,3,3,3,3,3,3,3,3,1,2,3,3,1,3,3,40,34,42,Extremely Severe,Extremely Severe,Extremely Severe
2,0,1,2,1,1,0,2,0,1,1,0,1,1,1,0,1,1,0,1,1,12,8,16,Mild,Mild,Mild
2,3,1,1,2,2,2,3,3,2,2,3,3,2,1,2,3,2,1,3,1,28,28,32,Extremely Severe,Extremely Severe,Severe
1,1,2,0,1,1,1,1,2,0,2,1,2,2,1,0,2,0,1,1,1,16,14,16,Moderate,Moderate,Mild
3,0,2,1,3,3,0,1,1,3,3,1,3,2,0,3,3,3,1,1,3,40,8,32,Extremely Severe,Mild,Severe
0,1,0,0,0,0,0,0,1,0,1,0,1,0,1,0,0,2,0,0,0,2,6,6,Normal,Normal,Normal
2,2,1,1,0,3,1,2,2,3,2,2,2,2,1,3,3,1,1,3,3,30,22,28,Extremely Severe,Extremely Severe,Severe
0,3,0,3,3,0,3,2,0,1,0,1,0,0,3,1,0,0,2,0,0,10,28,6,Mild,Extremely Severe,Normal
1,1,1,1,3,2,1,2,1,1,2,1,1,2,1,1,1,2,1,1,1,18,14,24,Moderate,Moderate,Moderate
1,1,0,0,3,1,0,2,1,1,2,2,2,1,0,2,0,1,0,1,1,18,6,20,Moderate,Normal,Moderate
0,0,0,0,0,1,0,0,0,0,0,0,0,0,0,0,0,1,0,0,0,0,0,4,Normal,Normal,Normal
2,1,1,1,1,1,0,1,1,1,1,2,1,2,1,2,2,2,0,1,1,18,10,22,Moderate,Moderate,Moderate
3,2,3,3,2,3,1,3,3,3,3,3,3,3,0,3,3,3,2,3,3,40,28,42,Extremely Severe,Extremely Severe,Extremely Severe
1,0,0,0,1,1,0,1,1,1,1,1,1,0,0,1,1,1,1,1,0,10,6,12,Mild,Normal,Normal
2,2,0,2,2,1,2,2,2,0,2,3,0,3,1,0,0,0,3,1,0,4,26,26,Normal,Extremely Severe,Severe
0,0,0,0,0,1,0,1,1,0,2,1,2,1,2,3,2,0,0,3,2,18,12,12,Moderate,Moderate,Normal
2,2,3,0,3,1,0,1,1,3,2,1,2,0,1,3,3,1,0,1,3,40,10,16,Extremely Severe,Moderate,Mild
2,3,3,0,1,3,3,3,3,3,1,2,3,2,0,2,3,0,3,3,0,30,30,26,Extremely Severe,Extremely Severe,Severe
2,1,0,0,0,1,1,0,0,0,1,0,2,0,0,0,1,0,0,0,0,6,4,8,Normal,Normal,Normal
1,0,1,1,2,1,0,3,3,3,3,2,3,0,0,2,2,1,0,3,3,32,14,22,Extremely Severe,Moderate,Moderate
2,1,1,1,3,0,2,2,3,1,1,2,2,3,2,1,2,3,2,1,1,22,24,26,Severe,Extremely Severe,Severe
1,0,1,0,1,1,1,2,3,1,1,2,2,1,0,1,1,2,0,1,1,16,10,20,Moderate,Moderate,Moderate
2,1,2,1,3,2,1,3,3,2,2,1,1,3,0,2,1,2,1,3,1,24,20,30,Severe,Extremely Severe,Severe
1,1,1,1,1,2,0,3,2,1,1,2,2,1,0,0,1,1,1,0,0,12,10,22,Mild,Moderate,Moderate
1,1,1,1,2,1,0,2,1,2,2,0,1,3,0,2,3,0,1,1,2,26,10,18,Severe,Moderate,Mild
0,1,0,0,0,1,1,0,1,0,1,0,0,0,0,1,0,0,0,0,0,2,6,4,Normal,Normal,Normal
0,0,1,1,1,2,0,1,1,0,3,2,1,2,1,0,0,2,0,1,0,6,8,24,Normal,Mild,Moderate
2,0,2,0,2,1,0,2,2,2,1,1,2,2,0,2,0,2,0,0,1,22,4,22,Severe,Normal,Moderate
2,0,0,0,2,1,0,1,2,0,1,0,2,1,0,2,1,1,0,1,0,14,6,14,Moderate,Normal,Normal
2,0,3,0,1,2,0,1,3,2,3,2,3,2,0,3,3,2,2,2,2,34,14,28,Extremely Severe,Moderate,Severe
2,1,1,0,0,1,0,2,0,3,2,2,1,0,0,1,3,2,0,0,3,24,2,22,Severe,Normal,Moderate
3,2,1,1,3,3,1,3,3,3,3,1,2,3,2,3,3,0,3,1,3,36,26,32,Extremely Severe,Extremely Severe,Severe
0,1,3,0,3,2,0,1,1,3,2,1,3,1,0,3,3,3,0,0,3,42,4,20,Extremely Severe,Normal,Moderate
3,2,2,2,3,3,1,3,2,3,3,2,3,1,2,3,2,3,3,2,2,36,28,36,Extremely Severe,Extremely Severe,Extremely Severe
0,0,0,0,1,0,1,1,0,1,0,0,0,1,1,1,0,0,0,0,0,6,4,4,Normal,Normal,Normal
1,3,0,3,3,3,3,2,3,3,2,3,3,3,3,3,3,3,3,1,3,36,38,34,Extremely Severe,Extremely Severe,Extremely Severe
3,2,1,0,2,1,1,2,3,3,2,1,2,2,0,1,3,2,0,3,1,26,18,26,Severe,Severe,Severe
2,0,1,3,3,3,0,0,0,3,3,0,3,3,0,3,3,3,3,3,3,38,18,28,Extremely Severe,Severe,Severe
2,2,1,0,2,1,1,2,1,1,2,2,2,3,1,2,2,3,1,1,3,26,14,30,Severe,Moderate,Severe
0,0,0,0,0,1,0,0,0,0,1,0,0,0,0,0,0,0,0,0,0,0,0,4,Normal,Normal,Normal
1,0,0,0,0,3,0,1,1,0,0,1,1,3,0,0,0,1,0,1,0,2,4,20,Normal,Normal,Moderate
2,0,1,2,1,2,2,1,3,1,2,2,2,1,1,1,1,2,0,2,1,16,20,24,Moderate,Extremely Severe,Moderate
3,1,2,1,2,2,1,2,1,2,3,2,2,3,3,2,0,1,1,1,1,22,18,32,Severe,Severe,Severe
2,0,3,1,3,0,0,3,3,3,1,1,2,0,0,3,3,3,2,3,3,40,18,20,Extremely Severe,Severe,Moderate
1,0,3,0,3,2,0,3,2,3,3,3,3,0,0,3,3,3,1,0,3,42,6,30,Extremely Severe,Normal,Severe
1,1,0,1,0,0,0,1,0,0,0,0,0,2,0,2,0,1,0,0,0,4,4,10,Normal,Normal,Normal
1,2,2,1,2,0,2,0,2,2,0,1,0,2,1,1,0,0,0,1,0,14,18,8,Moderate,Severe,Normal
2,3,2,1,2,2,1,1,3,3,1,2,3,2,3,3,2,3,2,3,3,36,32,26,Extremely Severe,Extremely Severe,Severe
1,1,3,0,2,1,0,1,3,2,2,1,3,0,0,2,3,2,1,1,2,34,12,16,Extremely Severe,Moderate,Mild
3,3,1,0,1,1,1,1,1,2,3,1,1,3,1,0,1,2,1,3,2,16,20,28,Moderate,Extremely Severe,Severe
2,0,0,0,1,1,0,0,3,1,1,1,1,2,0,1,2,0,0,1,1,14,8,14,Moderate,Mild,Normal
2,2,2,2,2,2,2,3,2,2,1,3,3,2,1,2,3,2,2,2,3,34,26,30,Extremely Severe,Extremely Severe,Severe
1,0,0,0,2,0,0,0,0,2,0,0,0,1,0,2,1,0,0,0,0,14,0,4,Moderate,Normal,Normal
1,0,1,0,1,1,0,1,1,1,2,1,0,1,0,0,1,2,0,0,0,8,2,18,Normal,Normal,Mild
3,3,3,2,3,2,2,3,3,3,3,3,3,1,3,3,3,3,0,3,3,42,32,36,Extremely Severe,Extremely Severe,Extremely Severe
2,0,2,1,3,1,1,0,2,3,2,2,3,1,1,2,3,0,0,0,3,38,10,16,Extremely Severe,Moderate,Mild
3,2,3,1,3,3,0,3,2,3,3,0,3,3,0,3,3,3,1,1,2,40,14,36,Extremely Severe,Moderate,Extremely Severe
3,2,1,2,2,3,0,3,2,2,3,2,2,2,2,2,2,3,0,3,2,26,22,38,Severe,Extremely Severe,Extremely Severe
1,0,0,2,0,1,1,0,3,1,3,2,2,2,0,1,1,2,1,0,1,12,14,22,Mild,Moderate,Moderate
3,3,1,0,3,3,3,3,3,3,3,3,3,1,0,3,3,1,1,1,2,36,22,34,Extremely Severe,Extremely Severe,Extremely Severe
0,2,1,0,3,0,0,0,1,1,0,0,1,0,0,2,1,0,0,1,0,18,8,0,Moderate,Mild,Normal
2,1,2,0,2,3,2,1,2,2,3,1,2,1,0,1,3,1,1,1,1,26,14,24,Severe,Moderate,Moderate
0,1,0,0,1,2,1,3,0,1,0,3,2,1,1,1,1,1,0,2,1,14,10,20,Moderate,Moderate,Moderate
3,1,2,0,2,2,2,2,3,2,3,3,3,0,0,2,2,3,2,3,3,32,22,32,Extremely Severe,Extremely Severe,Severe
1,0,1,0,1,1,0,1,1,1,2,0,1,2,0,0,1,1,0,1,1,12,4,16,Mild,Normal,Mild
3,0,1,2,1,3,0,3,3,3,3,2,1,3,0,0,2,3,0,3,1,18,16,40,Moderate,Severe,Extremely Severe
1,1,2,3,2,2,2,3,3,3,2,3,3,3,3,3,2,3,1,3,2,34,32,34,Extremely Severe,Extremely Severe,Extremely Severe
3,2,1,2,2,3,1,2,3,3,2,1,3,1,2,2,3,1,1,3,3,34,28,26,Extremely Severe,Extremely Severe,Severe
3,3,2,3,2,3,3,2,2,2,3,3,3,3,2,3,2,1,2,3,2,32,36,36,Extremely Severe,Extremely Severe,Extremely Severe
1,0,1,0,2,1,0,1,3,2,1,2,1,0,0,1,2,2,0,2,2,22,10,16,Severe,Moderate,Mild
3,2,1,0,1,2,1,3,2,2,3,1,2,3,0,1,1,1,1,1,1,18,14,32,Moderate,Moderate,Severe
0,0,0,0,0,0,0,0,1,1,1,0,1,0,1,0,2,1,0,2,1,10,8,4,Mild,Mild,Normal
1,3,1,1,1,1,0,1,2,2,1,2,2,1,0,2,1,2,0,2,1,20,16,18,Moderate,Severe,Mild
1,1,1,0,0,1,0,1,0,0,1,1,1,0,0,1,0,2,0,1,0,6,4,14,Normal,Normal,Normal
2,2,3,2,3,2,1,2,2,2,3,2,3,3,2,3,3,2,2,3,3,40,28,32,Extremely Severe,Extremely Severe,Severe
1,2,0,0,1,2,2,0,1,0,2,0,1,2,0,1,1,1,3,1,0,8,18,16,Normal,Severe,Mild
3,1,2,1,3,3,1,2,3,3,3,1,2,2,1,2,3,3,1,3,3,36,22,34,Extremely Severe,Extremely Severe,Extremely Severe
2,1,0,0,1,3,0,1,1,3,3,0,3,3,1,1,2,3,2,1,2,24,12,30,Severe,Moderate,Severe
0,0,2,0,2,1,0,0,1,0,1,1,0,1,0,0,3,0,3,0,0,14,8,8,Moderate,Mild,Normal
2,0,1,0,0,1,0,0,0,1,2,0,1,0,0,3,0,1,0,0,1,14,0,12,Moderate,Normal,Normal
3,3,1,2,3,1,3,2,1,3,3,1,3,3,1,3,3,3,3,3,1,34,32,32,Extremely Severe,Extremely Severe,Severe
1,1,0,0,1,1,0,1,0,0,1,1,0,1,0,0,0,0,0,1,0,2,4,12,Normal,Normal,Normal
0,2,1,0,0,1,0,2,2,0,2,0,2,0,0,2,3,3,0,0,0,16,8,16,Moderate,Mild,Mild
3,3,2,2,2,3,1,2,2,3,3,1,2,3,2,2,3,3,1,2,2,32,26,36,Extremely Severe,Extremely Severe,Extremely Severe
2,0,3,2,1,3,2,1,3,1,2,1,2,2,0,3,1,0,3,2,0,22,24,22,Severe,Extremely Severe,Moderate
1,0,0,0,0,0,1,0,0,0,0,1,0,1,0,1,0,0,0,1,1,4,4,6,Normal,Normal,Normal
3,3,2,0,2,1,0,1,3,1,1,2,2,0,0,3,3,0,1,1,1,28,16,16,Extremely Severe,Severe,Mild
2,3,1,1,3,3,1,1,1,3,3,2,3,3,0,3,3,3,1,1,3,38,16,34,Extremely Severe,Severe,Extremely Severe
2,1,2,0,1,3,0,0,2,3,3,0,2,1,0,1,3,2,0,0,3,30,6,22,Extremely Severe,Normal,Moderate
0,1,1,0,1,1,0,1,1,3,1,1,1,1,0,3,1,1,0,0,0,20,4,12,Moderate,Normal,Normal
2,2,1,1,1,2,0,1,1,1,1,1,1,1,1,1,0,1,0,2,0,10,14,18,Mild,Moderate,Mild
1,2,2,1,3,1,1,3,3,1,3,3,3,1,3,3,1,2,1,3,0,26,28,28,Severe,Extremely Severe,Severe
2,0,2,0,2,1,1,1,2,3,2,1,3,2,1,3,3,1,2,0,3,38,12,20,Extremely Severe,Moderate,Moderate
1,0,1,0,1,1,1,0,0,1,0,0,3,1,0,0,0,1,1,1,0,12,6,8,Mild,Normal,Normal
2,3,1,0,1,2,3,2,2,1,2,1,3,3,2,2,3,2,2,2,2,26,28,28,Severe,Extremely Severe,Severe
3,0,3,2,2,3,2,3,1,3,3,2,3,1,1,2,2,3,1,2,3,36,18,36,Extremely Severe,Severe,Extremely Severe
2,0,2,0,2,2,0,0,1,3,2,1,3,0,0,3,3,2,0,1,3,38,4,18,Extremely Severe,Normal,Mild
1,1,2,2,3,1,1,2,2,1,2,2,3,2,2,1,2,1,3,2,1,26,26,22,Severe,Extremely Severe,Moderate
2,0,1,0,1,1,0,3,2,2,2,2,1,1,0,1,3,2,0,2,2,22,8,26,Severe,Mild,Severe
0,0,2,3,2,1,1,2,3,3,3,3,3,0,0,0,0,0,2,3,0,20,24,18,Moderate,Extremely Severe,Mild
2,1,1,1,1,2,2,3,3,2,3,3,2,3,0,1,3,2,2,1,2,24,20,36,Severe,Extremely Severe,Extremely Severe
2,3,0,0,0,2,0,2,1,1,1,2,1,3,0,1,3,2,0,1,1,14,10,28,Moderate,Moderate,Severe
2,0,2,0,3,0,2,3,3,1,3,3,3,2,1,1,0,3,3,3,3,26,24,32,Severe,Extremely Severe,Severe
1,0,0,0,1,2,0,1,2,1,1,0,0,2,0,1,1,0,0,0,0,8,4,14,Normal,Normal,Normal
3,3,1,3,2,3,1,3,2,3,3,2,3,3,3,3,3,1,2,3,3,36,34,36,Extremely Severe,Extremely Severe,Extremely Severe
0,0,0,0,0,0,0,0,0,0,1,0,0,1,2,0,0,1,0,1,0,0,6,6,Normal,Normal,Normal
3,3,3,1,3,3,1,3,2,3,2,3,3,2,2,3,3,3,3,3,3,42,30,38,Extremely Severe,Extremely Severe,Extremely Severe
1,1,0,0,0,1,0,0,3,0,1,1,1,1,0,1,0,1,3,1,0,4,16,12,Normal,Severe,Normal
2,2,2,1,2,2,1,2,2,1,2,2,2,2,2,2,1,2,1,2,1,22,22,28,Severe,Extremely Severe,Severe
1,2,1,1,2,1,1,1,1,2,1,2,1,1,0,1,0,0,0,0,2,18,10,14,Moderate,Moderate,Normal
1,1,1,0,1,1,0,1,1,0,0,1,1,1,0,0,0,1,1,0,0,6,6,12,Normal,Normal,Normal
3,1,1,1,3,2,1,2,2,1,3,1,2,3,0,1,3,0,3,3,3,28,22,28,Extremely Severe,Extremely Severe,Severe
2,0,1,1,2,1,0,1,1,1,2,2,2,2,0,1,1,0,0,0,1,18,4,20,Moderate,Normal,Moderate
2,0,2,0,0,3,1,2,1,0,3,1,2,0,0,1,2,3,0,1,1,16,6,28,Moderate,Normal,Severe
3,2,1,0,2,1,1,1,2,1,2,0,3,3,1,2,3,1,0,1,2,28,14,22,Extremely Severe,Moderate,Moderate
0,0,1,1,0,0,1,1,0,0,0,1,1,1,1,0,0,1,1,1,0,4,10,8,Normal,Moderate,Normal
2,3,0,3,0,3,3,3,2,3,3,3,1,3,3,1,3,3,3,3,3,22,40,40,Severe,Extremely Severe,Extremely Severe
2,0,1,0,2,1,0,1,2,2,3,1,2,1,0,2,2,3,0,3,2,26,10,24,Severe,Moderate,Moderate
1,0,2,0,1,1,0,0,2,1,2,1,2,2,0,1,2,2,2,0,1,20,8,18,Moderate,Mild,Mild
0,0,0,0,1,0,0,0,1,0,1,0,0,1,0,0,0,1,0,1,0,2,4,6,Normal,Normal,Normal
1,3,1,3,1,1,0,3,1,1,1,3,3,1,1,1,1,1,0,1,1,18,18,22,Moderate,Severe,Moderate
1,0,2,1,2,2,1,1,2,2,1,2,2,1,0,3,3,1,0,3,1,30,14,18,Extremely Severe,Moderate,Mild
2,2,3,2,1,0,2,2,2,2,3,1,2,2,1,3,3,2,1,2,2,32,24,24,Extremely Severe,Extremely Severe,Moderate
0,0,0,0,0,0,0,0,0,0,1,0,0,1,0,0,1,0,0,0,0,2,0,4,Normal,Normal,Normal
1,1,1,1,3,0,1,2,2,2,1,1,3,1,0,3,2,1,0,1,1,30,12,14,Extremely Severe,Moderate,Normal
3,0,2,2,2,1,0,3,3,1,3,2,3,1,1,1,3,1,2,3,3,30,22,28,Extremely Severe,Extremely Severe,Severe
2,0,0,0,0,1,0,0,1,0,1,0,1,2,0,1,0,2,1,0,0,4,4,16,Normal,Normal,Mild
0,1,0,0,1,1,0,0,1,1,1,0,0,1,0,2,1,1,3,0,1,12,10,8,Mild,Moderate,Normal
0,3,1,0,2,3,0,1,0,1,3,1,2,2,1,1,1,3,0,0,0,16,8,26,Moderate,Mild,Severe
1,2,1,0,2,2,2,2,1,1,2,2,3,1,1,3,2,0,0,0,1,26,12,20,Severe,Moderate,Moderate
0,1,0,0,1,1,0,1,1,0,0,0,0,1,0,0,0,0,0,0,0,2,4,6,Normal,Normal,Normal
0,0,1,0,1,1,0,1,1,2,1,1,2,1,0,1,1,1,0,0,1,18,2,12,Moderate,Normal,Normal
1,1,1,0,1,1,0,1,3,1,2,1,3,0,0,3,1,1,0,0,0,20,8,14,Moderate,Mild,Normal
1,0,2,0,2,0,0,1,3,2,2,1,3,0,0,3,3,1,1,1,2,34,10,12,Extremely Severe,Moderate,Normal
1,0,1,0,1,2,0,3,1,0,2,2,1,3,1,0,1,0,0,2,1,10,8,26,Mild,Mild,Severe
2,0,2,3,1,2,2,1,3,3,3,2,3,2,1,2,3,3,1,2,3,34,24,30,Extremely Severe,Extremely Severe,Severe
3,3,3,3,2,3,2,2,3,3,2,2,3,3,2,3,3,2,0,2,3,40,30,34,Extremely Severe,Extremely Severe,Extremely Severe
3,1,2,2,1,3,2,1,3,2,3,2,2,1,2,2,2,1,2,0,2,26,24,28,Severe,Extremely Severe,Severe
0,2,0,0,1,1,0,1,0,0,2,2,1,1,0,1,1,1,0,1,0,8,6,16,Normal,Normal,Mild
1,0,1,0,1,0,1,1,0,1,0,0,1,0,0,1,3,0,0,0,1,18,2,4,Moderate,Normal,Normal
0,0,0,0,1,0,0,0,0,0,1,0,0,0,0,0,1,0,0,0,0,4,0,2,Normal,Normal,Normal
3,2,1,0,2,2,3,2,1,2,1,2,3,2,1,2,3,3,2,0,3,32,18,30,Extremely Severe,Severe,Severe
0,3,0,2,0,0,0,0,0,0,0,0,0,0,0,0,0,0,0,0,0,0,10,0,Normal,Moderate,Normal
3,1,1,0,1,2,0,1,1,1,3,2,2,2,0,2,2,0,0,3,1,20,10,26,Moderate,Moderate,Severe
1,3,2,2,1,1,2,2,3,1,2,2,2,3,1,1,1,1,1,1,1,18,26,24,Moderate,Extremely Severe,Moderate
1,3,2,1,1,1,2,2,3,2,0,2,2,2,1,2,3,1,1,2,2,28,26,18,Extremely Severe,Extremely Severe,Mild
1,2,1,0,1,1,3,1,1,0,1,1,1,2,0,2,2,1,0,1,1,16,14,16,Moderate,Moderate,Mild
2,0,3,0,3,2,0,3,3,2,1,1,3,1,0,3,2,1,2,2,2,36,14,22,Extremely Severe,Moderate,Moderate
2,3,0,1,1,1,2,1,3,0,1,2,1,3,0,0,0,3,1,1,0,4,22,26,Normal,Extremely Severe,Severe
1,1,0,0,2,2,0,1,1,0,1,2,1,1,0,1,2,2,0,1,1,14,6,20,Moderate,Normal,Moderate
0,1,1,2,3,0,1,3,3,1,0,3,3,1,1,2,1,1,3,2,1,24,26,16,Severe,Extremely Severe,Mild
2,2,3,2,1,3,1,3,2,1,3,3,2,0,2,2,1,0,2,0,0,20,22,28,Moderate,Extremely Severe,Severe
2,2,0,1,1,3,1,0,1,1,2,1,2,2,0,1,1,2,0,3,0,12,16,24,Mild,Severe,Moderate
0,0,1,1,1,1,1,2,1,1,0,2,2,1,1,1,2,1,1,1,2,20,12,14,Moderate,Moderate,Normal
3,1,1,3,1,3,1,1,3,1,0,1,0,1,1,0,1,3,3,1,1,10,26,24,Mild,Extremely Severe,Moderate
3,3,1,1,3,3,0,2,3,1,3,3,3,3,2,3,3,3,2,2,3,34,26,40,Extremely Severe,Extremely Severe,Extremely Severe
1,3,1,1,1,1,3,3,3,1,1,3,1,1,2,1,2,2,2,3,0,14,34,24,Moderate,Extremely Severe,Moderate
1,1,3,1,1,0,0,0,1,2,1,0,0,1,2,2,1,2,0,1,0,18,12,10,Moderate,Moderate,Normal
2,1,2,1,1,1,1,2,1,1,2,1,3,2,1,2,2,2,2,2,2,26,18,24,Severe,Severe,Moderate
1,0,3,1,3,2,0,1,2,3,3,2,3,3,0,3,3,3,0,1,2,40,8,30,Extremely Severe,Mild,Severe
2,0,2,1,3,0,1,2,1,1,1,1,2,1,0,3,1,1,0,1,1,26,8,16,Severe,Mild,Mild
1,1,1,1,1,2,0,2,2,1,2,1,3,1,1,1,3,1,2,2,2,24,18,20,Severe,Severe,Moderate
2,2,0,0,0,1,1,2,1,1,0,1,0,1,0,3,0,1,0,0,0,8,8,16,Normal,Mild,Mild
3,3,3,3,3,3,1,3,3,3,3,1,3,3,1,3,3,1,2,3,3,42,32,34,Extremely Severe,Extremely Severe,Extremely Severe
2,0,3,0,1,3,1,3,2,3,3,1,3,2,0,2,2,3,0,1,3,34,8,34,Extremely Severe,Mild,Extremely Severe
2,1,1,1,3,3,0,1,0,3,3,3,2,2,0,2,2,1,0,0,2,30,4,30,Extremely Severe,Normal,Severe
2,0,2,0,1,2,1,0,3,3,0,0,1,1,1,3,3,3,0,0,2,30,10,16,Extremely Severe,Moderate,Mild
3,2,2,2,3,3,1,1,3,3,2,3,2,3,2,2,3,2,1,1,1,32,24,34,Extremely Severe,Extremely Severe,Extremely Severe
1,0,0,0,0,0,0,2,0,0,0,1,1,0,0,0,0,1,0,0,0,2,0,10,Normal,Normal,Normal
3,3,1,0,1,1,1,0,0,0,3,1,2,3,0,1,3,3,3,0,1,18,14,28,Moderate,Moderate,Severe
1,3,0,0,0,2,2,1,3,0,0,3,0,0,1,1,1,3,1,1,0,4,22,20,Normal,Extremely Severe,Moderate
2,1,1,1,1,0,1,1,1,1,1,0,1,3,1,1,0,2,0,2,0,10,14,18,Mild,Moderate,Mild
3,1,3,3,3,3,2,3,3,3,3,3,3,1,3,3,3,3,1,3,3,42,32,38,Extremely Severe,Extremely Severe,Extremely Severe
2,0,0,1,1,1,1,1,2,0,3,3,1,2,0,1,0,3,3,2,1,8,18,30,Normal,Severe,Severe
0,2,3,0,1,1,1,1,2,1,0,2,3,0,0,3,3,0,0,0,2,32,10,8,Extremely Severe,Moderate,Normal
1,0,0,0,0,1,0,1,1,0,1,0,0,1,0,0,0,1,0,0,0,0,2,12,Normal,Normal,Normal
1,1,3,1,3,3,1,2,2,3,2,1,3,1,0,3,3,1,0,2,3,42,14,22,Extremely Severe,Moderate,Moderate
0,3,0,0,1,0,0,1,1,1,1,1,1,2,0,0,2,2,1,1,0,10,12,14,Mild,Moderate,Normal
1,1,0,2,0,2,1,0,1,1,2,2,1,3,0,0,1,1,0,1,0,6,12,22,Normal,Moderate,Moderate
0,2,0,0,2,2,0,2,2,2,2,0,3,0,0,2,0,0,0,0,2,22,8,12,Severe,Mild,Normal
3,3,3,3,3,3,3,3,3,3,3,3,3,3,3,3,3,3,3,3,3,42,42,42,Extremely Severe,Extremely Severe,Extremely Severe
3,2,0,2,1,1,0,0,0,2,2,3,2,2,0,0,3,0,1,0,3,22,10,22,Severe,Moderate,Moderate
2,2,0,1,2,1,0,1,1,2,2,2,3,1,1,0,1,2,0,0,1,18,10,22,Moderate,Moderate,Moderate
1,0,1,1,1,2,2,2,2,1,3,2,2,1,0,1,2,3,2,2,2,20,18,28,Moderate,Severe,Severe
3,0,2,1,3,3,0,3,2,2,2,1,2,3,2,2,3,0,0,2,0,28,14,30,Extremely Severe,Moderate,Severe
0,3,0,0,0,2,0,1,3,0,0,1,0,2,0,1,0,0,1,0,0,2,14,12,Normal,Moderate,Normal
1,1,0,0,0,1,0,0,1,0,0,0,1,0,0,0,0,1,1,0,0,2,6,6,Normal,Normal,Normal
2,2,2,3,2,2,2,2,2,3,3,1,3,3,3,2,3,3,0,2,3,36,28,32,Extremely Severe,Extremely Severe,Severe
3,0,2,1,2,2,1,3,1,3,2,1,2,1,2,2,3,2,0,1,2,32,12,28,Extremely Severe,Moderate,Severe
3,0,1,0,1,3,0,3,1,1,3,3,3,1,0,3,1,1,0,3,1,22,8,34,Severe,Mild,Extremely Severe
1,0,1,1,1,2,0,2,3,3,1,2,2,2,1,2,2,1,0,1,2,26,12,22,Severe,Moderate,Moderate
1,0,0,0,2,0,0,0,0,1,1,0,0,1,0,1,2,1,0,0,1,14,0,8,Moderate,Normal,Normal
3,0,1,2,2,1,1,2,3,2,2,3,3,3,1,1,3,3,3,2,2,28,24,34,Extremely Severe,Extremely Severe,Extremely Severe
0,1,0,1,0,1,1,0,0,0,0,0,0,3,1,0,0,0,1,0,0,0,10,8,Normal,Moderate,Normal
3,3,3,2,3,3,3,3,3,3,3,3,3,3,3,3,3,3,2,3,3,42,38,42,Extremely Severe,Extremely Severe,Extremely Severe
2,2,1,1,2,3,3,2,2,3,2,2,2,2,2,1,3,3,1,3,2,28,28,32,Extremely Severe,Extremely Severe,Severe
2,1,1,0,3,3,0,2,3,3,2,3,1,3,1,2,3,3,1,3,3,32,18,36,Extremely Severe,Severe,Extremely Severe
2,0,3,1,0,1,1,0,2,0,3,3,3,1,0,2,2,1,0,2,1,22,12,22,Severe,Moderate,Moderate
1,1,2,2,1,1,2,1,2,2,1,1,1,1,1,1,2,1,1,1,1,20,20,14,Moderate,Extremely Severe,Normal
1,0,0,0,0,1,0,1,1,0,1,1,0,1,0,0,0,1,0,1,0,0,4,14,Normal,Normal,Normal
2,0,2,1,3,2,1,1,2,3,3,3,3,3,0,3,1,2,1,2,0,30,14,32,Extremely Severe,Moderate,Severe
1,2,0,0,0,1,0,1,0,3,1,0,0,0,0,0,0,1,0,0,3,12,4,10,Mild,Normal,Normal
2,2,3,0,2,1,1,3,3,3,3,2,3,3,0,3,2,3,1,0,3,38,14,34,Extremely Severe,Moderate,Extremely Severe
3,3,1,0,3,1,1,1,1,1,3,3,3,3,1,1,3,3,1,1,1,26,16,34,Severe,Severe,Extremely Severe
1,3,1,1,1,3,1,1,1,0,3,1,2,3,0,3,2,1,3,3,1,20,24,26,Moderate,Extremely Severe,Severe
1,2,1,1,0,1,1,0,1,0,2,0,1,1,0,1,0,1,1,1,0,6,14,12,Normal,Moderate,Normal
1,0,0,0,2,0,0,0,0,3,1,0,0,0,2,3,1,1,0,0,2,22,4,6,Severe,Normal,Normal
2,0,1,1,0,1,1,2,2,2,2,3,1,2,1,0,0,1,1,1,0,8,14,26,Normal,Moderate,Severe
1,1,2,1,2,0,0,1,1,1,2,1,3,1,1,1,2,0,2,1,1,24,14,12,Severe,Moderate,Normal
2,0,1,1,1,1,1,1,2,2,3,2,2,2,1,1,1,1,0,2,2,20,14,24,Moderate,Moderate,Moderate
3,0,1,0,1,3,0,1,3,0,3,1,3,2,0,0,1,3,0,3,0,12,12,32,Mild,Moderate,Severe
1,1,1,0,1,1,0,1,1,3,1,0,2,0,0,1,3,2,0,1,1,24,6,12,Severe,Normal,Normal
3,3,3,0,2,2,1,1,1,3,2,0,3,3,3,3,2,3,2,0,2,36,20,28,Extremely Severe,Extremely Severe,Severe
2,2,3,1,1,3,3,3,3,1,3,3,3,1,1,2,3,3,3,2,3,32,30,36,Extremely Severe,Extremely Severe,Extremely Severe
3,3,2,1,2,3,3,3,3,2,2,3,3,3,2,2,3,1,0,2,2,32,28,36,Extremely Severe,Extremely Severe,Extremely Severe
3,0,1,1,2,3,1,3,1,1,3,3,2,0,1,1,3,3,0,1,2,24,10,36,Severe,Moderate,Extremely Severe
3,2,1,0,3,3,1,3,0,1,3,1,3,2,0,1,3,1,0,2,2,28,10,32,Extremely Severe,Moderate,Severe
3,3,1,1,2,1,1,1,2,1,3,1,2,3,1,1,0,1,2,1,0,14,22,26,Moderate,Extremely Severe,Severe
1,0,0,1,1,2,1,0,1,0,0,1,0,3,1,0,0,1,0,1,0,2,10,16,Normal,Moderate,Mild
3,0,1,1,2,3,0,1,1,1,3,1,2,3,0,1,2,2,0,2,2,22,8,32,Severe,Mild,Severe
0,1,0,1,0,1,0,1,1,0,0,2,0,0,0,0,1,1,0,0,0,2,6,10,Normal,Normal,Normal
2,3,1,0,1,2,0,0,3,2,3,1,2,2,0,2,1,2,0,0,1,20,12,24,Moderate,Moderate,Moderate
1,2,1,0,1,1,0,0,2,0,1,0,1,1,0,0,0,2,0,2,0,6,12,12,Normal,Moderate,Normal
1,0,2,0,0,0,0,2,3,1,3,3,2,0,0,1,3,0,2,1,1,20,12,18,Moderate,Moderate,Mild
1,1,0,0,1,1,0,0,1,1,1,0,1,1,0,0,0,1,0,0,0,6,4,10,Normal,Normal,Normal
3,2,1,2,1,3,3,3,2,3,3,3,3,3,3,3,3,2,1,3,1,30,32,40,Extremely Severe,Extremely Severe,Extremely Severe
1,0,1,1,1,1,0,1,0,2,2,0,1,1,0,1,2,1,0,0,1,18,2,14,Moderate,Normal,Normal
3,2,1,2,1,1,1,2,2,2,3,2,3,1,1,1,3,0,0,2,3,28,20,24,Extremely Severe,Extremely Severe,Moderate
1,3,0,1,1,1,2,1,1,0,1,1,0,1,0,0,1,1,0,1,0,4,16,14,Normal,Severe,Normal
1,0,2,0,3,1,1,1,3,2,3,2,3,2,0,2,2,3,1,2,1,30,14,26,Extremely Severe,Moderate,Severe
2,2,2,1,2,1,0,3,3,3,1,2,3,1,3,3,3,1,0,3,3,38,24,22,Extremely Severe,Extremely Severe,Moderate
1,0,2,3,2,1,2,1,3,1,2,3,2,0,3,3,1,1,0,1,3,28,24,18,Extremely Severe,Extremely Severe,Mild
3,1,2,0,1,1,0,1,1,3,3,1,3,3,1,3,2,2,1,3,2,32,14,28,Extremely Severe,Moderate,Severe
3,3,3,2,3,3,1,3,3,3,3,1,2,3,0,3,3,3,0,3,3,40,24,38,Extremely Severe,Extremely Severe,Extremely Severe
1,1,1,2,2,1,1,1,3,2,2,2,3,2,1,3,3,3,1,2,3,34,22,24,Extremely Severe,Extremely Severe,Moderate
2,2,0,0,1,2,0,0,2,0,1,1,1,2,0,1,0,0,1,0,0,6,10,16,Normal,Moderate,Mild
1,0,0,0,0,0,0,0,1,0,0,0,0,0,0,0,0,0,1,0,0,0,4,2,Normal,Normal,Normal
1,0,1,1,1,1,1,2,1,1,2,1,1,1,0,0,2,2,2,0,0,12,10,20,Mild,Moderate,Moderate
0,0,0,0,1,1,1,1,1,1,1,2,1,2,1,1,1,1,0,1,1,12,8,16,Mild,Mild,Mild
2,3,1,1,3,3,0,3,3,1,3,3,2,3,1,3,1,0,1,3,1,24,24,34,Severe,Extremely Severe,Extremely Severe
3,1,3,1,3,3,1,3,3,3,3,2,3,2,1,3,3,3,2,2,3,42,22,38,Extremely Severe,Extremely Severe,Extremely Severe
0,3,0,1,1,0,3,3,1,3,0,2,1,2,1,1,0,0,0,1,1,14,20,14,Moderate,Extremely Severe,Normal
2,1,0,2,2,2,1,2,1,1,3,2,1,1,1,1,2,2,1,1,0,14,16,28,Moderate,Severe,Severe
2,1,3,0,3,2,2,0,1,3,1,3,3,2,0,3,3,2,0,1,3,42,10,24,Extremely Severe,Moderate,Moderate
3,2,2,2,2,3,1,2,2,2,2,2,2,3,1,2,1,2,1,2,1,24,22,34,Severe,Extremely Severe,Extremely Severe
3,2,3,2,3,3,3,3,3,3,1,3,3,3,3,2,3,2,3,3,3,40,38,36,Extremely Severe,Extremely Severe,Extremely Severe
2,0,3,0,0,0,0,0,1,3,1,1,3,1,0,3,2,1,0,1,1,30,4,12,Extremely Severe,Normal,Normal
0,1,0,0,0,0,0,0,0,0,0,1,0,1,0,0,0,0,0,0,0,0,2,4,Normal,Normal,Normal
2,1,2,0,2,0,0,2,1,2,3,0,3,2,0,2,2,2,0,1,2,30,6,22,Extremely Severe,Normal,Moderate
2,0,1,0,1,2,1,2,2,1,2,2,1,3,1,2,2,2,2,1,1,18,14,30,Moderate,Moderate,Severe
1,1,1,0,1,1,0,1,2,1,2,1,2,2,2,2,1,2,1,1,2,20,14,20,Moderate,Moderate,Moderate
2,1,2,3,2,1,1,2,2,2,3,2,2,2,1,2,2,2,3,3,2,28,28,28,Extremely Severe,Extremely Severe,Severe
1,0,1,1,1,0,0,1,1,1,1,0,0,1,0,2,1,0,3,0,0,12,10,8,Mild,Moderate,Normal
0,1,0,0,0,0,0,0,0,0,0,0,0,0,0,0,0,0,0,1,0,0,4,0,Normal,Normal,Normal
2,0,1,0,2,1,3,2,2,2,3,3,2,3,0,1,2,1,3,2,2,24,20,30,Severe,Extremely Severe,Severe
0,3,3,2,3,0,0,3,1,3,1,3,3,3,3,3,3,0,3,3,3,42,30,20,Extremely Severe,Extremely Severe,Moderate
1,0,2,2,2,2,1,1,2,2,2,2,2,2,1,2,2,1,1,2,2,28,18,22,Extremely Severe,Severe,Moderate
3,1,1,3,2,1,1,1,2,1,2,1,3,2,2,2,2,2,2,1,1,24,24,24,Severe,Extremely Severe,Moderate
2,0,3,1,2,3,0,2,3,3,3,3,3,3,0,3,2,1,3,2,1,34,18,34,Extremely Severe,Severe,Extremely Severe
2,0,0,0,0,2,0,0,2,0,1,0,1,1,0,2,2,0,0,0,0,10,4,12,Mild,Normal,Normal
3,2,2,1,1,2,2,2,3,2,2,2,2,3,1,2,2,2,1,2,2,26,24,32,Severe,Extremely Severe,Severe
3,0,0,3,1,0,0,1,3,0,3,3,3,0,3,0,3,3,3,3,1,16,30,26,Moderate,Extremely Severe,Severe
2,2,1,0,1,2,0,1,2,1,2,1,1,1,0,1,2,1,1,1,1,16,12,20,Moderate,Moderate,Moderate
1,1,0,2,1,2,0,2,2,1,1,2,1,1,2,1,0,2,0,1,0,8,16,22,Normal,Severe,Moderate
2,3,2,3,3,2,1,3,2,3,3,2,3,1,1,3,3,3,0,2,3,40,24,32,Extremely Severe,Extremely Severe,Severe
3,1,1,0,1,3,1,1,2,2,3,2,3,2,0,1,2,2,1,2,2,24,14,32,Severe,Moderate,Severe
3,2,1,2,3,1,2,0,1,2,3,3,3,1,2,1,3,3,1,3,3,32,26,28,Extremely Severe,Extremely Severe,Severe
2,1,1,1,1,2,0,2,3,1,3,3,2,3,0,0,3,2,0,2,2,20,14,34,Moderate,Moderate,Extremely Severe
1,0,1,0,1,1,0,0,3,1,1,2,1,1,0,1,1,1,1,2,1,14,12,14,Moderate,Moderate,Normal
1,1,0,0,0,1,0,1,0,0,3,1,1,1,1,0,1,2,0,0,0,4,4,20,Normal,Normal,Moderate
2,3,2,3,2,1,2,2,2,3,1,3,2,2,3,1,1,2,2,1,0,22,32,26,Severe,Extremely Severe,Severe
1,0,1,0,3,1,1,3,2,2,3,1,2,1,0,1,2,0,0,1,1,24,8,20,Severe,Mild,Moderate
3,3,3,0,3,3,0,3,1,3,3,3,3,1,0,3,3,3,0,3,3,42,14,38,Extremely Severe,Moderate,Extremely Severe
2,0,2,0,3,2,0,3,3,3,3,2,2,1,1,2,1,0,1,2,2,30,14,26,Extremely Severe,Moderate,Severe
1,3,2,2,3,0,2,1,2,3,2,1,3,1,1,3,3,1,2,1,3,40,26,14,Extremely Severe,Extremely Severe,Normal
0,0,0,0,1,1,0,1,0,0,1,1,1,1,0,0,0,1,0,0,0,4,0,12,Normal,Normal,Normal
0,0,0,0,0,2,0,0,1,1,1,1,1,2,1,1,0,0,0,1,1,8,6,12,Normal,Normal,Normal
1,1,1,0,1,1,0,1,2,2,1,1,3,2,2,2,3,2,0,2,2,28,14,18,Extremely Severe,Moderate,Mild
3,2,1,3,1,3,3,2,3,1,3,2,2,3,1,1,2,3,2,3,1,18,34,38,Moderate,Extremely Severe,Extremely Severe
3,1,3,0,3,3,0,2,0,3,3,2,3,3,0,3,3,3,0,2,1,38,6,38,Extremely Severe,Normal,Extremely Severe
3,1,1,0,2,1,1,1,2,2,2,0,3,3,0,2,2,3,2,1,2,28,14,26,Extremely Severe,Moderate,Severe
2,1,2,1,3,2,2,2,2,2,2,2,2,3,0,2,1,2,0,2,1,26,16,30,Severe,Severe,Severe
2,2,2,2,1,1,2,2,2,2,1,2,2,2,2,1,2,1,1,2,1,22,26,22,Severe,Extremely Severe,Moderate
1,0,1,0,3,3,2,3,1,3,3,1,3,1,0,3,3,1,0,3,3,38,12,26,Extremely Severe,Moderate,Severe
2,2,1,0,2,1,2,1,3,2,2,3,3,1,0,2,2,1,0,3,2,28,20,22,Extremely Severe,Extremely Severe,Moderate
2,2,1,2,1,2,3,2,2,2,3,3,3,1,2,2,1,1,2,3,2,24,32,28,Severe,Extremely Severe,Severe
3,1,2,1,2,3,1,2,3,3,3,3,3,2,1,2,3,3,1,1,2,34,18,38,Extremely Severe,Severe,Extremely Severe
3,3,3,2,2,3,2,3,1,3,3,0,3,3,2,3,3,3,3,2,3,40,30,36,Extremely Severe,Extremely Severe,Extremely Severe
2,2,0,1,0,2,0,2,1,0,3,0,0,3,0,1,0,2,0,1,0,2,10,28,Normal,Moderate,Severe
2,1,0,2,0,1,0,0,0,0,1,2,1,2,0,0,0,2,0,0,0,2,6,20,Normal,Normal,Moderate
0,1,1,0,1,0,0,0,0,0,0,0,1,0,0,1,1,1,0,0,1,12,2,2,Mild,Normal,Normal
3,1,1,3,1,3,2,3,3,1,2,3,1,1,1,1,0,1,1,2,1,12,26,32,Mild,Extremely Severe,Severe
2,1,0,1,1,2,2,1,2,3,2,2,2,1,1,0,2,3,0,1,1,18,16,26,Moderate,Severe,Severe
2,2,3,1,3,0,1,3,3,3,2,1,3,3,1,3,3,2,3,3,3,42,28,26,Extremely Severe,Extremely Severe,Severe
1,3,0,1,0,1,0,0,1,0,0,1,1,0,0,0,0,2,0,0,0,2,10,10,Normal,Moderate,Normal
0,0,0,0,0,0,0,0,0,0,0,0,0,1,0,0,0,0,0,0,0,0,0,2,Normal,Normal,Normal
0,0,0,0,0,1,0,0,0,0,1,0,1,1,0,2,0,0,0,0,0,6,0,6,Normal,Normal,Normal
3,1,1,1,3,3,2,3,3,1,3,3,1,3,1,2,3,2,2,3,1,24,26,40,Severe,Extremely Severe,Extremely Severe
1,0,1,0,1,0,0,1,2,1,1,1,1,1,0,1,2,1,0,1,0,14,6,12,Moderate,Normal,Normal
2,0,1,0,1,2,0,1,1,1,1,1,2,1,1,1,2,1,0,0,1,18,4,18,Moderate,Normal,Mild
1,0,0,0,1,0,1,2,0,2,2,1,1,2,0,1,2,0,0,0,1,16,2,16,Moderate,Normal,Mild
0,0,0,0,0,1,0,0,0,0,1,0,1,0,0,0,0,2,0,0,0,2,0,8,Normal,Normal,Normal
1,2,1,0,2,0,0,1,3,1,1,0,1,2,0,1,1,1,1,1,0,14,14,12,Moderate,Moderate,Normal
0,0,0,0,1,0,0,0,0,1,0,0,1,1,0,0,0,0,0,0,0,6,0,2,Normal,Normal,Normal
1,1,1,0,1,1,1,1,1,2,2,1,1,2,0,2,1,1,1,1,0,16,10,18,Moderate,Moderate,Mild
2,3,1,1,1,1,0,1,0,1,2,1,2,1,0,2,1,1,2,1,2,20,14,18,Moderate,Moderate,Mild
3,1,2,2,2,3,2,2,3,1,3,3,3,3,2,1,2,3,3,3,2,26,32,40,Severe,Extremely Severe,Extremely Severe
1,1,0,0,2,0,0,0,0,0,1,0,0,1,0,1,0,0,0,0,0,6,2,6,Normal,Normal,Normal
1,1,1,1,1,1,1,1,2,1,2,2,1,1,1,1,1,1,0,1,0,12,14,18,Mild,Moderate,Mild
1,0,0,0,3,1,0,1,1,3,1,2,0,0,0,1,0,1,1,0,0,14,4,14,Moderate,Normal,Normal
2,0,1,1,3,1,1,2,2,3,0,0,2,0,1,1,2,1,0,1,1,26,12,12,Severe,Moderate,Normal
3,1,1,2,2,3,0,2,1,3,3,3,3,1,0,2,3,3,0,3,3,34,14,36,Extremely Severe,Moderate,Extremely Severe
1,0,0,0,1,1,0,1,0,0,0,1,0,1,0,0,1,1,0,1,0,4,2,12,Normal,Normal,Normal
1,1,0,1,2,2,0,1,1,0,2,2,1,1,1,1,0,1,0,2,1,10,12,20,Mild,Moderate,Moderate
1,0,1,0,3,0,0,2,0,0,1,0,3,0,0,2,2,1,0,0,0,22,0,10,Severe,Normal,Normal
3,1,2,0,3,3,1,3,3,2,3,2,3,3,1,2,2,3,0,1,2,32,14,40,Extremely Severe,Moderate,Extremely Severe
1,1,3,1,3,1,1,2,1,2,1,1,0,1,0,3,1,1,1,1,1,26,12,16,Severe,Moderate,Mild
2,2,1,0,1,0,0,0,0,2,3,1,2,2,0,2,2,0,1,0,2,24,6,16,Severe,Normal,Mild
1,1,0,0,1,2,0,1,1,0,1,1,1,1,2,0,1,1,0,0,0,6,8,16,Normal,Mild,Mild
1,0,1,0,0,1,0,1,1,2,1,2,2,2,0,0,1,1,0,0,1,14,2,18,Moderate,Normal,Mild
3,3,1,2,3,3,0,3,2,0,3,2,1,3,1,1,1,2,0,1,0,14,18,38,Moderate,Severe,Extremely Severe
2,2,1,0,1,2,0,1,3,0,2,1,3,1,1,1,3,3,0,2,2,22,16,24,Severe,Severe,Moderate
0,0,2,0,1,0,0,0,0,1,0,0,1,1,0,2,1,1,0,2,0,16,4,4,Moderate,Normal,Normal
0,0,0,0,0,1,0,1,0,0,0,1,0,1,0,0,0,0,0,1,0,0,2,8,Normal,Normal,Normal
1,0,0,1,1,1,1,0,1,0,2,0,1,1,1,1,0,2,2,0,1,8,12,14,Normal,Moderate,Normal
1,0,1,2,0,2,0,1,1,2,1,1,1,0,0,1,2,2,0,1,1,16,8,16,Moderate,Mild,Mild
2,2,2,1,2,2,1,2,2,3,2,1,3,3,3,3,3,2,2,1,3,38,24,28,Extremely Severe,Extremely Severe,Severe
0,0,0,0,0,0,0,0,0,0,0,0,0,0,0,0,0,0,0,0,0,0,0,0,Normal,Normal,Normal
1,1,0,0,0,1,0,0,0,0,1,0,0,1,0,0,0,2,0,0,0,0,2,12,Normal,Normal,Normal
2,1,1,0,0,0,0,1,2,1,2,1,3,2,0,0,0,2,0,2,1,12,10,20,Mild,Moderate,Moderate
0,1,2,0,1,1,0,2,1,2,1,0,1,0,0,1,2,0,2,0,1,20,8,8,Moderate,Mild,Normal
3,3,0,1,2,3,3,1,3,0,3,3,1,1,0,0,0,1,0,1,0,6,22,30,Normal,Extremely Severe,Severe
1,2,0,2,1,2,1,1,3,3,2,2,1,1,1,0,3,1,2,0,2,20,22,20,Moderate,Extremely Severe,Moderate
2,0,3,1,3,2,3,3,3,1,3,3,3,2,0,3,3,2,0,2,2,36,18,34,Extremely Severe,Severe,Extremely Severe
2,3,0,0,0,0,0,1,1,1,1,0,0,0,0,0,0,2,2,0,0,2,12,12,Normal,Moderate,Normal
3,1,3,2,3,3,2,3,3,3,3,2,3,1,2,2,3,1,1,3,3,40,28,32,Extremely Severe,Extremely Severe,Severe
2,0,1,0,3,3,1,1,3,2,3,1,2,3,1,2,3,3,0,1,1,28,12,32,Extremely Severe,Moderate,Severe
0,3,1,1,1,3,1,0,1,3,1,1,1,2,1,0,1,1,3,0,0,14,20,16,Moderate,Extremely Severe,Mild
0,0,0,0,0,0,0,0,0,1,2,0,2,0,0,1,0,3,0,0,0,8,0,10,Normal,Normal,Normal
2,2,2,1,3,1,0,2,3,1,1,3,2,0,0,0,0,2,0,3,1,18,18,22,Moderate,Severe,Moderate
3,1,1,0,0,2,2,2,2,1,1,2,2,2,0,2,1,1,1,3,0,14,18,26,Moderate,Severe,Severe
2,0,2,2,2,2,0,2,2,2,3,0,3,2,1,2,3,0,1,3,2,32,18,22,Extremely Severe,Severe,Moderate
1,3,2,0,1,1,1,1,2,3,2,0,2,1,0,2,1,1,1,0,0,22,14,14,Severe,Moderate,Normal
1,3,1,2,1,2,2,1,3,1,3,0,1,3,1,1,1,2,2,3,1,14,32,24,Moderate,Extremely Severe,Moderate
2,1,3,1,3,1,0,3,2,3,1,2,3,0,0,3,3,1,1,1,1,38,12,20,Extremely Severe,Moderate,Moderate
3,0,0,0,3,0,0,1,1,1,3,0,2,2,0,2,0,1,0,2,1,18,6,20,Moderate,Normal,Moderate
1,0,0,0,0,0,0,0,0,1,1,1,1,2,0,0,0,0,3,1,0,4,8,10,Normal,Mild,Normal
0,1,1,0,0,1,0,1,0,0,1,0,0,0,0,0,0,1,0,1,0,2,4,8,Normal,Normal,Normal
2,2,1,2,1,2,1,2,3,1,2,1,3,2,3,3,2,1,0,1,2,26,24,24,Severe,Extremely Severe,Moderate
2,3,1,2,1,2,2,2,2,1,3,3,3,3,0,1,3,2,0,2,1,22,22,34,Severe,Extremely Severe,Extremely Severe
1,0,0,0,0,1,0,0,0,0,0,0,1,1,0,1,0,1,0,0,0,4,0,8,Normal,Normal,Normal
3,2,2,3,2,2,3,3,3,3,3,3,3,3,3,3,3,3,2,3,3,38,38,40,Extremely Severe,Extremely Severe,Extremely Severe
3,3,3,3,3,0,1,3,3,3,3,3,1,3,3,3,3,1,3,3,3,38,38,32,Extremely Severe,Extremely Severe,Severe
1,1,0,0,2,2,1,3,1,0,2,3,2,1,2,0,1,1,0,3,0,10,16,26,Mild,Severe,Severe
0,0,0,0,1,0,0,0,1,0,1,0,0,0,0,0,0,0,0,0,0,2,2,2,Normal,Normal,Normal
3,1,3,0,2,2,0,3,1,2,3,0,3,3,0,2,1,3,0,0,1,28,4,34,Extremely Severe,Normal,Extremely Severe
3,2,1,2,2,1,0,1,2,2,3,1,2,2,1,2,1,3,1,2,1,22,20,28,Severe,Extremely Severe,Severe
0,0,0,0,1,1,0,2,1,1,1,0,3,1,0,0,1,0,0,0,1,14,2,10,Moderate,Normal,Normal
3,2,3,0,3,2,3,2,3,2,3,2,3,3,2,3,3,3,3,2,3,40,30,36,Extremely Severe,Extremely Severe,Extremely Severe
3,1,3,2,3,3,3,3,3,3,3,3,3,3,3,3,3,3,1,3,3,42,32,42,Extremely Severe,Extremely Severe,Extremely Severe
1,0,1,0,2,2,1,0,2,1,2,0,3,1,0,2,1,1,0,2,1,22,10,14,Severe,Moderate,Normal
1,0,0,1,0,1,2,0,1,0,1,0,1,1,0,0,0,0,3,1,0,2,16,8,Normal,Severe,Normal
3,2,1,1,3,3,2,3,3,2,3,3,3,3,2,3,2,2,1,1,3,34,24,40,Extremely Severe,Extremely Severe,Extremely Severe
2,3,2,2,3,2,2,3,3,2,3,2,3,3,2,3,2,2,2,3,3,36,34,34,Extremely Severe,Extremely Severe,Extremely Severe
3,0,3,1,2,1,0,1,2,0,3,3,2,0,0,2,2,2,2,0,1,24,10,26,Severe,Moderate,Severe
1,0,0,0,0,1,0,0,2,2,1,0,0,1,0,0,1,1,0,0,0,6,4,10,Normal,Normal,Normal
2,2,1,2,2,2,2,1,2,2,3,2,2,2,1,1,2,2,1,1,2,24,22,28,Severe,Extremely Severe,Severe
1,0,1,0,1,2,2,1,2,1,2,1,2,0,1,3,3,3,0,1,3,28,12,20,Extremely Severe,Moderate,Moderate
2,0,2,1,3,3,0,2,2,3,2,3,3,2,3,3,3,0,0,3,3,40,18,28,Extremely Severe,Severe,Severe
0,0,0,0,0,1,0,2,1,0,0,1,0,0,0,0,0,1,0,0,0,0,2,10,Normal,Normal,Normal
3,3,3,2,3,2,1,3,3,2,3,3,3,2,1,3,3,2,2,3,2,38,30,36,Extremely Severe,Extremely Severe,Extremely Severe
1,1,0,0,0,0,0,0,1,1,1,0,0,1,0,0,0,0,0,0,0,2,4,6,Normal,Normal,Normal
2,2,0,1,1,1,0,0,1,1,2,1,0,1,0,2,1,3,0,2,1,12,12,20,Mild,Moderate,Moderate
0,2,0,2,1,0,1,2,3,0,2,1,1,2,0,0,1,2,3,2,0,6,26,18,Normal,Extremely Severe,Mild
3,1,1,0,2,0,2,2,3,2,3,1,2,1,2,1,2,2,1,1,2,24,20,24,Severe,Extremely Severe,Moderate
2,1,1,0,1,1,0,0,1,0,2,1,1,0,0,0,1,0,0,2,0,8,8,12,Normal,Mild,Normal
1,2,0,2,1,1,2,1,1,1,1,1,1,3,0,1,1,1,0,1,1,12,16,18,Mild,Severe,Mild
1,2,1,1,2,2,0,1,3,2,3,1,2,0,1,2,3,1,0,1,1,26,16,18,Severe,Severe,Mild
2,3,1,2,2,1,2,3,2,2,3,3,2,2,1,1,1,3,2,2,1,20,28,34,Moderate,Extremely Severe,Extremely Severe
1,0,2,0,0,2,2,2,1,2,2,2,1,1,2,2,2,0,1,1,2,22,14,20,Severe,Moderate,Moderate
1,2,1,0,1,0,0,1,1,1,0,1,1,2,0,1,1,2,0,1,0,12,8,14,Mild,Mild,Normal
3,2,3,3,1,2,3,1,3,3,3,1,3,3,0,3,0,3,2,0,0,26,26,32,Severe,Extremely Severe,Severe
3,3,3,1,3,3,1,2,3,3,3,2,3,1,2,2,3,2,3,3,2,38,32,32,Extremely Severe,Extremely Severe,Severe
2,2,1,1,2,1,2,1,3,1,2,2,2,1,2,1,3,3,2,1,1,22,26,24,Severe,Extremely Severe,Moderate
1,1,0,0,1,1,0,1,3,0,3,0,0,3,0,1,1,0,0,1,0,6,10,18,Normal,Moderate,Mild
3,0,1,2,1,1,0,1,2,0,3,1,2,1,0,0,1,1,1,2,1,12,14,22,Mild,Moderate,Moderate
1,0,0,1,0,1,0,1,1,0,1,1,0,1,0,0,0,1,0,1,0,0,6,14,Normal,Normal,Normal
2,0,0,3,0,3,0,0,3,0,3,3,0,1,0,0,1,0,1,2,0,2,18,24,Normal,Severe,Moderate
2,0,2,2,2,2,2,1,1,2,2,2,2,1,2,2,3,2,2,2,2,30,22,24,Extremely Severe,Extremely Severe,Moderate
2,0,2,0,3,1,0,2,1,1,1,1,1,0,0,1,1,1,0,2,2,22,6,16,Severe,Normal,Mild
3,0,1,1,3,3,0,1,3,1,3,2,3,3,2,0,3,3,1,3,3,28,20,36,Extremely Severe,Extremely Severe,Extremely Severe
2,2,0,0,1,2,2,1,2,1,2,1,0,2,0,2,1,0,1,1,1,12,16,20,Mild,Severe,Moderate
3,3,2,2,3,3,2,3,3,3,3,2,3,2,3,3,3,3,1,3,3,40,34,38,Extremely Severe,Extremely Severe,Extremely Severe
2,0,1,0,0,1,0,1,1,0,2,1,1,3,1,1,0,1,1,1,1,8,8,22,Normal,Mild,Moderate
3,3,3,3,3,3,3,3,3,1,3,3,3,3,3,2,2,3,3,2,1,30,40,42,Extremely Severe,Extremely Severe,Extremely Severe
1,0,1,0,1,1,0,0,3,0,3,0,3,3,0,2,1,3,1,0,0,16,8,22,Moderate,Mild,Moderate
1,0,3,3,2,1,0,2,2,3,1,2,3,0,0,3,2,1,0,2,2,36,14,16,Extremely Severe,Moderate,Mild
1,0,0,0,1,0,1,0,1,1,1,0,0,1,0,0,1,1,3,0,0,6,10,8,Normal,Moderate,Normal
3,0,3,0,3,3,0,3,3,3,3,3,3,3,0,2,3,2,0,3,3,40,12,40,Extremely Severe,Moderate,Extremely Severe
2,1,2,1,3,0,1,2,2,3,2,1,3,3,0,3,3,0,1,2,3,40,16,20,Extremely Severe,Severe,Moderate
1,2,0,0,1,1,0,1,2,2,1,1,1,1,0,1,3,1,1,1,2,20,12,14,Moderate,Moderate,Normal
1,1,2,1,1,2,0,1,0,3,2,0,1,0,1,3,0,0,1,1,1,22,10,12,Severe,Moderate,Normal
2,1,1,2,1,1,0,3,2,2,2,1,2,0,0,2,1,2,0,2,1,20,14,22,Moderate,Moderate,Moderate
3,1,1,1,0,2,3,3,2,2,3,3,3,2,3,1,1,3,0,1,1,18,22,38,Moderate,Extremely Severe,Extremely Severe
1,0,0,0,1,0,0,1,1,1,1,1,1,1,0,1,3,1,0,0,2,18,2,12,Moderate,Normal,Normal
1,0,0,0,0,1,0,0,1,0,1,1,0,1,0,1,0,1,2,0,0,2,6,12,Normal,Normal,Normal
3,1,3,1,3,3,1,3,3,3,3,3,3,3,3,3,3,3,1,3,3,42,26,42,Extremely Severe,Extremely Severe,Extremely Severe
1,1,1,1,3,1,0,2,1,0,1,1,2,1,1,1,1,1,0,0,0,16,8,16,Moderate,Mild,Mild
3,1,1,0,2,3,0,2,2,1,3,1,2,3,0,2,3,0,0,1,3,28,8,30,Extremely Severe,Mild,Severe
0,0,0,0,0,0,0,0,0,0,0,0,0,0,0,0,0,0,0,0,1,2,0,0,Normal,Normal,Normal
1,0,0,0,1,2,1,2,1,1,2,2,1,3,0,0,0,0,0,1,1,8,6,24,Normal,Normal,Moderate
2,1,0,0,0,2,0,1,1,2,2,0,2,2,0,1,2,3,0,3,2,18,10,24,Moderate,Moderate,Moderate
2,0,1,2,1,1,1,1,2,3,2,1,1,3,0,2,3,2,1,1,3,28,14,24,Extremely Severe,Moderate,Moderate
2,0,0,0,1,1,0,0,0,0,1,0,2,1,0,0,2,1,1,0,2,14,2,12,Moderate,Normal,Normal
1,0,2,1,2,2,0,1,2,2,2,1,2,3,1,3,3,3,0,2,2,32,12,26,Extremely Severe,Moderate,Severe
1,3,1,1,0,0,0,0,1,0,2,1,1,3,0,2,0,1,2,1,1,10,16,16,Mild,Severe,Mild
2,0,1,0,1,1,0,3,0,1,1,1,1,2,0,0,0,1,0,0,0,8,0,22,Normal,Normal,Moderate
2,0,1,1,3,1,1,2,3,3,2,1,3,0,2,1,3,2,1,2,3,34,20,20,Extremely Severe,Extremely Severe,Moderate
0,0,1,0,2,0,0,1,0,1,1,0,1,0,0,3,3,2,0,0,1,24,0,8,Severe,Normal,Normal
2,3,2,0,3,2,0,1,1,3,3,0,3,3,2,3,3,3,1,0,2,38,14,28,Extremely Severe,Moderate,Severe
3,0,1,1,0,2,2,2,1,0,1,0,1,0,0,1,1,0,2,1,0,8,14,16,Normal,Moderate,Mild
1,1,1,0,2,1,1,1,2,1,1,2,3,1,0,1,1,0,1,1,1,20,12,14,Moderate,Moderate,Normal
3,3,1,0,1,1,1,2,2,2,3,1,3,1,1,3,3,1,1,2,3,32,20,24,Extremely Severe,Extremely Severe,Moderate
2,0,2,1,3,3,1,3,3,3,3,3,3,0,0,2,3,0,0,3,3,38,16,28,Extremely Severe,Severe,Severe
3,2,2,1,2,3,1,2,3,3,3,2,2,1,1,3,3,2,1,2,2,34,22,32,Extremely Severe,Extremely Severe,Severe
1,2,1,1,1,2,1,2,1,1,2,1,2,2,1,1,2,1,1,1,1,18,16,22,Moderate,Severe,Moderate
2,0,0,0,0,3,1,0,0,0,2,3,1,0,0,0,0,1,0,1,0,2,4,22,Normal,Normal,Moderate
1,0,0,0,0,0,0,1,1,0,1,0,1,1,0,0,2,2,0,1,0,6,4,12,Normal,Normal,Normal
1,1,0,1,1,1,1,1,0,1,2,0,1,0,3,0,0,3,0,0,0,6,12,16,Normal,Moderate,Mild
3,3,2,1,2,1,3,1,1,3,1,1,2,3,2,3,1,3,2,3,2,30,30,26,Extremely Severe,Extremely Severe,Severe
2,3,1,0,2,3,2,3,3,1,3,3,3,1,0,3,1,3,1,2,2,26,22,36,Severe,Extremely Severe,Extremely Severe
2,1,1,1,1,2,1,3,3,1,2,2,3,3,1,1,3,2,0,0,1,22,14,32,Severe,Moderate,Severe
0,3,0,2,2,0,1,1,3,1,0,2,1,1,2,1,3,3,3,2,3,22,32,14,Severe,Extremely Severe,Normal
1,1,0,0,0,0,0,0,0,0,1,0,0,2,0,0,0,0,0,0,0,0,2,8,Normal,Normal,Normal
2,1,1,0,2,1,0,1,0,1,1,0,2,3,0,0,1,1,0,0,2,18,2,18,Moderate,Normal,Mild
1,1,1,0,0,1,0,1,2,0,1,1,1,1,0,0,1,1,0,3,0,6,12,14,Normal,Moderate,Normal
2,0,1,3,1,3,3,2,3,1,3,2,2,1,2,1,0,2,3,3,1,14,34,30,Moderate,Extremely Severe,Severe
3,3,0,2,0,3,0,0,0,0,3,0,0,3,3,0,0,3,3,0,0,0,22,30,Normal,Extremely Severe,Severe
1,0,2,0,2,1,0,1,1,1,2,0,2,1,0,2,1,1,0,0,0,20,2,14,Moderate,Normal,Normal
0,0,0,0,0,0,0,1,2,1,0,0,0,1,0,1,0,1,0,1,1,6,6,6,Normal,Normal,Normal
2,0,3,3,3,3,2,3,3,3,2,3,3,3,3,1,3,3,3,2,2,36,32,38,Extremely Severe,Extremely Severe,Extremely Severe
1,0,0,0,3,0,0,3,0,0,1,2,1,1,0,0,0,1,2,0,0,8,4,18,Normal,Normal,Mild
2,0,1,0,1,1,0,3,3,0,1,0,2,0,0,0,0,2,0,1,1,10,8,18,Mild,Mild,Mild
3,1,0,0,1,2,1,1,1,2,2,0,2,1,2,0,1,3,0,2,2,16,14,24,Moderate,Moderate,Moderate
1,0,1,0,1,2,0,1,1,2,1,3,1,1,0,1,1,1,1,1,1,16,6,20,Moderate,Normal,Moderate
3,3,2,3,3,2,2,3,2,3,3,3,3,3,3,2,3,3,2,3,3,38,36,40,Extremely Severe,Extremely Severe,Extremely Severe
3,3,3,0,3,3,3,3,3,2,3,0,2,1,0,0,2,3,1,3,1,26,26,32,Severe,Extremely Severe,Severe
3,0,1,0,2,3,1,2,2,3,3,1,3,3,0,3,3,0,0,2,3,36,10,30,Extremely Severe,Moderate,Severe
1,3,2,3,1,2,0,1,1,1,2,2,3,2,0,1,1,0,2,1,2,22,20,20,Severe,Extremely Severe,Moderate
2,0,0,2,2,2,1,1,2,2,1,1,3,1,1,2,3,2,2,1,2,28,18,20,Extremely Severe,Severe,Moderate
2,3,1,2,2,2,2,2,2,2,1,2,2,2,2,3,2,2,1,2,2,28,28,26,Extremely Severe,Extremely Severe,Severe
0,1,0,2,1,1,0,1,1,1,0,0,1,1,0,1,0,1,0,1,0,8,10,8,Normal,Moderate,Normal
2,0,2,2,2,3,1,2,3,2,2,1,2,1,1,2,3,3,2,2,2,30,22,28,Extremely Severe,Extremely Severe,Severe
3,2,1,3,2,2,3,2,3,2,2,2,2,3,2,3,2,2,2,2,1,26,34,32,Severe,Extremely Severe,Severe
0,0,0,0,0,0,0,1,1,0,1,1,0,1,0,0,0,0,1,0,0,0,4,8,Normal,Normal,Normal
3,3,3,3,3,3,3,2,3,3,3,3,3,3,3,3,3,2,3,3,3,42,42,38,Extremely Severe,Extremely Severe,Extremely Severe
2,2,1,0,1,3,1,2,3,1,2,2,2,2,2,2,2,2,0,1,1,20,18,30,Moderate,Severe,Severe
3,3,2,1,3,3,3,1,3,2,3,3,3,3,0,3,3,3,2,2,3,38,28,38,Extremely Severe,Extremely Severe,Extremely Severe
2,2,1,1,2,1,2,2,1,1,2,2,2,2,1,2,1,1,2,2,1,20,22,24,Moderate,Extremely Severe,Moderate
3,3,3,1,3,3,3,3,3,3,3,3,3,3,3,2,3,3,1,3,3,40,34,42,Extremely Severe,Extremely Severe,Extremely Severe
0,0,0,0,2,1,0,1,0,0,1,1,1,0,0,0,0,1,0,1,0,6,2,10,Normal,Normal,Normal
1,1,1,2,2,2,0,0,3,3,3,3,3,2,0,1,3,3,1,3,2,30,20,28,Extremely Severe,Extremely Severe,Severe
1,0,1,0,2,1,0,0,1,0,1,0,1,1,0,0,1,0,0,0,0,10,2,8,Mild,Normal,Normal
0,1,0,1,2,1,0,1,1,0,1,1,3,1,0,0,0,3,0,0,1,12,6,16,Mild,Normal,Mild
2,1,2,1,3,1,1,2,2,3,2,3,2,3,1,2,1,2,1,2,3,32,18,30,Extremely Severe,Severe,Severe
1,3,3,1,2,2,1,1,1,3,2,1,3,1,2,3,3,1,1,0,3,40,18,18,Extremely Severe,Severe,Mild
1,0,3,0,3,1,1,3,2,3,2,1,3,2,0,3,3,1,0,0,3,42,6,22,Extremely Severe,Normal,Moderate
3,2,2,2,1,3,2,3,1,0,3,1,1,2,0,2,0,3,0,1,0,12,16,36,Mild,Severe,Extremely Severe
3,1,1,0,2,2,0,3,3,3,3,0,3,3,0,2,2,2,0,3,2,30,14,32,Extremely Severe,Moderate,Severe
3,1,3,2,1,3,0,3,3,0,3,2,1,3,0,3,3,0,2,0,3,28,16,34,Extremely Severe,Severe,Extremely Severe
1,0,1,1,0,0,1,1,1,0,1,1,1,2,0,0,1,1,0,0,0,6,6,14,Normal,Normal,Normal
3,3,1,3,1,0,0,0,1,3,2,0,3,0,0,2,0,3,1,3,0,20,22,16,Moderate,Extremely Severe,Mild
1,2,0,3,1,3,3,0,3,0,2,3,1,3,1,1,0,0,2,2,0,6,32,24,Normal,Extremely Severe,Moderate
1,0,2,0,1,1,1,2,2,1,0,0,2,1,0,3,1,0,0,0,2,24,6,10,Severe,Normal,Normal
1,1,1,2,0,1,1,1,1,0,2,1,1,2,0,1,1,0,2,0,0,8,14,16,Normal,Moderate,Mild
2,3,1,1,2,1,1,1,2,2,2,1,2,1,0,2,2,2,3,2,3,28,24,20,Extremely Severe,Extremely Severe,Moderate
3,1,3,3,3,3,2,3,3,3,3,3,3,3,1,1,3,3,2,3,3,38,30,42,Extremely Severe,Extremely Severe,Extremely Severe
2,1,1,0,1,1,2,0,3,0,3,1,2,2,1,1,3,0,2,0,0,16,18,18,Moderate,Severe,Mild
3,3,2,1,3,3,1,3,3,3,3,1,3,3,3,2,3,3,1,3,3,38,30,38,Extremely Severe,Extremely Severe,Extremely Severe
1,2,1,1,2,1,0,1,3,1,2,2,2,1,0,2,2,3,3,1,1,22,20,22,Severe,Extremely Severe,Moderate
1,1,3,2,2,0,0,2,2,1,1,2,3,1,1,2,2,0,1,1,1,28,16,14,Extremely Severe,Severe,Normal
3,3,2,3,3,3,3,1,3,3,3,2,3,2,2,3,2,1,2,3,3,38,38,30,Extremely Severe,Extremely Severe,Severe
1,0,1,0,0,1,1,1,1,0,1,1,3,2,0,1,0,1,1,0,0,10,6,16,Mild,Normal,Mild
2,3,2,2,2,3,2,2,3,3,2,1,1,3,2,2,2,1,0,2,2,28,28,28,Extremely Severe,Extremely Severe,Severe
3,1,3,3,3,2,3,3,3,3,3,3,3,1,3,3,3,2,3,3,3,42,38,34,Extremely Severe,Extremely Severe,Extremely Severe
2,2,1,0,1,0,1,0,1,1,1,0,2,1,0,1,1,2,0,0,1,16,8,12,Moderate,Mild,Normal
0,0,0,0,0,1,0,1,0,3,2,0,2,1,0,1,2,1,0,0,2,20,0,12,Moderate,Normal,Normal
3,0,1,0,2,2,0,1,1,2,3,0,2,0,0,1,2,0,3,1,2,24,10,18,Severe,Moderate,Mild
2,3,3,3,2,3,0,2,3,2,2,3,3,2,1,3,3,2,2,3,3,38,30,32,Extremely Severe,Extremely Severe,Severe
0,1,0,0,1,0,0,0,1,0,0,2,0,1,0,1,1,0,1,0,0,6,6,6,Normal,Normal,Normal
3,0,0,3,2,3,1,1,3,0,3,3,3,0,1,2,3,3,1,3,3,26,24,32,Severe,Extremely Severe,Severe
0,1,1,0,1,2,0,0,1,0,2,1,1,0,0,1,1,1,2,0,0,10,8,12,Mild,Mild,Normal
1,3,0,0,2,1,0,2,2,0,0,0,2,3,0,2,3,0,1,0,2,22,12,14,Severe,Moderate,Normal
2,0,1,1,1,1,1,0,1,1,2,0,2,1,1,1,0,1,0,1,1,14,10,14,Moderate,Moderate,Normal
1,1,1,1,1,1,0,0,1,1,1,1,1,1,0,0,1,1,0,0,0,10,6,12,Mild,Normal,Normal
1,0,0,0,1,1,0,0,0,1,0,1,0,2,0,0,0,0,0,0,0,4,0,10,Normal,Normal,Normal
1,0,0,0,2,1,1,1,2,1,2,2,2,2,0,1,3,1,3,2,3,24,16,20,Severe,Severe,Moderate
2,3,2,2,3,1,3,1,1,3,2,2,3,1,1,2,3,1,3,2,3,38,30,20,Extremely Severe,Extremely Severe,Moderate
1,0,0,1,1,1,2,1,2,0,1,2,1,1,2,1,1,3,1,2,0,8,20,20,Normal,Extremely Severe,Moderate
1,2,1,2,3,1,3,3,3,1,1,2,1,1,1,2,2,1,2,2,1,22,30,20,Severe,Extremely Severe,Moderate
2,2,1,1,2,2,1,2,2,2,2,2,2,1,1,2,2,1,1,1,2,26,18,24,Severe,Severe,Moderate
2,1,0,1,1,1,1,1,2,1,1,1,1,2,0,1,1,2,1,1,1,12,14,20,Mild,Moderate,Moderate
3,3,3,1,2,3,2,3,2,3,3,3,3,3,2,3,3,3,1,2,3,40,26,42,Extremely Severe,Extremely Severe,Extremely Severe
1,0,2,0,3,2,0,1,2,3,1,1,2,2,1,3,3,1,2,3,2,36,16,18,Extremely Severe,Severe,Mild
2,3,0,3,1,1,2,2,3,2,3,2,2,3,1,3,1,2,0,3,2,22,30,30,Severe,Extremely Severe,Severe
2,1,3,2,3,2,0,3,2,2,2,1,3,2,0,1,2,1,0,0,1,30,10,26,Extremely Severe,Moderate,Severe
2,1,1,0,2,2,0,1,0,3,2,2,2,2,1,0,3,3,1,2,3,28,10,28,Extremely Severe,Moderate,Severe
3,3,3,1,2,3,1,3,2,2,3,3,3,3,2,2,2,3,3,3,2,32,30,42,Extremely Severe,Extremely Severe,Extremely Severe
0,1,0,0,0,0,0,0,1,0,1,0,0,1,0,0,0,0,1,0,0,0,6,4,Normal,Normal,Normal
1,1,1,0,2,2,0,1,1,1,1,1,1,2,1,1,0,1,0,0,1,14,6,18,Moderate,Normal,Mild
0,1,0,0,0,0,0,1,1,1,1,0,0,3,0,1,2,0,0,0,1,10,4,10,Mild,Normal,Normal
1,2,3,3,3,1,2,1,3,3,2,2,3,1,1,3,3,3,2,2,3,42,30,22,Extremely Severe,Extremely Severe,Moderate
1,1,0,1,1,1,1,0,1,0,1,1,1,1,1,1,1,1,0,1,0,8,12,12,Normal,Moderate,Normal
1,0,0,0,0,1,0,1,1,0,1,1,0,1,0,1,1,1,1,0,0,4,4,14,Normal,Normal,Normal
3,1,3,3,3,3,3,3,3,3,3,3,3,3,3,3,3,1,3,3,3,42,38,38,Extremely Severe,Extremely Severe,Extremely Severe
3,1,1,0,1,3,0,3,2,2,2,2,2,2,1,1,2,3,0,2,2,22,12,36,Severe,Moderate,Extremely Severe
3,3,3,3,3,3,2,2,3,3,3,2,3,3,3,3,3,0,1,3,3,42,36,32,Extremely Severe,Extremely Severe,Severe
2,0,1,0,1,2,1,0,0,1,2,1,2,1,0,1,1,1,0,1,1,16,4,18,Moderate,Normal,Mild
1,0,0,0,1,2,0,3,0,1,3,1,1,3,0,0,2,0,0,1,1,12,2,26,Mild,Normal,Severe
1,0,1,1,1,2,1,1,1,2,3,1,2,2,1,3,2,3,1,3,2,26,16,26,Severe,Severe,Severe
3,0,3,0,3,3,0,3,3,3,3,3,3,1,1,1,3,3,3,3,3,38,20,38,Extremely Severe,Extremely Severe,Extremely Severe
0,1,0,0,1,0,0,0,0,0,0,1,0,1,0,0,0,0,0,0,0,2,2,4,Normal,Normal,Normal
1,0,1,1,2,1,2,1,3,1,3,1,3,1,1,3,1,1,1,0,0,22,16,18,Severe,Severe,Mild
0,3,1,0,1,1,0,0,0,1,1,0,1,0,0,1,1,1,0,0,1,14,6,6,Moderate,Normal,Normal
0,0,0,0,2,0,0,0,0,1,0,0,1,0,0,1,1,0,0,0,1,14,0,0,Moderate,Normal,Normal
2,1,2,2,3,3,3,3,3,3,3,2,3,2,1,3,1,1,2,3,1,32,30,32,Extremely Severe,Extremely Severe,Severe
3,2,3,2,2,2,2,2,2,3,3,2,3,2,3,3,3,3,2,3,3,40,32,34,Extremely Severe,Extremely Severe,Extremely Severe
1,3,0,3,2,3,2,2,3,0,2,3,1,3,0,0,1,3,3,2,0,8,32,34,Normal,Extremely Severe,Extremely Severe
3,0,1,3,2,3,0,2,3,1,3,2,2,1,1,1,2,3,0,3,2,22,20,34,Severe,Extremely Severe,Extremely Severe
0,1,1,2,2,1,2,1,1,2,0,2,3,1,0,1,2,0,1,2,2,26,18,10,Severe,Severe,Normal
0,1,0,0,1,0,0,0,0,1,1,0,1,0,0,1,0,1,0,0,1,10,2,4,Mild,Normal,Normal
3,3,2,2,2,2,1,2,2,3,2,2,1,2,1,3,3,2,3,3,2,32,30,30,Extremely Severe,Extremely Severe,Severe
0,0,0,0,1,1,0,0,0,0,0,0,0,0,0,0,0,0,0,0,0,2,0,2,Normal,Normal,Normal
1,2,1,0,1,1,1,1,2,2,2,2,2,1,0,1,2,2,1,2,2,22,16,20,Severe,Severe,Moderate
2,3,1,3,2,3,3,3,3,2,3,3,2,2,3,1,3,3,0,3,3,28,36,38,Extremely Severe,Extremely Severe,Extremely Severe
1,1,1,0,1,2,0,1,2,1,1,1,1,1,0,1,1,1,0,0,1,14,6,16,Moderate,Normal,Mild
0,2,3,1,1,1,1,2,2,2,0,1,2,2,2,2,1,1,0,0,1,24,16,14,Severe,Severe,Normal
3,3,3,1,3,3,1,3,3,3,3,3,3,3,3,3,3,3,3,3,3,42,34,42,Extremely Severe,Extremely Severe,Extremely Severe
0,2,1,0,1,2,0,0,0,0,1,1,0,2,0,1,2,2,0,0,1,12,4,16,Mild,Normal,Mild
3,2,1,1,3,3,1,1,3,2,3,3,3,1,2,3,1,2,0,2,3,32,22,32,Extremely Severe,Extremely Severe,Severe
1,2,1,1,1,1,0,2,1,2,2,1,2,1,1,1,1,1,1,1,1,18,14,18,Moderate,Moderate,Mild
0,0,0,0,0,0,1,1,3,0,0,2,0,3,1,1,0,0,1,2,0,2,16,12,Normal,Severe,Normal
3,3,3,3,3,3,2,3,3,3,3,3,3,3,3,3,3,3,3,3,3,42,40,42,Extremely Severe,Extremely Severe,Extremely Severe
3,1,1,1,3,3,0,2,1,3,3,3,2,3,1,2,2,3,0,1,1,28,10,40,Extremely Severe,Moderate,Extremely Severe
3,3,2,0,1,3,0,1,2,0,2,1,2,2,1,2,2,1,1,2,1,20,18,26,Moderate,Severe,Severe
1,0,1,3,1,1,0,3,2,0,1,3,2,1,1,0,1,2,1,2,1,12,18,24,Mild,Severe,Moderate
2,2,2,1,2,2,1,3,2,1,2,2,2,3,2,1,3,3,0,3,3,28,22,34,Extremely Severe,Extremely Severe,Extremely Severe
1,3,2,1,3,1,3,3,3,3,1,2,3,2,3,3,3,1,3,1,2,38,34,22,Extremely Severe,Extremely Severe,Moderate
0,1,0,0,1,0,0,1,1,1,1,1,1,1,1,1,1,1,0,0,0,10,6,10,Mild,Normal,Normal
1,3,1,0,2,2,0,1,3,3,3,0,3,3,1,2,2,3,0,2,0,26,18,26,Severe,Severe,Severe
1,0,1,1,1,0,0,2,3,1,2,1,1,1,0,1,1,1,1,2,1,14,14,16,Moderate,Moderate,Mild
0,0,0,1,0,0,0,0,0,0,1,0,0,0,0,1,1,1,0,0,0,4,2,4,Normal,Normal,Normal
0,0,0,0,0,0,0,0,0,0,0,0,0,1,0,0,1,1,0,0,0,2,0,4,Normal,Normal,Normal
3,2,1,1,1,1,0,1,3,2,3,2,3,1,0,0,3,1,0,1,1,22,14,24,Severe,Moderate,Moderate
3,0,3,0,3,3,0,0,2,3,3,2,3,0,1,3,3,3,0,3,3,42,12,28,Extremely Severe,Moderate,Severe
2,1,2,1,1,3,1,0,3,1,1,1,1,2,0,3,3,2,1,2,2,26,18,22,Severe,Severe,Moderate
2,0,1,0,0,1,0,1,2,3,2,0,3,0,0,2,1,2,0,3,1,22,10,16,Severe,Moderate,Mild
2,3,1,3,0,1,2,2,3,0,3,0,2,1,1,3,0,2,3,1,0,12,32,22,Mild,Extremely Severe,Moderate
2,1,1,1,2,1,0,0,0,2,0,0,2,1,0,1,1,2,0,0,1,20,4,12,Moderate,Normal,Normal
1,0,0,0,2,0,1,1,1,0,1,1,1,0,1,0,1,1,0,0,1,10,6,10,Mild,Normal,Normal
2,1,2,3,2,3,3,3,2,2,3,2,3,3,2,2,3,2,2,2,2,32,30,36,Extremely Severe,Extremely Severe,Extremely Severe
3,1,3,1,2,3,1,2,3,3,3,3,3,2,1,2,3,2,3,3,3,38,26,36,Extremely Severe,Extremely Severe,Extremely Severe
0,0,1,0,1,1,0,1,0,1,1,0,1,2,0,1,1,1,1,0,2,16,2,12,Moderate,Normal,Normal
1,1,1,1,1,1,1,1,1,1,1,1,1,1,1,1,1,1,1,1,1,14,14,14,Moderate,Moderate,Normal
0,1,3,1,3,0,2,0,0,2,0,0,2,1,0,3,2,0,3,0,0,30,14,2,Extremely Severe,Moderate,Normal
1,1,0,1,0,1,0,2,0,1,1,2,2,1,0,2,1,2,2,0,1,14,8,20,Moderate,Mild,Moderate
1,1,0,0,1,1,1,1,1,1,2,1,2,0,0,1,1,2,0,1,1,14,8,16,Moderate,Mild,Mild
2,0,1,1,2,2,0,0,1,2,1,2,1,0,1,1,3,2,1,0,2,24,8,18,Severe,Mild,Mild
2,1,3,1,3,3,2,3,3,1,3,2,1,3,1,3,1,2,1,3,1,26,24,36,Severe,Extremely Severe,Extremely Severe
3,3,3,3,3,3,2,3,3,3,3,3,3,1,2,3,3,2,1,3,3,42,34,36,Extremely Severe,Extremely Severe,Extremely Severe
1,3,1,2,1,0,0,1,1,1,1,2,1,0,1,1,1,1,1,0,1,14,16,12,Moderate,Severe,Normal
1,2,2,1,1,2,0,3,1,2,3,3,3,3,1,3,1,3,0,3,2,28,16,36,Extremely Severe,Severe,Extremely Severe
0,1,0,0,0,1,0,0,0,0,0,0,1,0,0,1,0,0,0,0,0,4,2,2,Normal,Normal,Normal
0,1,0,0,0,3,0,0,0,0,0,2,0,2,0,2,2,0,0,0,0,8,2,14,Normal,Normal,Normal
3,2,1,3,1,2,2,2,3,3,3,2,3,0,1,1,3,3,1,2,1,26,28,30,Severe,Extremely Severe,Severe
1,1,0,1,1,2,1,1,1,1,1,2,2,1,1,1,1,3,0,1,1,14,12,22,Moderate,Moderate,Moderate
3,1,3,3,3,2,3,3,3,3,3,3,3,3,2,0,3,3,1,3,3,36,32,40,Extremely Severe,Extremely Severe,Extremely Severe
3,2,1,0,3,3,0,2,3,3,3,0,1,3,0,3,3,3,0,1,3,34,12,34,Extremely Severe,Moderate,Extremely Severe
1,0,0,1,3,1,1,2,0,0,1,0,1,1,0,1,0,1,0,0,0,10,4,14,Mild,Normal,Normal
1,1,0,1,1,0,0,0,1,0,2,0,2,1,0,2,0,0,0,1,0,10,8,8,Mild,Mild,Normal
1,0,0,0,1,0,0,1,1,0,0,1,0,1,0,0,0,0,0,0,0,2,2,8,Normal,Normal,Normal
3,3,1,2,2,3,1,3,2,0,2,3,3,1,1,3,2,3,0,2,1,24,22,36,Severe,Extremely Severe,Extremely Severe
2,3,1,1,3,1,1,2,3,2,2,2,2,1,0,3,1,2,2,1,3,30,22,24,Extremely Severe,Extremely Severe,Moderate
3,1,2,0,3,3,2,0,1,2,2,1,1,3,1,2,2,1,0,1,3,30,12,26,Extremely Severe,Moderate,Severe
0,0,0,0,0,0,1,0,0,0,1,0,0,0,0,0,0,0,0,0,0,0,2,2,Normal,Normal,Normal
2,1,0,0,1,2,2,1,1,0,3,1,1,0,0,1,1,1,0,0,0,8,8,20,Normal,Mild,Moderate
3,3,1,3,2,2,1,1,3,3,3,1,3,3,3,2,3,3,1,3,0,28,34,32,Extremely Severe,Extremely Severe,Severe
1,1,0,0,1,1,0,0,0,1,2,0,0,3,0,2,1,0,0,1,1,12,4,14,Mild,Normal,Normal
2,1,1,2,1,1,2,1,2,2,2,1,1,1,2,1,2,2,1,2,2,20,24,20,Moderate,Extremely Severe,Moderate
3,2,2,2,2,3,3,2,2,3,3,3,3,2,2,2,3,2,3,2,3,36,32,36,Extremely Severe,Extremely Severe,Extremely Severe
2,2,0,0,2,2,2,1,0,1,2,0,2,3,1,3,1,0,1,1,2,22,14,20,Severe,Moderate,Moderate
1,1,1,2,1,1,1,1,1,3,1,2,1,1,0,1,3,1,1,2,2,24,16,16,Severe,Severe,Mild
0,3,1,2,3,0,0,1,1,3,2,1,3,1,1,3,3,0,1,3,2,36,22,10,Extremely Severe,Extremely Severe,Normal
0,2,0,0,0,0,0,2,2,2,1,2,2,2,0,0,1,0,0,2,1,12,12,14,Mild,Moderate,Normal
1,3,2,2,3,3,3,2,2,0,2,3,1,1,2,0,3,3,3,1,2,22,32,30,Severe,Extremely Severe,Severe
1,2,0,0,1,1,0,1,2,1,1,0,1,0,0,1,0,0,2,2,0,8,16,8,Normal,Severe,Normal
3,2,3,2,2,2,2,2,3,2,2,3,3,1,2,3,2,2,3,3,2,34,34,30,Extremely Severe,Extremely Severe,Severe
3,1,1,1,2,2,1,2,2,3,3,1,3,3,2,3,3,2,0,2,3,36,18,32,Extremely Severe,Severe,Severe
0,2,0,0,0,0,0,0,0,0,0,0,0,0,0,0,0,3,0,0,0,0,4,6,Normal,Normal,Normal
3,1,2,1,2,3,1,2,2,2,3,2,2,2,1,2,3,3,2,1,3,32,18,36,Extremely Severe,Severe,Extremely Severe
1,1,0,0,0,2,0,1,2,0,2,1,0,0,1,1,1,1,2,0,0,4,12,16,Normal,Moderate,Mild
1,1,1,2,1,2,0,1,1,1,2,1,1,1,0,1,1,2,0,0,2,16,8,20,Moderate,Mild,Moderate
2,0,1,1,2,2,1,3,2,3,2,2,2,1,0,3,1,2,2,0,1,26,12,28,Severe,Moderate,Severe
3,1,3,0,3,0,0,3,3,3,3,0,2,3,0,3,3,2,3,2,3,40,18,28,Extremely Severe,Severe,Severe
3,0,3,2,2,3,3,3,3,3,2,3,3,3,1,3,3,2,2,3,0,34,28,38,Extremely Severe,Extremely Severe,Extremely Severe
3,3,1,0,1,1,1,1,3,1,1,2,1,1,1,2,2,2,1,1,2,20,20,22,Moderate,Extremely Severe,Moderate
1,2,3,2,3,3,3,3,3,3,3,3,3,1,3,3,3,1,1,3,3,42,34,30,Extremely Severe,Extremely Severe,Severe
1,3,1,0,3,3,1,3,3,3,3,2,3,1,3,3,3,1,1,1,3,38,24,28,Extremely Severe,Extremely Severe,Severe
0,1,0,0,0,0,0,0,0,0,0,0,0,0,0,0,0,0,1,0,0,0,4,0,Normal,Normal,Normal
1,1,1,1,0,1,1,1,1,1,1,1,1,2,1,1,1,1,0,1,0,10,12,16,Mild,Moderate,Mild
2,2,3,2,2,3,3,2,1,3,2,2,3,3,2,3,2,2,3,3,3,38,32,32,Extremely Severe,Extremely Severe,Severe
1,1,2,3,3,3,1,2,3,3,3,2,2,3,1,3,2,3,1,3,3,36,26,34,Extremely Severe,Extremely Severe,Extremely Severe
0,0,0,0,0,3,0,0,0,0,0,0,1,1,0,0,0,1,0,0,0,2,0,10,Normal,Normal,Normal
0,0,0,1,2,1,0,0,0,0,1,0,0,0,1,0,0,0,0,0,0,4,4,4,Normal,Normal,Normal
2,1,1,1,3,1,1,1,1,3,3,1,3,1,0,1,3,3,0,2,3,34,12,24,Extremely Severe,Moderate,Moderate
3,0,1,0,1,3,0,1,1,2,3,2,1,1,0,3,2,3,3,1,1,22,10,32,Severe,Moderate,Severe
0,3,0,1,1,2,0,0,2,1,2,2,2,2,1,1,3,1,0,0,1,18,14,18,Moderate,Moderate,Mild
2,2,2,1,3,3,3,2,3,2,2,2,2,1,2,3,3,1,1,2,2,34,28,26,Extremely Severe,Extremely Severe,Severe
0,2,0,0,1,1,0,1,1,0,0,0,1,0,0,0,0,0,0,0,0,4,6,4,Normal,Normal,Normal
1,0,1,0,0,0,0,0,1,1,1,0,1,0,0,1,1,0,0,0,1,12,2,4,Mild,Normal,Normal
3,1,1,0,3,3,0,2,3,3,3,3,3,3,1,1,3,3,2,3,3,34,20,40,Extremely Severe,Extremely Severe,Extremely Severe
0,0,1,3,1,3,0,1,3,3,3,0,3,1,0,0,0,3,0,0,2,20,12,22,Moderate,Moderate,Moderate
3,3,2,2,3,3,2,3,3,2,3,3,3,3,3,3,3,3,3,3,3,38,38,42,Extremely Severe,Extremely Severe,Extremely Severe
3,1,2,0,2,1,1,2,2,1,3,2,3,2,1,2,2,1,1,3,2,28,18,28,Extremely Severe,Severe,Severe
0,1,0,1,1,2,0,1,0,3,3,2,3,2,3,3,3,3,2,2,2,30,18,26,Extremely Severe,Severe,Severe
1,0,1,0,0,1,0,1,0,1,2,0,2,0,0,1,1,0,0,0,0,12,0,10,Mild,Normal,Normal
2,3,2,3,2,3,2,3,3,1,3,3,3,3,1,2,1,3,0,3,1,24,30,40,Severe,Extremely Severe,Extremely Severe
1,0,1,0,1,1,0,0,1,2,1,0,2,1,0,2,2,1,0,0,2,24,2,10,Severe,Normal,Normal
1,0,0,0,2,0,0,2,1,2,1,0,0,0,2,1,1,0,2,2,0,12,14,8,Mild,Moderate,Normal
0,0,0,0,0,1,0,1,1,0,1,1,0,1,0,0,0,1,0,1,0,0,4,12,Normal,Normal,Normal
1,1,1,2,2,1,1,1,2,2,1,2,2,3,1,1,3,3,0,3,2,26,20,24,Severe,Extremely Severe,Moderate
2,0,2,0,2,2,0,3,1,2,2,0,2,0,0,2,2,1,0,0,1,26,2,20,Severe,Normal,Moderate
1,0,0,0,1,0,0,0,0,0,0,0,0,1,0,0,1,1,0,0,0,4,0,6,Normal,Normal,Normal
3,3,2,1,1,3,1,2,3,1,3,2,2,1,1,1,3,1,1,3,2,24,26,30,Severe,Extremely Severe,Severe
3,1,1,1,1,3,1,1,1,1,2,3,1,3,3,1,1,1,0,1,0,12,16,32,Mild,Severe,Severe
3,1,1,1,1,3,0,1,1,0,3,0,3,3,1,1,2,3,0,1,0,16,10,32,Moderate,Moderate,Severe
2,1,2,1,1,3,2,2,3,2,2,2,3,1,2,2,1,3,2,1,2,26,24,30,Severe,Extremely Severe,Severe
3,1,2,1,3,3,0,3,3,3,3,0,3,3,0,0,0,3,0,0,3,28,10,36,Extremely Severe,Moderate,Extremely Severe
1,0,2,0,1,1,0,1,0,0,1,2,3,1,0,2,2,1,3,2,1,22,10,16,Severe,Moderate,Mild
3,0,1,0,2,2,0,0,2,3,3,1,2,1,0,1,3,3,1,1,3,30,8,26,Extremely Severe,Mild,Severe
2,3,0,1,1,3,1,1,3,3,3,3,3,3,0,3,1,3,3,3,1,24,28,36,Severe,Extremely Severe,Extremely Severe
2,3,2,0,2,3,3,2,3,3,2,2,3,3,3,3,3,2,1,3,3,38,32,32,Extremely Severe,Extremely Severe,Severe
3,2,1,1,3,1,1,1,3,1,3,2,2,3,1,1,3,3,0,3,1,24,22,32,Severe,Extremely Severe,Severe
2,0,0,2,1,1,2,1,0,0,1,1,0,1,0,0,1,1,0,2,0,4,12,16,Normal,Moderate,Mild
3,3,2,3,3,3,3,3,2,3,3,2,3,3,3,3,3,3,2,3,3,40,38,40,Extremely Severe,Extremely Severe,Extremely Severe
3,3,1,3,3,1,1,1,3,3,3,3,3,1,1,3,3,3,1,1,3,38,26,30,Extremely Severe,Extremely Severe,Severe
3,3,2,3,0,2,1,1,3,3,3,0,3,2,0,2,1,3,0,1,3,28,22,28,Extremely Severe,Extremely Severe,Severe
3,2,2,0,3,2,2,2,3,3,3,0,3,3,1,3,3,3,0,2,3,40,20,32,Extremely Severe,Extremely Severe,Severe
0,1,0,0,1,0,0,2,2,1,1,1,1,0,0,2,0,0,0,2,0,10,10,8,Mild,Moderate,Normal
0,0,0,0,0,0,0,1,1,0,0,0,1,0,0,0,0,0,0,0,0,2,2,2,Normal,Normal,Normal
0,0,0,0,0,1,0,0,1,0,0,0,0,1,0,1,1,0,0,0,0,4,2,4,Normal,Normal,Normal
1,1,0,1,1,1,0,1,1,1,1,1,1,1,1,1,2,2,2,0,0,12,12,16,Mild,Moderate,Mild
1,0,0,0,0,0,0,0,0,0,1,0,0,0,0,0,1,0,0,1,0,2,2,4,Normal,Normal,Normal
0,2,1,1,3,2,0,2,0,3,1,0,1,0,2,2,1,3,0,0,1,24,10,16,Severe,Moderate,Mild
2,0,0,0,0,1,0,1,1,0,2,0,1,2,0,1,0,1,0,0,0,4,2,18,Normal,Normal,Mild
1,2,1,1,2,0,0,1,2,0,2,0,1,3,1,2,0,2,0,1,0,12,14,18,Mild,Moderate,Mild
1,1,1,2,1,2,2,1,3,2,2,2,3,0,2,2,3,1,3,1,3,30,28,18,Extremely Severe,Extremely Severe,Mild
1,2,1,1,3,1,0,1,1,1,2,3,3,1,0,1,0,1,1,0,0,18,10,20,Moderate,Moderate,Moderate
0,3,1,0,1,1,3,3,2,1,0,3,2,3,0,1,1,0,0,3,1,16,22,20,Moderate,Extremely Severe,Moderate
1,1,1,1,1,1,2,2,1,2,2,2,1,1,0,1,1,1,1,2,1,16,16,20,Moderate,Severe,Moderate
3,1,3,0,3,3,0,3,2,3,3,3,3,2,3,3,3,3,0,2,3,42,16,40,Extremely Severe,Severe,Extremely Severe
0,0,0,0,0,2,0,0,0,0,0,0,0,3,0,0,0,0,3,0,0,0,6,10,Normal,Normal,Normal
3,1,3,1,3,3,2,1,1,3,3,2,3,3,0,3,3,3,1,2,2,40,16,36,Extremely Severe,Severe,Extremely Severe
2,1,1,2,1,2,3,2,2,0,2,1,2,1,2,1,2,1,1,2,0,14,26,22,Moderate,Extremely Severe,Moderate
0,0,0,0,1,0,0,0,1,0,1,0,1,0,0,0,1,0,0,0,0,6,2,2,Normal,Normal,Normal
1,0,1,2,1,3,3,2,1,2,3,1,2,0,2,1,1,1,0,1,1,18,18,22,Moderate,Severe,Moderate
1,1,1,0,0,0,0,0,1,0,2,0,0,1,0,0,0,1,0,0,0,2,4,10,Normal,Normal,Normal
1,1,1,1,0,1,1,0,1,0,1,1,1,1,1,0,0,1,1,0,0,4,12,12,Normal,Moderate,Normal
1,2,1,0,1,0,0,2,0,1,2,0,1,0,0,3,1,0,2,0,1,18,8,10,Moderate,Mild,Normal
1,0,0,0,0,3,0,0,0,0,1,0,1,0,0,0,1,2,0,1,0,4,2,14,Normal,Normal,Normal
3,3,2,1,1,3,3,2,3,3,3,3,2,3,3,3,3,3,0,3,3,34,32,40,Extremely Severe,Extremely Severe,Extremely Severe
1,3,1,2,2,1,2,2,1,1,1,2,2,1,2,3,1,1,1,2,0,20,26,18,Moderate,Extremely Severe,Mild
1,0,0,0,1,1,0,2,2,1,1,1,1,1,1,0,0,1,2,1,1,8,12,16,Normal,Moderate,Mild
0,2,0,0,1,0,0,1,0,0,0,0,1,1,0,2,0,0,0,1,0,8,6,4,Normal,Normal,Normal
1,2,1,1,2,1,1,1,2,1,1,1,2,1,1,1,1,2,1,0,1,18,16,16,Moderate,Severe,Mild
2,1,1,2,2,3,2,2,2,2,3,2,2,1,1,3,1,3,1,1,1,24,20,32,Severe,Extremely Severe,Severe
1,0,2,1,0,0,2,1,1,2,0,0,1,1,0,0,2,2,0,0,2,18,8,10,Moderate,Mild,Normal
3,3,1,0,3,3,0,1,3,0,2,3,2,3,0,1,0,3,0,1,0,14,14,36,Moderate,Moderate,Extremely Severe
1,1,1,0,1,2,0,1,1,1,1,0,1,2,0,1,2,0,1,3,1,16,12,14,Moderate,Moderate,Normal
1,3,3,0,3,0,2,2,3,3,1,0,1,3,0,3,3,0,2,0,3,38,20,14,Extremely Severe,Extremely Severe,Normal
1,0,2,2,3,3,1,0,3,3,2,2,3,2,0,1,3,1,2,0,3,36,16,22,Extremely Severe,Severe,Moderate
3,1,1,1,2,2,1,3,3,2,3,3,3,3,1,1,1,2,0,0,2,24,14,38,Severe,Moderate,Extremely Severe
1,1,0,0,0,1,0,1,0,1,1,1,1,1,0,0,0,1,0,0,0,4,2,14,Normal,Normal,Normal
1,0,1,0,0,1,0,1,3,1,1,2,0,1,0,1,1,1,0,1,1,10,8,16,Mild,Mild,Mild
0,2,1,0,0,1,0,0,0,0,0,1,0,0,1,1,0,1,0,2,0,4,10,6,Normal,Moderate,Normal
0,0,0,2,0,1,0,1,2,0,1,2,0,2,0,0,0,0,1,2,0,0,14,14,Normal,Moderate,Normal
2,1,2,0,2,2,0,3,2,2,2,3,3,2,1,2,3,3,1,2,2,32,14,34,Extremely Severe,Moderate,Extremely Severe
0,2,0,0,1,1,3,1,1,0,3,0,1,2,0,0,0,1,0,0,0,4,12,16,Normal,Moderate,Mild
3,3,2,3,2,1,0,3,3,1,3,3,3,3,1,2,3,1,1,3,2,30,28,34,Extremely Severe,Extremely Severe,Extremely Severe
2,1,2,1,2,1,2,2,1,2,2,2,1,2,1,2,2,2,1,2,1,24,18,26,Severe,Severe,Severe
3,3,2,3,2,2,1,2,3,2,3,2,3,3,1,2,3,0,1,2,3,34,28,30,Extremely Severe,Extremely Severe,Severe
2,1,1,2,1,3,3,2,1,1,3,1,1,3,1,1,1,2,0,1,1,14,18,32,Moderate,Severe,Severe
1,1,0,0,1,1,0,0,0,0,1,1,0,0,0,1,1,0,3,0,0,6,8,8,Normal,Mild,Normal
1,1,1,0,1,1,0,1,2,1,1,1,2,1,0,2,1,1,1,1,1,18,10,14,Moderate,Moderate,Normal
2,3,2,2,2,1,3,1,3,1,1,3,2,3,3,2,3,1,3,3,2,28,40,24,Extremely Severe,Extremely Severe,Moderate
1,1,2,1,2,2,0,2,1,2,2,1,2,1,0,1,2,1,1,1,1,24,10,20,Severe,Moderate,Moderate
0,1,1,0,1,0,0,1,0,0,1,1,1,0,1,2,0,1,1,1,0,10,8,8,Mild,Mild,Normal
2,1,1,1,2,2,1,2,2,3,3,2,3,2,0,2,3,3,1,0,3,34,12,32,Extremely Severe,Moderate,Severe
0,0,2,0,3,0,0,0,0,3,0,0,3,0,0,3,1,0,0,0,2,34,0,0,Extremely Severe,Normal,Normal
3,1,1,3,2,3,2,3,3,3,3,3,3,2,2,2,3,3,1,2,3,34,28,40,Extremely Severe,Extremely Severe,Extremely Severe
0,0,0,0,1,0,0,1,0,2,0,0,2,0,0,0,0,0,0,0,1,12,0,2,Mild,Normal,Normal
2,0,1,0,2,2,1,2,1,1,1,1,3,1,1,3,2,1,0,1,2,28,8,20,Extremely Severe,Mild,Moderate
3,2,1,0,3,2,0,0,1,0,3,0,2,1,0,0,1,2,0,1,0,14,8,22,Moderate,Mild,Moderate
2,2,2,3,3,3,3,3,3,1,1,1,2,2,3,3,1,1,3,1,1,26,36,26,Severe,Extremely Severe,Severe
0,1,1,0,1,0,0,0,0,0,1,1,0,1,0,0,1,0,0,0,0,6,2,6,Normal,Normal,Normal
1,0,0,1,0,1,1,0,0,0,1,0,0,0,0,0,0,0,0,0,0,0,4,6,Normal,Normal,Normal
3,0,2,0,0,3,1,3,3,0,3,3,2,2,0,1,2,3,0,3,2,18,14,40,Moderate,Moderate,Extremely Severe
3,0,0,1,1,0,1,3,3,3,3,1,3,0,0,1,1,1,0,0,3,24,10,22,Severe,Moderate,Moderate
2,2,1,1,2,3,0,1,3,2,1,1,1,2,0,1,1,2,0,1,1,18,14,24,Moderate,Moderate,Moderate
1,1,1,1,1,1,1,3,2,2,1,2,2,2,0,3,2,1,1,1,1,24,14,22,Severe,Moderate,Moderate
3,1,3,1,3,3,2,2,3,2,3,1,3,3,2,2,2,3,1,2,2,34,24,36,Extremely Severe,Extremely Severe,Extremely Severe
3,3,3,3,3,3,1,3,3,3,3,3,3,3,1,3,3,3,3,3,3,42,34,42,Extremely Severe,Extremely Severe,Extremely Severe
2,0,1,1,3,2,2,2,3,1,2,1,2,2,0,2,2,1,1,3,1,24,20,24,Severe,Extremely Severe,Moderate
2,0,2,0,2,0,0,2,0,2,2,0,2,0,0,2,1,2,1,0,2,26,2,16,Severe,Normal,Mild
1,0,1,0,1,0,0,1,1,2,1,0,2,1,0,1,2,0,1,1,2,22,6,8,Severe,Normal,Normal
0,1,0,1,0,1,0,0,3,0,1,1,0,3,0,0,1,1,0,0,0,2,10,14,Normal,Moderate,Normal
2,1,1,1,3,1,2,3,3,1,2,2,3,1,2,3,3,1,2,1,3,34,24,24,Extremely Severe,Extremely Severe,Moderate
3,2,2,0,2,3,1,3,3,1,3,1,3,2,3,2,2,3,1,3,3,30,26,36,Extremely Severe,Extremely Severe,Extremely Severe
1,2,0,1,0,1,0,0,1,1,1,1,0,1,0,0,2,0,0,0,1,8,8,10,Normal,Mild,Normal
1,2,0,2,0,2,0,2,2,0,1,1,0,1,0,0,0,0,2,2,0,0,20,16,Normal,Extremely Severe,Mild
3,2,2,1,1,1,2,3,3,0,3,2,2,3,2,2,3,3,1,0,2,24,22,36,Severe,Extremely Severe,Extremely Severe
3,2,1,2,3,1,2,2,2,3,2,3,2,3,1,3,3,3,1,3,2,34,26,34,Extremely Severe,Extremely Severe,Extremely Severe
3,0,3,3,3,3,1,3,3,3,3,3,3,3,1,3,3,3,0,3,3,42,22,42,Extremely Severe,Extremely Severe,Extremely Severe
2,1,2,1,1,3,1,1,3,1,2,1,1,2,2,3,1,3,3,1,2,22,24,28,Severe,Extremely Severe,Severe
1,2,0,0,1,1,1,1,2,0,1,1,1,2,1,0,1,2,1,0,0,6,14,18,Normal,Moderate,Mild
3,1,1,0,2,2,0,0,1,0,2,2,1,2,1,1,0,3,1,0,0,10,8,28,Mild,Mild,Severe
2,3,0,1,1,2,0,1,1,2,2,1,1,2,2,1,1,2,1,1,2,16,18,24,Moderate,Severe,Moderate
3,1,2,0,2,2,1,3,3,2,3,3,3,0,0,2,3,3,0,3,3,34,16,34,Extremely Severe,Severe,Extremely Severe
3,1,3,0,3,1,0,2,1,3,3,2,3,1,1,3,3,3,0,2,2,40,10,30,Extremely Severe,Moderate,Severe
1,0,1,0,2,2,0,0,1,2,1,2,2,1,0,1,1,0,3,2,2,22,12,14,Severe,Moderate,Normal
1,0,1,0,2,1,3,3,3,3,3,3,3,0,3,0,3,3,2,3,3,30,28,28,Extremely Severe,Extremely Severe,Severe
1,1,1,0,1,0,0,1,1,0,2,1,0,3,0,0,1,0,0,2,0,6,8,16,Normal,Mild,Mild
0,0,0,0,0,0,0,0,1,0,0,0,0,1,0,0,0,1,0,0,0,0,2,4,Normal,Normal,Normal
2,1,1,1,1,2,2,1,2,1,2,1,2,2,1,1,2,2,2,2,1,18,22,24,Moderate,Extremely Severe,Moderate
2,3,1,1,1,1,0,1,2,1,3,0,1,2,1,2,3,1,1,2,1,20,20,20,Moderate,Extremely Severe,Moderate
1,2,1,0,3,1,1,2,2,2,1,0,1,1,1,2,3,1,0,2,2,28,16,14,Extremely Severe,Severe,Normal
2,3,2,2,2,1,1,3,2,2,3,2,3,3,0,3,2,1,3,2,2,32,26,30,Extremely Severe,Extremely Severe,Severe
2,1,3,1,2,1,1,1,2,3,2,2,2,3,2,3,3,1,3,1,3,38,22,24,Extremely Severe,Extremely Severe,Moderate
1,1,1,1,0,1,1,1,1,0,2,1,1,1,1,0,0,0,0,1,1,6,12,14,Normal,Moderate,Normal
1,2,1,1,2,1,1,1,1,3,0,1,1,0,0,2,1,1,1,2,1,22,16,10,Severe,Severe,Normal
2,1,1,1,2,2,2,3,3,2,3,3,3,1,2,2,3,3,3,2,3,32,28,34,Extremely Severe,Extremely Severe,Extremely Severe
2,3,1,2,1,2,0,2,0,2,2,1,3,2,1,2,0,0,0,2,1,20,16,22,Moderate,Severe,Moderate
1,2,0,1,1,1,0,1,2,1,1,1,3,0,0,3,3,1,0,0,0,22,10,12,Severe,Moderate,Normal
3,2,3,3,3,2,2,3,2,3,3,2,3,3,2,3,3,3,1,3,3,42,30,38,Extremely Severe,Extremely Severe,Extremely Severe
2,2,1,1,1,3,0,2,2,3,3,3,2,3,0,2,3,2,2,2,1,26,18,36,Severe,Severe,Extremely Severe
1,0,0,0,1,0,0,0,0,1,0,0,0,0,0,0,0,0,0,0,0,4,0,2,Normal,Normal,Normal
3,2,3,0,3,2,1,2,1,3,2,2,3,0,0,3,3,2,1,1,3,42,12,26,Extremely Severe,Moderate,Severe
2,1,2,1,3,2,0,2,2,3,3,2,3,2,1,3,3,3,0,2,3,40,14,32,Extremely Severe,Moderate,Severe
1,1,1,1,0,2,1,1,1,1,2,2,2,1,2,0,1,1,3,2,2,14,22,20,Moderate,Extremely Severe,Moderate
2,2,0,2,1,2,2,3,3,2,3,3,3,1,1,0,3,1,2,3,2,22,30,30,Severe,Extremely Severe,Severe
2,3,1,0,1,3,0,0,0,2,3,2,3,3,0,1,3,3,3,2,3,28,16,32,Extremely Severe,Severe,Severe
3,2,3,2,2,3,1,3,3,3,3,1,3,3,1,3,3,3,1,2,3,40,24,38,Extremely Severe,Extremely Severe,Extremely Severe
3,3,3,3,3,3,3,3,2,3,3,3,3,3,2,3,3,2,3,3,3,42,38,40,Extremely Severe,Extremely Severe,Extremely Severe
3,3,1,0,3,3,1,1,2,3,3,2,3,3,2,2,3,3,1,3,3,36,24,36,Extremely Severe,Extremely Severe,Extremely Severe
3,2,1,2,2,2,1,3,3,2,2,2,3,2,1,2,2,2,1,2,3,30,24,32,Extremely Severe,Extremely Severe,Severe
1,2,1,1,1,2,0,2,2,1,2,2,1,2,0,1,1,2,1,1,0,12,14,26,Mild,Moderate,Severe
2,2,1,0,1,1,3,3,2,1,2,2,2,2,1,1,2,0,0,3,1,18,22,24,Moderate,Extremely Severe,Moderate
1,3,1,0,1,3,3,2,2,2,1,2,1,0,3,2,1,3,2,2,1,18,30,24,Moderate,Extremely Severe,Moderate
0,0,1,0,1,0,0,0,0,3,2,0,3,0,0,2,0,0,0,0,3,26,0,4,Severe,Normal,Normal
2,0,2,1,1,3,0,2,1,1,2,1,3,1,0,3,3,0,1,1,3,32,8,22,Extremely Severe,Mild,Moderate
2,3,1,0,1,1,0,1,1,3,3,1,1,0,0,3,3,1,0,0,1,26,8,18,Severe,Mild,Mild
3,3,3,3,3,3,3,3,0,3,3,3,3,3,3,3,3,2,3,3,3,42,36,40,Extremely Severe,Extremely Severe,Extremely Severe
2,1,3,1,3,3,1,3,3,3,2,3,3,2,1,3,3,2,1,3,3,42,22,34,Extremely Severe,Extremely Severe,Extremely Severe
3,0,3,0,3,3,0,3,1,3,3,3,3,3,0,3,3,3,0,3,3,42,8,42,Extremely Severe,Mild,Extremely Severe
1,2,0,1,0,0,1,1,1,1,1,2,1,1,0,0,1,0,0,3,0,6,16,12,Normal,Severe,Normal
1,1,1,0,2,0,0,2,2,0,1,0,1,3,0,3,2,0,0,1,2,22,8,14,Severe,Mild,Normal
2,2,0,2,0,2,1,2,2,2,3,1,2,3,0,1,2,2,1,1,1,16,18,30,Moderate,Severe,Severe
3,3,3,1,1,3,1,1,1,1,3,1,3,1,2,3,3,3,0,2,1,30,20,30,Extremely Severe,Extremely Severe,Severe
3,2,3,2,3,3,2,3,2,3,3,3,3,3,3,3,3,1,2,3,3,42,32,38,Extremely Severe,Extremely Severe,Extremely Severe
2,0,1,1,1,0,0,3,2,2,1,2,2,2,3,1,0,1,0,1,1,16,14,22,Moderate,Moderate,Moderate
1,0,0,0,0,1,0,0,0,0,0,0,0,1,0,0,0,1,0,0,0,0,0,8,Normal,Normal,Normal
1,1,2,0,1,2,0,2,0,1,2,2,2,3,1,1,3,1,0,1,2,24,6,26,Severe,Normal,Severe
2,1,3,1,3,1,1,1,1,2,1,0,2,1,1,3,1,1,3,1,2,32,18,14,Extremely Severe,Severe,Normal
1,0,1,1,3,1,1,1,2,2,2,1,3,1,1,2,3,0,0,0,2,32,10,14,Extremely Severe,Moderate,Normal
1,0,2,0,1,1,0,2,2,1,2,1,2,3,0,2,2,2,3,3,2,24,16,24,Severe,Severe,Moderate
0,1,0,0,0,1,0,0,0,0,0,0,0,0,0,0,0,0,0,0,0,0,2,2,Normal,Normal,Normal
0,0,1,1,3,1,2,3,2,3,1,1,3,0,2,3,2,1,0,3,3,36,20,14,Extremely Severe,Extremely Severe,Normal
2,2,1,3,3,2,2,3,3,1,2,3,3,3,3,2,1,1,2,3,1,24,36,32,Severe,Extremely Severe,Severe
1,1,0,1,0,1,0,0,3,0,1,1,0,1,0,0,0,1,0,1,1,2,12,12,Normal,Moderate,Normal
3,1,2,3,1,1,3,3,3,0,1,3,1,0,1,1,3,3,2,3,1,18,32,28,Moderate,Extremely Severe,Severe
2,3,2,0,2,2,1,2,3,2,2,1,2,2,0,2,2,1,2,2,2,28,22,24,Extremely Severe,Extremely Severe,Moderate
3,2,1,0,1,1,1,1,1,1,2,0,1,2,1,1,3,0,0,1,2,20,12,18,Moderate,Moderate,Mild
1,0,1,0,0,1,0,1,1,1,2,0,2,2,0,2,1,2,0,0,0,14,2,18,Moderate,Normal,Mild
2,1,0,1,0,3,0,1,2,1,0,1,1,1,0,0,0,0,0,1,3,10,10,16,Mild,Moderate,Mild
2,0,1,1,2,2,2,2,3,3,2,2,2,1,1,2,3,2,3,1,2,30,22,26,Extremely Severe,Extremely Severe,Severe
1,0,0,0,1,1,0,0,1,0,1,0,2,0,0,0,0,0,0,1,0,6,4,6,Normal,Normal,Normal
2,3,1,2,2,1,1,3,1,1,2,2,3,1,1,1,2,3,2,2,2,24,24,28,Severe,Extremely Severe,Severe
1,0,1,1,3,1,0,2,1,2,1,2,2,1,2,2,3,1,0,1,2,30,10,18,Extremely Severe,Moderate,Mild
0,2,0,2,1,1,3,1,2,0,1,1,1,3,2,3,0,2,3,2,0,10,32,18,Mild,Extremely Severe,Mild
2,1,0,2,2,2,1,1,2,1,2,1,2,2,1,1,2,2,1,2,1,18,20,24,Moderate,Extremely Severe,Moderate
1,1,1,1,1,1,1,1,1,1,1,1,1,1,0,1,1,1,1,1,1,14,12,14,Moderate,Moderate,Normal
3,0,3,1,3,3,1,3,3,3,3,3,3,3,2,3,3,3,1,2,3,42,20,42,Extremely Severe,Extremely Severe,Extremely Severe
2,3,2,1,1,1,1,1,3,1,2,1,1,3,1,2,1,1,1,1,1,18,22,22,Moderate,Extremely Severe,Moderate
2,2,3,0,2,3,1,2,3,3,3,3,3,2,0,1,3,0,3,2,3,36,22,30,Extremely Severe,Extremely Severe,Severe
2,3,2,1,2,3,0,1,3,3,3,3,3,1,1,3,3,2,0,3,3,38,22,30,Extremely Severe,Extremely Severe,Severe
